solid OpenSCAD_Model
  facet normal -1 0 0
    outer loop
      vertex 13.242826086956521 15.439565217391305 0
      vertex 13.242826086956521 16.874347826086957 0.8
      vertex 13.242826086956521 16.874347826086957 0
    endloop
  endfacet
  facet normal -1 0 0
    outer loop
      vertex 13.242826086956521 15.439565217391305 0
      vertex 13.242826086956521 15.439565217391305 0.8
      vertex 13.242826086956521 16.874347826086957 0.8
    endloop
  endfacet
  facet normal 0 1 0
    outer loop
      vertex 9.895 15.439565217391305 0
      vertex 13.242826086956521 15.439565217391305 0.8
      vertex 13.242826086956521 15.439565217391305 0
    endloop
  endfacet
  facet normal 0 1 0
    outer loop
      vertex 9.895 15.439565217391305 0
      vertex 9.895 15.439565217391305 0.8
      vertex 13.242826086956521 15.439565217391305 0.8
    endloop
  endfacet
  facet normal -1 0 0
    outer loop
      vertex 9.895 14.004782608695653 0
      vertex 9.895 15.439565217391305 0.8
      vertex 9.895 15.439565217391305 0
    endloop
  endfacet
  facet normal -1 0 0
    outer loop
      vertex 9.895 14.004782608695653 0
      vertex 9.895 14.004782608695653 0.8
      vertex 9.895 15.439565217391305 0.8
    endloop
  endfacet
  facet normal 0 -1 0
    outer loop
      vertex 13.242826086956521 14.004782608695653 0
      vertex 9.895 14.004782608695653 0.8
      vertex 9.895 14.004782608695653 0
    endloop
  endfacet
  facet normal 0 -1 0
    outer loop
      vertex 13.242826086956521 14.004782608695653 0
      vertex 13.242826086956521 14.004782608695653 0.8
      vertex 9.895 14.004782608695653 0.8
    endloop
  endfacet
  facet normal -1 0 0
    outer loop
      vertex 13.242826086956521 12.091739130434783 0
      vertex 13.242826086956521 14.004782608695653 0.8
      vertex 13.242826086956521 14.004782608695653 0
    endloop
  endfacet
  facet normal -1 0 0
    outer loop
      vertex 13.242826086956521 12.091739130434783 0
      vertex 13.242826086956521 12.091739130434783 0.8
      vertex 13.242826086956521 14.004782608695653 0.8
    endloop
  endfacet
  facet normal 0 1 0
    outer loop
      vertex 9.895 12.091739130434783 0
      vertex 13.242826086956521 12.091739130434783 0.8
      vertex 13.242826086956521 12.091739130434783 0
    endloop
  endfacet
  facet normal 0 1 0
    outer loop
      vertex 9.895 12.091739130434783 0
      vertex 9.895 12.091739130434783 0.8
      vertex 13.242826086956521 12.091739130434783 0.8
    endloop
  endfacet
  facet normal -1 0 0
    outer loop
      vertex 9.895 9.222173913043479 0
      vertex 9.895 12.091739130434783 0.8
      vertex 9.895 12.091739130434783 0
    endloop
  endfacet
  facet normal -1 0 0
    outer loop
      vertex 9.895 9.222173913043479 0
      vertex 9.895 9.222173913043479 0.8
      vertex 9.895 12.091739130434783 0.8
    endloop
  endfacet
  facet normal 0 -1 0
    outer loop
      vertex 13.242826086956521 9.222173913043479 0
      vertex 9.895 9.222173913043479 0.8
      vertex 9.895 9.222173913043479 0
    endloop
  endfacet
  facet normal 0 -1 0
    outer loop
      vertex 13.242826086956521 9.222173913043479 0
      vertex 13.242826086956521 9.222173913043479 0.8
      vertex 9.895 9.222173913043479 0.8
    endloop
  endfacet
  facet normal -1 0 0
    outer loop
      vertex 13.242826086956521 8.265652173913043 0
      vertex 13.242826086956521 9.222173913043479 0.8
      vertex 13.242826086956521 9.222173913043479 0
    endloop
  endfacet
  facet normal -1 0 0
    outer loop
      vertex 13.242826086956521 8.265652173913043 0
      vertex 13.242826086956521 8.265652173913043 0.8
      vertex 13.242826086956521 9.222173913043479 0.8
    endloop
  endfacet
  facet normal 0 1 0
    outer loop
      vertex 9.895 8.265652173913043 0
      vertex 13.242826086956521 8.265652173913043 0.8
      vertex 13.242826086956521 8.265652173913043 0
    endloop
  endfacet
  facet normal 0 1 0
    outer loop
      vertex 9.895 8.265652173913043 0
      vertex 9.895 8.265652173913043 0.8
      vertex 13.242826086956521 8.265652173913043 0.8
    endloop
  endfacet
  facet normal -1 0 0
    outer loop
      vertex 9.895 5.874347826086956 0
      vertex 9.895 8.265652173913043 0.8
      vertex 9.895 8.265652173913043 0
    endloop
  endfacet
  facet normal -1 0 0
    outer loop
      vertex 9.895 5.874347826086956 0
      vertex 9.895 5.874347826086956 0.8
      vertex 9.895 8.265652173913043 0.8
    endloop
  endfacet
  facet normal 0 -1 0
    outer loop
      vertex 13.242826086956521 5.874347826086956 0
      vertex 9.895 5.874347826086956 0.8
      vertex 9.895 5.874347826086956 0
    endloop
  endfacet
  facet normal 0 -1 0
    outer loop
      vertex 13.242826086956521 5.874347826086956 0
      vertex 13.242826086956521 5.874347826086956 0.8
      vertex 9.895 5.874347826086956 0.8
    endloop
  endfacet
  facet normal -1 0 0
    outer loop
      vertex 13.242826086956521 4.439565217391305 0
      vertex 13.242826086956521 5.874347826086956 0.8
      vertex 13.242826086956521 5.874347826086956 0
    endloop
  endfacet
  facet normal -1 0 0
    outer loop
      vertex 13.242826086956521 4.439565217391305 0
      vertex 13.242826086956521 4.439565217391305 0.8
      vertex 13.242826086956521 5.874347826086956 0.8
    endloop
  endfacet
  facet normal 0 -1 0
    outer loop
      vertex 23.764565217391304 4.439565217391305 0
      vertex 13.242826086956521 4.439565217391305 0.8
      vertex 13.242826086956521 4.439565217391305 0
    endloop
  endfacet
  facet normal 0 -1 0
    outer loop
      vertex 23.764565217391304 4.439565217391305 0
      vertex 23.764565217391304 4.439565217391305 0.8
      vertex 13.242826086956521 4.439565217391305 0.8
    endloop
  endfacet
  facet normal 0.039259816453653146 -0.9992290362134326 -7.895125987386728e-19
    outer loop
      vertex 24.40247177944235 4.464628634919292 0
      vertex 23.764565217391304 4.439565217391305 0.8
      vertex 23.764565217391304 4.439565217391305 0
    endloop
  endfacet
  facet normal 0.039259816453653146 -0.9992290362134326 0
    outer loop
      vertex 24.40247177944235 4.464628634919292 0
      vertex 24.40247177944235 4.464628634919292 0.8
      vertex 23.764565217391304 4.439565217391305 0.8
    endloop
  endfacet
  facet normal 0.11753739587092421 -0.9930684571427498 2.4348122517576265e-18
    outer loop
      vertex 25.036445432668145 4.5396643605180405 0
      vertex 24.40247177944235 4.464628634919292 0.8
      vertex 24.40247177944235 4.464628634919292 0
    endloop
  endfacet
  facet normal 0.11753739587092421 -0.9930684571427498 0
    outer loop
      vertex 25.036445432668145 4.5396643605180405 0
      vertex 25.036445432668145 4.5396643605180405 0.8
      vertex 24.40247177944235 4.464628634919292 0.8
    endloop
  endfacet
  facet normal 0.19509032478919042 -0.9807852798516341 -8.03820266779632e-18
    outer loop
      vertex 25.66257752377054 4.664209778891958 0
      vertex 25.036445432668145 4.5396643605180405 0.8
      vertex 25.036445432668145 4.5396643605180405 0
    endloop
  endfacet
  facet normal 0.19509032478919042 -0.9807852798516341 0
    outer loop
      vertex 25.66257752377054 4.664209778891958 0
      vertex 25.66257752377054 4.664209778891958 0.8
      vertex 25.036445432668145 4.5396643605180405 0.8
    endloop
  endfacet
  facet normal 0.2714404479439819 -0.9624552369954513 -7.925216093083801e-18
    outer loop
      vertex 26.27700773590285 4.837497019275375 0
      vertex 25.66257752377054 4.664209778891958 0.8
      vertex 25.66257752377054 4.664209778891958 0
    endloop
  endfacet
  facet normal 0.2714404479439819 -0.9624552369954513 0
    outer loop
      vertex 26.27700773590285 4.837497019275375 0
      vertex 26.27700773590285 4.837497019275375 0.8
      vertex 25.66257752377054 4.664209778891958 0.8
    endloop
  endfacet
  facet normal 0.3461170554952013 -0.9381913365062224 2.1232583026814297e-17
    outer loop
      vertex 26.87594790590846 5.058457712466303 0
      vertex 26.27700773590285 4.837497019275375 0.8
      vertex 26.27700773590285 4.837497019275375 0
    endloop
  endfacet
  facet normal 0.3461170554952013 -0.9381913365062224 0
    outer loop
      vertex 26.87594790590846 5.058457712466303 0
      vertex 26.87594790590846 5.058457712466303 0.8
      vertex 26.27700773590285 4.837497019275375 0.8
    endloop
  endfacet
  facet normal 0.4186597401135432 -0.9081431726374759 2.6456584026418936e-18
    outer loop
      vertex 27.455705367637716 5.325729565153951 0
      vertex 26.87594790590846 5.058457712466303 0.8
      vertex 26.87594790590846 5.058457712466303 0
    endloop
  endfacet
  facet normal 0.4186597401135432 -0.9081431726374759 0
    outer loop
      vertex 27.455705367637716 5.325729565153951 0
      vertex 27.455705367637716 5.325729565153951 0.8
      vertex 26.87594790590846 5.058457712466303 0.8
    endloop
  endfacet
  facet normal 0.4886212416810557 -0.8724960069696955 0
    outer loop
      vertex 28.012705721570097 5.6376647515400595 0
      vertex 27.455705367637716 5.325729565153951 0.8
      vertex 27.455705367637716 5.325729565153951 0
    endloop
  endfacet
  facet normal 0.4886212416810557 -0.8724960069696955 0
    outer loop
      vertex 28.012705721570097 5.6376647515400595 0
      vertex 28.012705721570097 5.6376647515400595 0.8
      vertex 27.455705367637716 5.325729565153951 0.8
    endloop
  endfacet
  facet normal 0.5555702328323601 -0.8314696124276565 4.634412282891106e-18
    outer loop
      vertex 28.54351487751888 5.992340090184108 0
      vertex 28.012705721570097 5.6376647515400595 0.8
      vertex 28.012705721570097 5.6376647515400595 0
    endloop
  endfacet
  facet normal 0.5555702328323601 -0.8314696124276565 0
    outer loop
      vertex 28.54351487751888 5.992340090184108 0
      vertex 28.54351487751888 5.992340090184108 0.8
      vertex 28.012705721570097 5.6376647515400595 0.8
    endloop
  endfacet
  facet normal 0.6190939472938182 -0.7853169324700436 2.2445731594899782e-17
    outer loop
      vertex 29.04486022075881 6.38756888848284 0
      vertex 28.54351487751888 5.992340090184108 0.8
      vertex 28.54351487751888 5.992340090184108 0
    endloop
  endfacet
  facet normal 0.6190939472938182 -0.7853169324700436 0
    outer loop
      vertex 29.04486022075881 6.38756888848284 0
      vertex 29.04486022075881 6.38756888848284 0.8
      vertex 28.54351487751888 5.992340090184108 0.8
    endloop
  endfacet
  facet normal 0.67880074455037 -0.7343225103439657 -7.594424436772513e-18
    outer loop
      vertex 29.513650787550468 6.820914429840834 0
      vertex 29.04486022075881 6.38756888848284 0.8
      vertex 29.04486022075881 6.38756888848284 0
    endloop
  endfacet
  facet normal 0.67880074455037 -0.7343225103439657 0
    outer loop
      vertex 29.513650787550468 6.820914429840834 0
      vertex 29.513650787550468 6.820914429840834 0.8
      vertex 29.04486022075881 6.38756888848284 0.8
    endloop
  endfacet
  facet normal 0.7343225103439668 -0.6788007445503685 -2.204425128039912e-17
    outer loop
      vertex 29.94699632890846 7.289704996632493 0
      vertex 29.513650787550468 6.820914429840834 0.8
      vertex 29.513650787550468 6.820914429840834 0
    endloop
  endfacet
  facet normal 0.7343225103439668 -0.6788007445503685 0
    outer loop
      vertex 29.94699632890846 7.289704996632493 0
      vertex 29.94699632890846 7.289704996632493 0.8
      vertex 29.513650787550468 6.820914429840834 0.8
    endloop
  endfacet
  facet normal 0.7853169324700415 -0.6190939472938207 -2.4881392222299103e-17
    outer loop
      vertex 30.342225127207197 7.791050339872423 0
      vertex 29.94699632890846 7.289704996632493 0.8
      vertex 29.94699632890846 7.289704996632493 0
    endloop
  endfacet
  facet normal 0.7853169324700415 -0.6190939472938207 0
    outer loop
      vertex 30.342225127207197 7.791050339872423 0
      vertex 30.342225127207197 7.791050339872423 0.8
      vertex 29.94699632890846 7.289704996632493 0.8
    endloop
  endfacet
  facet normal 0.8314696124276572 -0.5555702328323587 -1.283224502756716e-17
    outer loop
      vertex 30.696900465851243 8.321859495821206 0
      vertex 30.342225127207197 7.791050339872423 0.8
      vertex 30.342225127207197 7.791050339872423 0
    endloop
  endfacet
  facet normal 0.8314696124276572 -0.5555702328323587 0
    outer loop
      vertex 30.696900465851243 8.321859495821206 0
      vertex 30.696900465851243 8.321859495821206 0.8
      vertex 30.342225127207197 7.791050339872423 0.8
    endloop
  endfacet
  facet normal 0.8724960069696955 -0.4886212416810557 0
    outer loop
      vertex 31.00883565223735 8.878859849753587 0
      vertex 30.696900465851243 8.321859495821206 0.8
      vertex 30.696900465851243 8.321859495821206 0
    endloop
  endfacet
  facet normal 0.8724960069696955 -0.4886212416810557 0
    outer loop
      vertex 31.00883565223735 8.878859849753587 0
      vertex 31.00883565223735 8.878859849753587 0.8
      vertex 30.696900465851243 8.321859495821206 0.8
    endloop
  endfacet
  facet normal 0.9081431726374759 -0.4186597401135433 -1.5960409841399082e-17
    outer loop
      vertex 31.276107504925 9.458617311482843 0
      vertex 31.00883565223735 8.878859849753587 0.8
      vertex 31.00883565223735 8.878859849753587 0
    endloop
  endfacet
  facet normal 0.9081431726374759 -0.4186597401135433 0
    outer loop
      vertex 31.276107504925 9.458617311482843 0
      vertex 31.276107504925 9.458617311482843 0.8
      vertex 31.00883565223735 8.878859849753587 0.8
    endloop
  endfacet
  facet normal 0.9381913365062219 -0.34611705549520244 -2.408740481878505e-17
    outer loop
      vertex 31.49706819811593 10.057557481488455 0
      vertex 31.276107504925 9.458617311482843 0.8
      vertex 31.276107504925 9.458617311482843 0
    endloop
  endfacet
  facet normal 0.9381913365062219 -0.34611705549520244 0
    outer loop
      vertex 31.49706819811593 10.057557481488455 0
      vertex 31.49706819811593 10.057557481488455 0.8
      vertex 31.276107504925 9.458617311482843 0.8
    endloop
  endfacet
  facet normal 0.9624552369954503 -0.2714404479439858 -8.724083659049414e-18
    outer loop
      vertex 31.67035543849935 10.671987693620764 0
      vertex 31.49706819811593 10.057557481488455 0.8
      vertex 31.49706819811593 10.057557481488455 0
    endloop
  endfacet
  facet normal 0.9624552369954503 -0.2714404479439858 0
    outer loop
      vertex 31.67035543849935 10.671987693620764 0
      vertex 31.67035543849935 10.671987693620764 0.8
      vertex 31.49706819811593 10.057557481488455 0.8
    endloop
  endfacet
  facet normal 0.9807852798516353 -0.19509032478918426 1.0871985993554359e-17
    outer loop
      vertex 31.794900856873262 11.298119784723157 0
      vertex 31.67035543849935 10.671987693620764 0.8
      vertex 31.67035543849935 10.671987693620764 0
    endloop
  endfacet
  facet normal 0.9807852798516353 -0.19509032478918426 0
    outer loop
      vertex 31.794900856873262 11.298119784723157 0
      vertex 31.794900856873262 11.298119784723157 0.8
      vertex 31.67035543849935 10.671987693620764 0.8
    endloop
  endfacet
  facet normal 0.9930684571427494 -0.1175373958709294 -2.3281668156467783e-19
    outer loop
      vertex 31.869936582472015 11.932093437948954 0
      vertex 31.794900856873262 11.298119784723157 0.8
      vertex 31.794900856873262 11.298119784723157 0
    endloop
  endfacet
  facet normal 0.9930684571427494 -0.1175373958709294 0
    outer loop
      vertex 31.869936582472015 11.932093437948954 0
      vertex 31.869936582472015 11.932093437948954 0.8
      vertex 31.794900856873262 11.298119784723157 0.8
    endloop
  endfacet
  facet normal 0.9992290362134326 -0.039259816453650356 1.8723599831623984e-18
    outer loop
      vertex 31.895 12.57 0
      vertex 31.869936582472015 11.932093437948954 0.8
      vertex 31.869936582472015 11.932093437948954 0
    endloop
  endfacet
  facet normal 0.9992290362134326 -0.039259816453650356 0
    outer loop
      vertex 31.895 12.57 0
      vertex 31.895 12.57 0.8
      vertex 31.869936582472015 11.932093437948954 0.8
    endloop
  endfacet
  facet normal 0.9992290362134326 0.039259816453650356 -1.8723599831623984e-18
    outer loop
      vertex 31.869936582472015 13.207906562051047 0
      vertex 31.895 12.57 0.8
      vertex 31.895 12.57 0
    endloop
  endfacet
  facet normal 0.9992290362134326 0.039259816453650356 0
    outer loop
      vertex 31.869936582472015 13.207906562051047 0
      vertex 31.869936582472015 13.207906562051047 0.8
      vertex 31.895 12.57 0.8
    endloop
  endfacet
  facet normal 0.9930684571427494 0.1175373958709294 2.3281668156467783e-19
    outer loop
      vertex 31.794900856873262 13.841880215276843 0
      vertex 31.869936582472015 13.207906562051047 0.8
      vertex 31.869936582472015 13.207906562051047 0
    endloop
  endfacet
  facet normal 0.9930684571427494 0.1175373958709294 0
    outer loop
      vertex 31.794900856873262 13.841880215276843 0
      vertex 31.794900856873262 13.841880215276843 0.8
      vertex 31.869936582472015 13.207906562051047 0.8
    endloop
  endfacet
  facet normal 0.9807852798516353 0.19509032478918426 -1.0871985993554359e-17
    outer loop
      vertex 31.67035543849935 14.468012306379237 0
      vertex 31.794900856873262 13.841880215276843 0.8
      vertex 31.794900856873262 13.841880215276843 0
    endloop
  endfacet
  facet normal 0.9807852798516353 0.19509032478918426 0
    outer loop
      vertex 31.67035543849935 14.468012306379237 0
      vertex 31.67035543849935 14.468012306379237 0.8
      vertex 31.794900856873262 13.841880215276843 0.8
    endloop
  endfacet
  facet normal 0.9624552369954503 0.2714404479439858 8.724083659049414e-18
    outer loop
      vertex 31.49706819811593 15.082442518511545 0
      vertex 31.67035543849935 14.468012306379237 0.8
      vertex 31.67035543849935 14.468012306379237 0
    endloop
  endfacet
  facet normal 0.9624552369954503 0.2714404479439858 0
    outer loop
      vertex 31.49706819811593 15.082442518511545 0
      vertex 31.49706819811593 15.082442518511545 0.8
      vertex 31.67035543849935 14.468012306379237 0.8
    endloop
  endfacet
  facet normal 0.9381913365062219 0.34611705549520244 2.408740481878505e-17
    outer loop
      vertex 31.276107504925 15.681382688517157 0
      vertex 31.49706819811593 15.082442518511545 0.8
      vertex 31.49706819811593 15.082442518511545 0
    endloop
  endfacet
  facet normal 0.9381913365062219 0.34611705549520244 0
    outer loop
      vertex 31.276107504925 15.681382688517157 0
      vertex 31.276107504925 15.681382688517157 0.8
      vertex 31.49706819811593 15.082442518511545 0.8
    endloop
  endfacet
  facet normal 0.9081431726374756 0.41865974011354434 2.1688409108932055e-17
    outer loop
      vertex 31.00883565223735 16.261140150246412 0
      vertex 31.276107504925 15.681382688517157 0.8
      vertex 31.276107504925 15.681382688517157 0
    endloop
  endfacet
  facet normal 0.9081431726374756 0.41865974011354434 0
    outer loop
      vertex 31.00883565223735 16.261140150246412 0
      vertex 31.00883565223735 16.261140150246412 0.8
      vertex 31.276107504925 15.681382688517157 0.8
    endloop
  endfacet
  facet normal 0.8724960069696955 0.4886212416810557 0
    outer loop
      vertex 30.696900465851243 16.818140504178793 0
      vertex 31.00883565223735 16.261140150246412 0.8
      vertex 31.00883565223735 16.261140150246412 0
    endloop
  endfacet
  facet normal 0.8724960069696955 0.4886212416810557 0
    outer loop
      vertex 30.696900465851243 16.818140504178793 0
      vertex 30.696900465851243 16.818140504178793 0.8
      vertex 31.00883565223735 16.261140150246412 0.8
    endloop
  endfacet
  facet normal 0.8314696124276577 0.5555702328323582 -6.1677336460819424e-18
    outer loop
      vertex 30.342225127207197 17.348949660127577 0
      vertex 30.696900465851243 16.818140504178793 0.8
      vertex 30.696900465851243 16.818140504178793 0
    endloop
  endfacet
  facet normal 0.8314696124276577 0.5555702328323582 0
    outer loop
      vertex 30.342225127207197 17.348949660127577 0
      vertex 30.342225127207197 17.348949660127577 0.8
      vertex 30.696900465851243 16.818140504178793 0.8
    endloop
  endfacet
  facet normal 0.7853169324700415 0.6190939472938207 2.4881392222299103e-17
    outer loop
      vertex 29.94699632890846 17.850295003367506 0
      vertex 30.342225127207197 17.348949660127577 0.8
      vertex 30.342225127207197 17.348949660127577 0
    endloop
  endfacet
  facet normal 0.7853169324700415 0.6190939472938207 0
    outer loop
      vertex 29.94699632890846 17.850295003367506 0
      vertex 29.94699632890846 17.850295003367506 0.8
      vertex 30.342225127207197 17.348949660127577 0.8
    endloop
  endfacet
  facet normal 0.7343225103439682 0.6788007445503672 -1.7852002529855054e-17
    outer loop
      vertex 29.513650787550468 18.319085570159167 0
      vertex 29.94699632890846 17.850295003367506 0.8
      vertex 29.94699632890846 17.850295003367506 0
    endloop
  endfacet
  facet normal 0.7343225103439682 0.6788007445503672 0
    outer loop
      vertex 29.513650787550468 18.319085570159167 0
      vertex 29.513650787550468 18.319085570159167 0.8
      vertex 29.94699632890846 17.850295003367506 0.8
    endloop
  endfacet
  facet normal 0.67880074455037 0.7343225103439657 7.594424436772513e-18
    outer loop
      vertex 29.04486022075881 18.75243111151716 0
      vertex 29.513650787550468 18.319085570159167 0.8
      vertex 29.513650787550468 18.319085570159167 0
    endloop
  endfacet
  facet normal 0.67880074455037 0.7343225103439657 0
    outer loop
      vertex 29.04486022075881 18.75243111151716 0
      vertex 29.04486022075881 18.75243111151716 0.8
      vertex 29.513650787550468 18.319085570159167 0.8
    endloop
  endfacet
  facet normal 0.6190939472938174 0.7853169324700443 -2.010607937079657e-17
    outer loop
      vertex 28.54351487751888 19.147659909815893 0
      vertex 29.04486022075881 18.75243111151716 0.8
      vertex 29.04486022075881 18.75243111151716 0
    endloop
  endfacet
  facet normal 0.6190939472938174 0.7853169324700443 0
    outer loop
      vertex 28.54351487751888 19.147659909815893 0
      vertex 28.54351487751888 19.147659909815893 0.8
      vertex 29.04486022075881 18.75243111151716 0.8
    endloop
  endfacet
  facet normal 0.5555702328323621 0.8314696124276552 -3.1010909197002736e-18
    outer loop
      vertex 28.012705721570097 19.502335248459943 0
      vertex 28.54351487751888 19.147659909815893 0.8
      vertex 28.54351487751888 19.147659909815893 0
    endloop
  endfacet
  facet normal 0.5555702328323621 0.8314696124276552 0
    outer loop
      vertex 28.012705721570097 19.502335248459943 0
      vertex 28.012705721570097 19.502335248459943 0.8
      vertex 28.54351487751888 19.147659909815893 0.8
    endloop
  endfacet
  facet normal 0.4886212416810557 0.8724960069696955 0
    outer loop
      vertex 27.455705367637716 19.81427043484605 0
      vertex 28.012705721570097 19.502335248459943 0.8
      vertex 28.012705721570097 19.502335248459943 0
    endloop
  endfacet
  facet normal 0.4886212416810557 0.8724960069696955 0
    outer loop
      vertex 27.455705367637716 19.81427043484605 0
      vertex 27.455705367637716 19.81427043484605 0.8
      vertex 28.012705721570097 19.502335248459943 0.8
    endloop
  endfacet
  facet normal 0.41865974011353974 0.9081431726374776 -2.1301780546319693e-17
    outer loop
      vertex 26.87594790590846 20.081542287533697 0
      vertex 27.455705367637716 19.81427043484605 0.8
      vertex 27.455705367637716 19.81427043484605 0
    endloop
  endfacet
  facet normal 0.41865974011353974 0.9081431726374776 0
    outer loop
      vertex 26.87594790590846 20.081542287533697 0
      vertex 26.87594790590846 20.081542287533697 0.8
      vertex 27.455705367637716 19.81427043484605 0.8
    endloop
  endfacet
  facet normal 0.34611705549520244 0.9381913365062219 2.408740481878505e-17
    outer loop
      vertex 26.27700773590285 20.302502980724626 0
      vertex 26.87594790590846 20.081542287533697 0.8
      vertex 26.87594790590846 20.081542287533697 0
    endloop
  endfacet
  facet normal 0.34611705549520244 0.9381913365062219 0
    outer loop
      vertex 26.27700773590285 20.302502980724626 0
      vertex 26.27700773590285 20.302502980724626 0.8
      vertex 26.87594790590846 20.081542287533697 0.8
    endloop
  endfacet
  facet normal 0.2714404479439807 0.9624552369954518 -1.045643332391153e-17
    outer loop
      vertex 25.66257752377054 20.475790221108042 0
      vertex 26.27700773590285 20.302502980724626 0.8
      vertex 26.27700773590285 20.302502980724626 0
    endloop
  endfacet
  facet normal 0.2714404479439807 0.9624552369954518 0
    outer loop
      vertex 25.66257752377054 20.475790221108042 0
      vertex 25.66257752377054 20.475790221108042 0.8
      vertex 26.27700773590285 20.302502980724626 0.8
    endloop
  endfacet
  facet normal 0.1950903247891944 0.9807852798516332 2.1318301112715063e-18
    outer loop
      vertex 25.036445432668145 20.600335639481962 0
      vertex 25.66257752377054 20.475790221108042 0.8
      vertex 25.66257752377054 20.475790221108042 0
    endloop
  endfacet
  facet normal 0.1950903247891944 0.9807852798516332 0
    outer loop
      vertex 25.036445432668145 20.600335639481962 0
      vertex 25.036445432668145 20.600335639481962 0.8
      vertex 25.66257752377054 20.475790221108042 0.8
    endloop
  endfacet
  facet normal 0.11753739587091873 0.9930684571427505 5.64251599260583e-18
    outer loop
      vertex 24.40247177944235 20.675371365080707 0
      vertex 25.036445432668145 20.600335639481962 0.8
      vertex 25.036445432668145 20.600335639481962 0
    endloop
  endfacet
  facet normal 0.11753739587091873 0.9930684571427505 0
    outer loop
      vertex 24.40247177944235 20.675371365080707 0
      vertex 24.40247177944235 20.675371365080707 0.8
      vertex 25.036445432668145 20.600335639481962 0.8
    endloop
  endfacet
  facet normal 0.039259816453655914 0.9992290362134324 -3.3418748754404248e-18
    outer loop
      vertex 23.764565217391304 20.700434782608696 0
      vertex 24.40247177944235 20.675371365080707 0.8
      vertex 24.40247177944235 20.675371365080707 0
    endloop
  endfacet
  facet normal 0.039259816453655914 0.9992290362134324 0
    outer loop
      vertex 23.764565217391304 20.700434782608696 0
      vertex 23.764565217391304 20.700434782608696 0.8
      vertex 24.40247177944235 20.675371365080707 0.8
    endloop
  endfacet
  facet normal 0 1 0
    outer loop
      vertex 9.895 20.700434782608696 0
      vertex 23.764565217391304 20.700434782608696 0.8
      vertex 23.764565217391304 20.700434782608696 0
    endloop
  endfacet
  facet normal 0 1 0
    outer loop
      vertex 9.895 20.700434782608696 0
      vertex 9.895 20.700434782608696 0.8
      vertex 23.764565217391304 20.700434782608696 0.8
    endloop
  endfacet
  facet normal -1 0 0
    outer loop
      vertex 9.895 16.874347826086957 0
      vertex 9.895 20.700434782608696 0.8
      vertex 9.895 20.700434782608696 0
    endloop
  endfacet
  facet normal -1 0 0
    outer loop
      vertex 9.895 16.874347826086957 0
      vertex 9.895 16.874347826086957 0.8
      vertex 9.895 20.700434782608696 0.8
    endloop
  endfacet
  facet normal 0 -1 0
    outer loop
      vertex 13.242826086956521 16.874347826086957 0
      vertex 9.895 16.874347826086957 0.8
      vertex 9.895 16.874347826086957 0
    endloop
  endfacet
  facet normal 0 -1 0
    outer loop
      vertex 13.242826086956521 16.874347826086957 0
      vertex 13.242826086956521 16.874347826086957 0.8
      vertex 9.895 16.874347826086957 0.8
    endloop
  endfacet
  facet normal 0.9984268158385732 -0.056070432622264355 0
    outer loop
      vertex 19.94298906555642 15.75901799230472 0
      vertex 19.94298906555642 15.75901799230472 0.8
      vertex 19.938478260869566 15.678695652173914 0
    endloop
  endfacet
  facet normal 0.9984268158385732 -0.056070432622264355 0
    outer loop
      vertex 19.938478260869566 15.678695652173914 0.8
      vertex 19.938478260869566 15.678695652173914 0
      vertex 19.94298906555642 15.75901799230472 0.8
    endloop
  endfacet
  facet normal 0.9858710160401427 -0.1675062378897482 0
    outer loop
      vertex 19.956464758670847 15.838330234224383 0
      vertex 19.956464758670847 15.838330234224383 0.8
      vertex 19.94298906555642 15.75901799230472 0
    endloop
  endfacet
  facet normal 0.9858710160401427 -0.1675062378897482 0
    outer loop
      vertex 19.94298906555642 15.75901799230472 0.8
      vertex 19.94298906555642 15.75901799230472 0
      vertex 19.956464758670847 15.838330234224383 0.8
    endloop
  endfacet
  facet normal 0.9609173215165693 -0.2768355129123108 0
    outer loop
      vertex 19.97873587222203 15.915634979398355 0
      vertex 19.97873587222203 15.915634979398355 0.8
      vertex 19.956464758670847 15.838330234224383 0
    endloop
  endfacet
  facet normal 0.9609173215165693 -0.2768355129123108 0
    outer loop
      vertex 19.956464758670847 15.838330234224383 0.8
      vertex 19.956464758670847 15.838330234224383 0
      vertex 19.97873587222203 15.915634979398355 0.8
    endloop
  endfacet
  facet normal 0.9238795425726404 -0.3826834080748323 0
    outer loop
      vertex 20.0095223327305 15.989960075422474 0
      vertex 20.0095223327305 15.989960075422474 0.8
      vertex 19.97873587222203 15.915634979398355 0
    endloop
  endfacet
  facet normal 0.9238795425726404 -0.3826834080748323 0
    outer loop
      vertex 19.97873587222203 15.915634979398355 0.8
      vertex 19.97873587222203 15.915634979398355 0
      vertex 20.0095223327305 15.989960075422474 0.8
    endloop
  endfacet
  facet normal 0.8752234054870328 -0.4837189168181051 0
    outer loop
      vertex 20.048436988916087 16.06037083821452 0
      vertex 20.048436988916087 16.06037083821452 0.8
      vertex 20.0095223327305 15.989960075422474 0
    endloop
  endfacet
  facet normal 0.8752234054870328 -0.4837189168181051 0
    outer loop
      vertex 20.0095223327305 15.989960075422474 0.8
      vertex 20.0095223327305 15.989960075422474 0
      vertex 20.048436988916087 16.06037083821452 0.8
    endloop
  endfacet
  facet normal 0.8155608773345662 -0.5786712843759164 0
    outer loop
      vertex 20.09499045781467 16.12598181453736 0
      vertex 20.09499045781467 16.12598181453736 0.8
      vertex 20.048436988916087 16.06037083821452 0
    endloop
  endfacet
  facet normal 0.8155608773345662 -0.5786712843759164 0
    outer loop
      vertex 20.048436988916087 16.06037083821452 0.8
      vertex 20.048436988916087 16.06037083821452 0
      vertex 20.09499045781467 16.12598181453736 0.8
    endloop
  endfacet
  facet normal 0.7456421432502873 -0.6663466021592049 0
    outer loop
      vertex 20.14859731070373 16.185967906687573 0
      vertex 20.14859731070373 16.185967906687573 0.8
      vertex 20.09499045781467 16.12598181453736 0
    endloop
  endfacet
  facet normal 0.7456421432502873 -0.6663466021592049 0
    outer loop
      vertex 20.09499045781467 16.12598181453736 0.8
      vertex 20.09499045781467 16.12598181453736 0
      vertex 20.14859731070373 16.185967906687573 0.8
    endloop
  endfacet
  facet normal 0.6663466021592049 -0.7456421432502873 0
    outer loop
      vertex 20.208583402853943 16.239574759576634 0
      vertex 20.208583402853943 16.239574759576634 0.8
      vertex 20.14859731070373 16.185967906687573 0
    endloop
  endfacet
  facet normal 0.6663466021592049 -0.7456421432502873 0
    outer loop
      vertex 20.14859731070373 16.185967906687573 0.8
      vertex 20.14859731070373 16.185967906687573 0
      vertex 20.208583402853943 16.239574759576634 0.8
    endloop
  endfacet
  facet normal 0.5786712843759164 -0.8155608773345662 0
    outer loop
      vertex 20.274194379176784 16.286128228475217 0
      vertex 20.274194379176784 16.286128228475217 0.8
      vertex 20.208583402853943 16.239574759576634 0
    endloop
  endfacet
  facet normal 0.5786712843759164 -0.8155608773345662 0
    outer loop
      vertex 20.208583402853943 16.239574759576634 0.8
      vertex 20.208583402853943 16.239574759576634 0
      vertex 20.274194379176784 16.286128228475217 0.8
    endloop
  endfacet
  facet normal 0.4837189168181051 -0.8752234054870328 0
    outer loop
      vertex 20.34460514196883 16.325042884660803 0
      vertex 20.34460514196883 16.325042884660803 0.8
      vertex 20.274194379176784 16.286128228475217 0
    endloop
  endfacet
  facet normal 0.4837189168181051 -0.8752234054870328 0
    outer loop
      vertex 20.274194379176784 16.286128228475217 0.8
      vertex 20.274194379176784 16.286128228475217 0
      vertex 20.34460514196883 16.325042884660803 0.8
    endloop
  endfacet
  facet normal 0.3826834080748323 -0.9238795425726404 0
    outer loop
      vertex 20.41893023799295 16.355829345169276 0
      vertex 20.41893023799295 16.355829345169276 0.8
      vertex 20.34460514196883 16.325042884660803 0
    endloop
  endfacet
  facet normal 0.3826834080748323 -0.9238795425726404 0
    outer loop
      vertex 20.34460514196883 16.325042884660803 0.8
      vertex 20.34460514196883 16.325042884660803 0
      vertex 20.41893023799295 16.355829345169276 0.8
    endloop
  endfacet
  facet normal 0.2768355129123108 -0.9609173215165693 0
    outer loop
      vertex 20.49623498316692 16.378100458720457 0
      vertex 20.49623498316692 16.378100458720457 0.8
      vertex 20.41893023799295 16.355829345169276 0
    endloop
  endfacet
  facet normal 0.2768355129123108 -0.9609173215165693 0
    outer loop
      vertex 20.41893023799295 16.355829345169276 0.8
      vertex 20.41893023799295 16.355829345169276 0
      vertex 20.49623498316692 16.378100458720457 0.8
    endloop
  endfacet
  facet normal 0.1675062378897482 -0.9858710160401427 0
    outer loop
      vertex 20.575547225086584 16.391576151834883 0
      vertex 20.575547225086584 16.391576151834883 0.8
      vertex 20.49623498316692 16.378100458720457 0
    endloop
  endfacet
  facet normal 0.1675062378897482 -0.9858710160401427 0
    outer loop
      vertex 20.49623498316692 16.378100458720457 0.8
      vertex 20.49623498316692 16.378100458720457 0
      vertex 20.575547225086584 16.391576151834883 0.8
    endloop
  endfacet
  facet normal 0.056070432622264355 -0.9984268158385732 0
    outer loop
      vertex 20.65586956521739 16.39608695652174 0
      vertex 20.65586956521739 16.39608695652174 0.8
      vertex 20.575547225086584 16.391576151834883 0
    endloop
  endfacet
  facet normal 0.056070432622264355 -0.9984268158385732 0
    outer loop
      vertex 20.575547225086584 16.391576151834883 0.8
      vertex 20.575547225086584 16.391576151834883 0
      vertex 20.65586956521739 16.39608695652174 0.8
    endloop
  endfacet
  facet normal 0 -1 0
    outer loop
      vertex 24.003695652173914 16.39608695652174 0
      vertex 24.003695652173914 16.39608695652174 0.8
      vertex 20.65586956521739 16.39608695652174 0
    endloop
  endfacet
  facet normal 0 -1 0
    outer loop
      vertex 20.65586956521739 16.39608695652174 0.8
      vertex 20.65586956521739 16.39608695652174 0
      vertex 24.003695652173914 16.39608695652174 0.8
    endloop
  endfacet
  facet normal -0.056070432622264355 -0.9984268158385732 0
    outer loop
      vertex 24.08401799230472 16.391576151834883 0
      vertex 24.08401799230472 16.391576151834883 0.8
      vertex 24.003695652173914 16.39608695652174 0
    endloop
  endfacet
  facet normal -0.056070432622264355 -0.9984268158385732 0
    outer loop
      vertex 24.003695652173914 16.39608695652174 0.8
      vertex 24.003695652173914 16.39608695652174 0
      vertex 24.08401799230472 16.391576151834883 0.8
    endloop
  endfacet
  facet normal -0.1675062378897482 -0.9858710160401427 0
    outer loop
      vertex 24.163330234224382 16.378100458720457 0
      vertex 24.163330234224382 16.378100458720457 0.8
      vertex 24.08401799230472 16.391576151834883 0
    endloop
  endfacet
  facet normal -0.1675062378897482 -0.9858710160401427 0
    outer loop
      vertex 24.08401799230472 16.391576151834883 0.8
      vertex 24.08401799230472 16.391576151834883 0
      vertex 24.163330234224382 16.378100458720457 0.8
    endloop
  endfacet
  facet normal -0.2768355129123108 -0.9609173215165693 0
    outer loop
      vertex 24.240634979398354 16.355829345169276 0
      vertex 24.240634979398354 16.355829345169276 0.8
      vertex 24.163330234224382 16.378100458720457 0
    endloop
  endfacet
  facet normal -0.2768355129123108 -0.9609173215165693 0
    outer loop
      vertex 24.163330234224382 16.378100458720457 0.8
      vertex 24.163330234224382 16.378100458720457 0
      vertex 24.240634979398354 16.355829345169276 0.8
    endloop
  endfacet
  facet normal -0.3826834080748323 -0.9238795425726404 0
    outer loop
      vertex 24.314960075422473 16.325042884660803 0
      vertex 24.314960075422473 16.325042884660803 0.8
      vertex 24.240634979398354 16.355829345169276 0
    endloop
  endfacet
  facet normal -0.3826834080748323 -0.9238795425726404 0
    outer loop
      vertex 24.240634979398354 16.355829345169276 0.8
      vertex 24.240634979398354 16.355829345169276 0
      vertex 24.314960075422473 16.325042884660803 0.8
    endloop
  endfacet
  facet normal -0.4837189168181051 -0.8752234054870328 0
    outer loop
      vertex 24.38537083821452 16.286128228475217 0
      vertex 24.38537083821452 16.286128228475217 0.8
      vertex 24.314960075422473 16.325042884660803 0
    endloop
  endfacet
  facet normal -0.4837189168181051 -0.8752234054870328 0
    outer loop
      vertex 24.314960075422473 16.325042884660803 0.8
      vertex 24.314960075422473 16.325042884660803 0
      vertex 24.38537083821452 16.286128228475217 0.8
    endloop
  endfacet
  facet normal -0.5786712843759373 -0.8155608773345515 0
    outer loop
      vertex 24.450981814537357 16.239574759576634 0
      vertex 24.450981814537357 16.239574759576634 0.8
      vertex 24.38537083821452 16.286128228475217 0
    endloop
  endfacet
  facet normal -0.5786712843759373 -0.8155608773345515 0
    outer loop
      vertex 24.38537083821452 16.286128228475217 0.8
      vertex 24.38537083821452 16.286128228475217 0
      vertex 24.450981814537357 16.239574759576634 0.8
    endloop
  endfacet
  facet normal -0.6663466021592049 -0.7456421432502873 0
    outer loop
      vertex 24.51096790668757 16.185967906687573 0
      vertex 24.51096790668757 16.185967906687573 0.8
      vertex 24.450981814537357 16.239574759576634 0
    endloop
  endfacet
  facet normal -0.6663466021592049 -0.7456421432502873 0
    outer loop
      vertex 24.450981814537357 16.239574759576634 0.8
      vertex 24.450981814537357 16.239574759576634 0
      vertex 24.51096790668757 16.185967906687573 0.8
    endloop
  endfacet
  facet normal -0.7456421432502873 -0.6663466021592049 0
    outer loop
      vertex 24.56457475957663 16.12598181453736 0
      vertex 24.56457475957663 16.12598181453736 0.8
      vertex 24.51096790668757 16.185967906687573 0
    endloop
  endfacet
  facet normal -0.7456421432502873 -0.6663466021592049 0
    outer loop
      vertex 24.51096790668757 16.185967906687573 0.8
      vertex 24.51096790668757 16.185967906687573 0
      vertex 24.56457475957663 16.12598181453736 0.8
    endloop
  endfacet
  facet normal -0.8155608773345455 -0.5786712843759457 0
    outer loop
      vertex 24.611128228475216 16.06037083821452 0
      vertex 24.611128228475216 16.06037083821452 0.8
      vertex 24.56457475957663 16.12598181453736 0
    endloop
  endfacet
  facet normal -0.8155608773345455 -0.5786712843759457 0
    outer loop
      vertex 24.56457475957663 16.12598181453736 0.8
      vertex 24.56457475957663 16.12598181453736 0
      vertex 24.611128228475216 16.06037083821452 0.8
    endloop
  endfacet
  facet normal -0.8752234054870328 -0.4837189168181051 0
    outer loop
      vertex 24.650042884660802 15.989960075422474 0
      vertex 24.650042884660802 15.989960075422474 0.8
      vertex 24.611128228475216 16.06037083821452 0
    endloop
  endfacet
  facet normal -0.8752234054870328 -0.4837189168181051 0
    outer loop
      vertex 24.611128228475216 16.06037083821452 0.8
      vertex 24.611128228475216 16.06037083821452 0
      vertex 24.650042884660802 15.989960075422474 0.8
    endloop
  endfacet
  facet normal -0.9238795425726404 -0.3826834080748323 0
    outer loop
      vertex 24.680829345169276 15.915634979398355 0
      vertex 24.680829345169276 15.915634979398355 0.8
      vertex 24.650042884660802 15.989960075422474 0
    endloop
  endfacet
  facet normal -0.9238795425726404 -0.3826834080748323 0
    outer loop
      vertex 24.650042884660802 15.989960075422474 0.8
      vertex 24.650042884660802 15.989960075422474 0
      vertex 24.680829345169276 15.915634979398355 0.8
    endloop
  endfacet
  facet normal -0.9609173215165693 -0.2768355129123108 0
    outer loop
      vertex 24.703100458720456 15.838330234224383 0
      vertex 24.703100458720456 15.838330234224383 0.8
      vertex 24.680829345169276 15.915634979398355 0
    endloop
  endfacet
  facet normal -0.9609173215165693 -0.2768355129123108 0
    outer loop
      vertex 24.680829345169276 15.915634979398355 0.8
      vertex 24.680829345169276 15.915634979398355 0
      vertex 24.703100458720456 15.838330234224383 0.8
    endloop
  endfacet
  facet normal -0.9858710160401427 -0.1675062378897482 0
    outer loop
      vertex 24.716576151834882 15.75901799230472 0
      vertex 24.716576151834882 15.75901799230472 0.8
      vertex 24.703100458720456 15.838330234224383 0
    endloop
  endfacet
  facet normal -0.9858710160401427 -0.1675062378897482 0
    outer loop
      vertex 24.703100458720456 15.838330234224383 0.8
      vertex 24.703100458720456 15.838330234224383 0
      vertex 24.716576151834882 15.75901799230472 0.8
    endloop
  endfacet
  facet normal -0.9984268158385732 -0.056070432622264355 0
    outer loop
      vertex 24.721086956521738 15.678695652173914 0
      vertex 24.721086956521738 15.678695652173914 0.8
      vertex 24.716576151834882 15.75901799230472 0
    endloop
  endfacet
  facet normal -0.9984268158385732 -0.056070432622264355 0
    outer loop
      vertex 24.716576151834882 15.75901799230472 0.8
      vertex 24.716576151834882 15.75901799230472 0
      vertex 24.721086956521738 15.678695652173914 0.8
    endloop
  endfacet
  facet normal -1 0 0
    outer loop
      vertex 24.721086956521738 14.722173913043479 0
      vertex 24.721086956521738 14.722173913043479 0.8
      vertex 24.721086956521738 15.678695652173914 0
    endloop
  endfacet
  facet normal -1 0 0
    outer loop
      vertex 24.721086956521738 15.678695652173914 0.8
      vertex 24.721086956521738 15.678695652173914 0
      vertex 24.721086956521738 14.722173913043479 0.8
    endloop
  endfacet
  facet normal -0.9984268158385732 0.056070432622264355 0
    outer loop
      vertex 24.716576151834882 14.641851572912673 0
      vertex 24.716576151834882 14.641851572912673 0.8
      vertex 24.721086956521738 14.722173913043479 0
    endloop
  endfacet
  facet normal -0.9984268158385732 0.056070432622264355 0
    outer loop
      vertex 24.721086956521738 14.722173913043479 0.8
      vertex 24.721086956521738 14.722173913043479 0
      vertex 24.716576151834882 14.641851572912673 0.8
    endloop
  endfacet
  facet normal -0.9858710160401427 0.1675062378897482 0
    outer loop
      vertex 24.703100458720456 14.56253933099301 0
      vertex 24.703100458720456 14.56253933099301 0.8
      vertex 24.716576151834882 14.641851572912673 0
    endloop
  endfacet
  facet normal -0.9858710160401427 0.1675062378897482 0
    outer loop
      vertex 24.716576151834882 14.641851572912673 0.8
      vertex 24.716576151834882 14.641851572912673 0
      vertex 24.703100458720456 14.56253933099301 0.8
    endloop
  endfacet
  facet normal -0.9609173215165693 0.2768355129123108 0
    outer loop
      vertex 24.680829345169276 14.485234585819038 0
      vertex 24.680829345169276 14.485234585819038 0.8
      vertex 24.703100458720456 14.56253933099301 0
    endloop
  endfacet
  facet normal -0.9609173215165693 0.2768355129123108 0
    outer loop
      vertex 24.703100458720456 14.56253933099301 0.8
      vertex 24.703100458720456 14.56253933099301 0
      vertex 24.680829345169276 14.485234585819038 0.8
    endloop
  endfacet
  facet normal -0.9238795425726436 0.3826834080748244 0
    outer loop
      vertex 24.650042884660802 14.410909489794918 0
      vertex 24.650042884660802 14.410909489794918 0.8
      vertex 24.680829345169276 14.485234585819038 0
    endloop
  endfacet
  facet normal -0.9238795425726436 0.3826834080748244 0
    outer loop
      vertex 24.680829345169276 14.485234585819038 0.8
      vertex 24.680829345169276 14.485234585819038 0
      vertex 24.650042884660802 14.410909489794918 0.8
    endloop
  endfacet
  facet normal -0.8752234054870328 0.4837189168181051 0
    outer loop
      vertex 24.611128228475216 14.34049872700287 0
      vertex 24.611128228475216 14.34049872700287 0.8
      vertex 24.650042884660802 14.410909489794918 0
    endloop
  endfacet
  facet normal -0.8752234054870328 0.4837189168181051 0
    outer loop
      vertex 24.650042884660802 14.410909489794918 0.8
      vertex 24.650042884660802 14.410909489794918 0
      vertex 24.611128228475216 14.34049872700287 0.8
    endloop
  endfacet
  facet normal -0.8155608773345381 0.5786712843759562 0
    outer loop
      vertex 24.56457475957663 14.274887750680032 0
      vertex 24.56457475957663 14.274887750680032 0.8
      vertex 24.611128228475216 14.34049872700287 0
    endloop
  endfacet
  facet normal -0.8155608773345381 0.5786712843759562 0
    outer loop
      vertex 24.611128228475216 14.34049872700287 0.8
      vertex 24.611128228475216 14.34049872700287 0
      vertex 24.56457475957663 14.274887750680032 0.8
    endloop
  endfacet
  facet normal -0.7456421432502873 0.6663466021592049 0
    outer loop
      vertex 24.51096790668757 14.21490165852982 0
      vertex 24.51096790668757 14.21490165852982 0.8
      vertex 24.56457475957663 14.274887750680032 0
    endloop
  endfacet
  facet normal -0.7456421432502873 0.6663466021592049 0
    outer loop
      vertex 24.56457475957663 14.274887750680032 0.8
      vertex 24.56457475957663 14.274887750680032 0
      vertex 24.51096790668757 14.21490165852982 0.8
    endloop
  endfacet
  facet normal -0.6663466021592049 0.7456421432502873 0
    outer loop
      vertex 24.450981814537357 14.16129480564076 0
      vertex 24.450981814537357 14.16129480564076 0.8
      vertex 24.51096790668757 14.21490165852982 0
    endloop
  endfacet
  facet normal -0.6663466021592049 0.7456421432502873 0
    outer loop
      vertex 24.51096790668757 14.21490165852982 0.8
      vertex 24.51096790668757 14.21490165852982 0
      vertex 24.450981814537357 14.16129480564076 0.8
    endloop
  endfacet
  facet normal -0.5786712843759518 0.8155608773345411 0
    outer loop
      vertex 24.38537083821452 14.114741336742174 0
      vertex 24.38537083821452 14.114741336742174 0.8
      vertex 24.450981814537357 14.16129480564076 0
    endloop
  endfacet
  facet normal -0.5786712843759518 0.8155608773345411 0
    outer loop
      vertex 24.450981814537357 14.16129480564076 0.8
      vertex 24.450981814537357 14.16129480564076 0
      vertex 24.38537083821452 14.114741336742174 0.8
    endloop
  endfacet
  facet normal -0.4837189168181051 0.8752234054870328 0
    outer loop
      vertex 24.314960075422473 14.075826680556588 0
      vertex 24.314960075422473 14.075826680556588 0.8
      vertex 24.38537083821452 14.114741336742174 0
    endloop
  endfacet
  facet normal -0.4837189168181051 0.8752234054870328 0
    outer loop
      vertex 24.38537083821452 14.114741336742174 0.8
      vertex 24.38537083821452 14.114741336742174 0
      vertex 24.314960075422473 14.075826680556588 0.8
    endloop
  endfacet
  facet normal -0.3826834080748134 0.9238795425726481 0
    outer loop
      vertex 24.240634979398354 14.045040220048117 0
      vertex 24.240634979398354 14.045040220048117 0.8
      vertex 24.314960075422473 14.075826680556588 0
    endloop
  endfacet
  facet normal -0.3826834080748134 0.9238795425726481 0
    outer loop
      vertex 24.314960075422473 14.075826680556588 0.8
      vertex 24.314960075422473 14.075826680556588 0
      vertex 24.240634979398354 14.045040220048117 0.8
    endloop
  endfacet
  facet normal -0.2768355129123108 0.9609173215165693 0
    outer loop
      vertex 24.163330234224382 14.022769106496936 0
      vertex 24.163330234224382 14.022769106496936 0.8
      vertex 24.240634979398354 14.045040220048117 0
    endloop
  endfacet
  facet normal -0.2768355129123108 0.9609173215165693 0
    outer loop
      vertex 24.240634979398354 14.045040220048117 0.8
      vertex 24.240634979398354 14.045040220048117 0
      vertex 24.163330234224382 14.022769106496936 0.8
    endloop
  endfacet
  facet normal -0.1675062378897482 0.9858710160401427 0
    outer loop
      vertex 24.08401799230472 14.00929341338251 0
      vertex 24.08401799230472 14.00929341338251 0.8
      vertex 24.163330234224382 14.022769106496936 0
    endloop
  endfacet
  facet normal -0.1675062378897482 0.9858710160401427 0
    outer loop
      vertex 24.163330234224382 14.022769106496936 0.8
      vertex 24.163330234224382 14.022769106496936 0
      vertex 24.08401799230472 14.00929341338251 0.8
    endloop
  endfacet
  facet normal -0.056070432622286365 0.9984268158385718 0
    outer loop
      vertex 24.003695652173914 14.004782608695653 0
      vertex 24.003695652173914 14.004782608695653 0.8
      vertex 24.08401799230472 14.00929341338251 0
    endloop
  endfacet
  facet normal -0.056070432622286365 0.9984268158385718 0
    outer loop
      vertex 24.08401799230472 14.00929341338251 0.8
      vertex 24.08401799230472 14.00929341338251 0
      vertex 24.003695652173914 14.004782608695653 0.8
    endloop
  endfacet
  facet normal 0 1 0
    outer loop
      vertex 20.65586956521739 14.004782608695653 0
      vertex 20.65586956521739 14.004782608695653 0.8
      vertex 24.003695652173914 14.004782608695653 0
    endloop
  endfacet
  facet normal 0 1 0
    outer loop
      vertex 24.003695652173914 14.004782608695653 0.8
      vertex 24.003695652173914 14.004782608695653 0
      vertex 20.65586956521739 14.004782608695653 0.8
    endloop
  endfacet
  facet normal 0.056070432622286365 0.9984268158385718 0
    outer loop
      vertex 20.575547225086584 14.00929341338251 0
      vertex 20.575547225086584 14.00929341338251 0.8
      vertex 20.65586956521739 14.004782608695653 0
    endloop
  endfacet
  facet normal 0.056070432622286365 0.9984268158385718 0
    outer loop
      vertex 20.65586956521739 14.004782608695653 0.8
      vertex 20.65586956521739 14.004782608695653 0
      vertex 20.575547225086584 14.00929341338251 0.8
    endloop
  endfacet
  facet normal 0.1675062378897482 0.9858710160401427 0
    outer loop
      vertex 20.49623498316692 14.022769106496936 0
      vertex 20.49623498316692 14.022769106496936 0.8
      vertex 20.575547225086584 14.00929341338251 0
    endloop
  endfacet
  facet normal 0.1675062378897482 0.9858710160401427 0
    outer loop
      vertex 20.575547225086584 14.00929341338251 0.8
      vertex 20.575547225086584 14.00929341338251 0
      vertex 20.49623498316692 14.022769106496936 0.8
    endloop
  endfacet
  facet normal 0.2768355129123108 0.9609173215165693 0
    outer loop
      vertex 20.41893023799295 14.045040220048117 0
      vertex 20.41893023799295 14.045040220048117 0.8
      vertex 20.49623498316692 14.022769106496936 0
    endloop
  endfacet
  facet normal 0.2768355129123108 0.9609173215165693 0
    outer loop
      vertex 20.49623498316692 14.022769106496936 0.8
      vertex 20.49623498316692 14.022769106496936 0
      vertex 20.41893023799295 14.045040220048117 0.8
    endloop
  endfacet
  facet normal 0.3826834080748134 0.9238795425726481 0
    outer loop
      vertex 20.34460514196883 14.075826680556588 0
      vertex 20.34460514196883 14.075826680556588 0.8
      vertex 20.41893023799295 14.045040220048117 0
    endloop
  endfacet
  facet normal 0.3826834080748134 0.9238795425726481 0
    outer loop
      vertex 20.41893023799295 14.045040220048117 0.8
      vertex 20.41893023799295 14.045040220048117 0
      vertex 20.34460514196883 14.075826680556588 0.8
    endloop
  endfacet
  facet normal 0.4837189168181051 0.8752234054870328 0
    outer loop
      vertex 20.274194379176784 14.114741336742174 0
      vertex 20.274194379176784 14.114741336742174 0.8
      vertex 20.34460514196883 14.075826680556588 0
    endloop
  endfacet
  facet normal 0.4837189168181051 0.8752234054870328 0
    outer loop
      vertex 20.34460514196883 14.075826680556588 0.8
      vertex 20.34460514196883 14.075826680556588 0
      vertex 20.274194379176784 14.114741336742174 0.8
    endloop
  endfacet
  facet normal 0.5786712843759311 0.8155608773345558 0
    outer loop
      vertex 20.208583402853943 14.16129480564076 0
      vertex 20.208583402853943 14.16129480564076 0.8
      vertex 20.274194379176784 14.114741336742174 0
    endloop
  endfacet
  facet normal 0.5786712843759311 0.8155608773345558 0
    outer loop
      vertex 20.274194379176784 14.114741336742174 0.8
      vertex 20.274194379176784 14.114741336742174 0
      vertex 20.208583402853943 14.16129480564076 0.8
    endloop
  endfacet
  facet normal 0.6663466021592049 0.7456421432502873 0
    outer loop
      vertex 20.14859731070373 14.21490165852982 0
      vertex 20.14859731070373 14.21490165852982 0.8
      vertex 20.208583402853943 14.16129480564076 0
    endloop
  endfacet
  facet normal 0.6663466021592049 0.7456421432502873 0
    outer loop
      vertex 20.208583402853943 14.16129480564076 0.8
      vertex 20.208583402853943 14.16129480564076 0
      vertex 20.14859731070373 14.21490165852982 0.8
    endloop
  endfacet
  facet normal 0.7456421432502873 0.6663466021592049 0
    outer loop
      vertex 20.09499045781467 14.274887750680032 0
      vertex 20.09499045781467 14.274887750680032 0.8
      vertex 20.14859731070373 14.21490165852982 0
    endloop
  endfacet
  facet normal 0.7456421432502873 0.6663466021592049 0
    outer loop
      vertex 20.14859731070373 14.21490165852982 0.8
      vertex 20.14859731070373 14.21490165852982 0
      vertex 20.09499045781467 14.274887750680032 0.8
    endloop
  endfacet
  facet normal 0.8155608773345588 0.5786712843759267 0
    outer loop
      vertex 20.048436988916087 14.34049872700287 0
      vertex 20.048436988916087 14.34049872700287 0.8
      vertex 20.09499045781467 14.274887750680032 0
    endloop
  endfacet
  facet normal 0.8155608773345588 0.5786712843759267 0
    outer loop
      vertex 20.09499045781467 14.274887750680032 0.8
      vertex 20.09499045781467 14.274887750680032 0
      vertex 20.048436988916087 14.34049872700287 0.8
    endloop
  endfacet
  facet normal 0.8752234054870328 0.4837189168181051 0
    outer loop
      vertex 20.0095223327305 14.410909489794918 0
      vertex 20.0095223327305 14.410909489794918 0.8
      vertex 20.048436988916087 14.34049872700287 0
    endloop
  endfacet
  facet normal 0.8752234054870328 0.4837189168181051 0
    outer loop
      vertex 20.048436988916087 14.34049872700287 0.8
      vertex 20.048436988916087 14.34049872700287 0
      vertex 20.0095223327305 14.410909489794918 0.8
    endloop
  endfacet
  facet normal 0.9238795425726436 0.3826834080748244 0
    outer loop
      vertex 19.97873587222203 14.485234585819038 0
      vertex 19.97873587222203 14.485234585819038 0.8
      vertex 20.0095223327305 14.410909489794918 0
    endloop
  endfacet
  facet normal 0.9238795425726436 0.3826834080748244 0
    outer loop
      vertex 20.0095223327305 14.410909489794918 0.8
      vertex 20.0095223327305 14.410909489794918 0
      vertex 19.97873587222203 14.485234585819038 0.8
    endloop
  endfacet
  facet normal 0.9609173215165693 0.2768355129123108 0
    outer loop
      vertex 19.956464758670847 14.56253933099301 0
      vertex 19.956464758670847 14.56253933099301 0.8
      vertex 19.97873587222203 14.485234585819038 0
    endloop
  endfacet
  facet normal 0.9609173215165693 0.2768355129123108 0
    outer loop
      vertex 19.97873587222203 14.485234585819038 0.8
      vertex 19.97873587222203 14.485234585819038 0
      vertex 19.956464758670847 14.56253933099301 0.8
    endloop
  endfacet
  facet normal 0.9858710160401427 0.1675062378897482 0
    outer loop
      vertex 19.94298906555642 14.641851572912673 0
      vertex 19.94298906555642 14.641851572912673 0.8
      vertex 19.956464758670847 14.56253933099301 0
    endloop
  endfacet
  facet normal 0.9858710160401427 0.1675062378897482 0
    outer loop
      vertex 19.956464758670847 14.56253933099301 0.8
      vertex 19.956464758670847 14.56253933099301 0
      vertex 19.94298906555642 14.641851572912673 0.8
    endloop
  endfacet
  facet normal 0.9984268158385732 0.056070432622264355 0
    outer loop
      vertex 19.938478260869566 14.722173913043479 0
      vertex 19.938478260869566 14.722173913043479 0.8
      vertex 19.94298906555642 14.641851572912673 0
    endloop
  endfacet
  facet normal 0.9984268158385732 0.056070432622264355 0
    outer loop
      vertex 19.94298906555642 14.641851572912673 0.8
      vertex 19.94298906555642 14.641851572912673 0
      vertex 19.938478260869566 14.722173913043479 0.8
    endloop
  endfacet
  facet normal 1 0 0
    outer loop
      vertex 19.938478260869566 15.678695652173914 0
      vertex 19.938478260869566 15.678695652173914 0.8
      vertex 19.938478260869566 14.722173913043479 0
    endloop
  endfacet
  facet normal 1 0 0
    outer loop
      vertex 19.938478260869566 14.722173913043479 0.8
      vertex 19.938478260869566 14.722173913043479 0
      vertex 19.938478260869566 15.678695652173914 0.8
    endloop
  endfacet
  facet normal 0.9984268158385732 -0.056070432622264355 0
    outer loop
      vertex 19.94298906555642 10.498148427087328 0
      vertex 19.94298906555642 10.498148427087328 0.8
      vertex 19.938478260869566 10.417826086956522 0
    endloop
  endfacet
  facet normal 0.9984268158385732 -0.056070432622264355 0
    outer loop
      vertex 19.938478260869566 10.417826086956522 0.8
      vertex 19.938478260869566 10.417826086956522 0
      vertex 19.94298906555642 10.498148427087328 0.8
    endloop
  endfacet
  facet normal 0.9858710160401427 -0.1675062378897482 0
    outer loop
      vertex 19.956464758670847 10.57746066900699 0
      vertex 19.956464758670847 10.57746066900699 0.8
      vertex 19.94298906555642 10.498148427087328 0
    endloop
  endfacet
  facet normal 0.9858710160401427 -0.1675062378897482 0
    outer loop
      vertex 19.94298906555642 10.498148427087328 0.8
      vertex 19.94298906555642 10.498148427087328 0
      vertex 19.956464758670847 10.57746066900699 0.8
    endloop
  endfacet
  facet normal 0.9609173215165693 -0.2768355129123108 0
    outer loop
      vertex 19.97873587222203 10.654765414180963 0
      vertex 19.97873587222203 10.654765414180963 0.8
      vertex 19.956464758670847 10.57746066900699 0
    endloop
  endfacet
  facet normal 0.9609173215165693 -0.2768355129123108 0
    outer loop
      vertex 19.956464758670847 10.57746066900699 0.8
      vertex 19.956464758670847 10.57746066900699 0
      vertex 19.97873587222203 10.654765414180963 0.8
    endloop
  endfacet
  facet normal 0.9238795425726436 -0.3826834080748244 0
    outer loop
      vertex 20.0095223327305 10.729090510205083 0
      vertex 20.0095223327305 10.729090510205083 0.8
      vertex 19.97873587222203 10.654765414180963 0
    endloop
  endfacet
  facet normal 0.9238795425726436 -0.3826834080748244 0
    outer loop
      vertex 19.97873587222203 10.654765414180963 0.8
      vertex 19.97873587222203 10.654765414180963 0
      vertex 20.0095223327305 10.729090510205083 0.8
    endloop
  endfacet
  facet normal 0.8752234054870328 -0.4837189168181051 0
    outer loop
      vertex 20.048436988916087 10.79950127299713 0
      vertex 20.048436988916087 10.79950127299713 0.8
      vertex 20.0095223327305 10.729090510205083 0
    endloop
  endfacet
  facet normal 0.8752234054870328 -0.4837189168181051 0
    outer loop
      vertex 20.0095223327305 10.729090510205083 0.8
      vertex 20.0095223327305 10.729090510205083 0
      vertex 20.048436988916087 10.79950127299713 0.8
    endloop
  endfacet
  facet normal 0.8155608773345588 -0.5786712843759267 0
    outer loop
      vertex 20.09499045781467 10.865112249319969 0
      vertex 20.09499045781467 10.865112249319969 0.8
      vertex 20.048436988916087 10.79950127299713 0
    endloop
  endfacet
  facet normal 0.8155608773345588 -0.5786712843759267 0
    outer loop
      vertex 20.048436988916087 10.79950127299713 0.8
      vertex 20.048436988916087 10.79950127299713 0
      vertex 20.09499045781467 10.865112249319969 0.8
    endloop
  endfacet
  facet normal 0.7456421432502873 -0.6663466021592049 0
    outer loop
      vertex 20.14859731070373 10.92509834147018 0
      vertex 20.14859731070373 10.92509834147018 0.8
      vertex 20.09499045781467 10.865112249319969 0
    endloop
  endfacet
  facet normal 0.7456421432502873 -0.6663466021592049 0
    outer loop
      vertex 20.09499045781467 10.865112249319969 0.8
      vertex 20.09499045781467 10.865112249319969 0
      vertex 20.14859731070373 10.92509834147018 0.8
    endloop
  endfacet
  facet normal 0.6663466021592049 -0.7456421432502873 0
    outer loop
      vertex 20.208583402853943 10.978705194359241 0
      vertex 20.208583402853943 10.978705194359241 0.8
      vertex 20.14859731070373 10.92509834147018 0
    endloop
  endfacet
  facet normal 0.6663466021592049 -0.7456421432502873 0
    outer loop
      vertex 20.14859731070373 10.92509834147018 0.8
      vertex 20.14859731070373 10.92509834147018 0
      vertex 20.208583402853943 10.978705194359241 0.8
    endloop
  endfacet
  facet normal 0.5786712843759311 -0.8155608773345558 0
    outer loop
      vertex 20.274194379176784 11.025258663257826 0
      vertex 20.274194379176784 11.025258663257826 0.8
      vertex 20.208583402853943 10.978705194359241 0
    endloop
  endfacet
  facet normal 0.5786712843759311 -0.8155608773345558 0
    outer loop
      vertex 20.208583402853943 10.978705194359241 0.8
      vertex 20.208583402853943 10.978705194359241 0
      vertex 20.274194379176784 11.025258663257826 0.8
    endloop
  endfacet
  facet normal 0.4837189168181051 -0.8752234054870328 0
    outer loop
      vertex 20.34460514196883 11.064173319443412 0
      vertex 20.34460514196883 11.064173319443412 0.8
      vertex 20.274194379176784 11.025258663257826 0
    endloop
  endfacet
  facet normal 0.4837189168181051 -0.8752234054870328 0
    outer loop
      vertex 20.274194379176784 11.025258663257826 0.8
      vertex 20.274194379176784 11.025258663257826 0
      vertex 20.34460514196883 11.064173319443412 0.8
    endloop
  endfacet
  facet normal 0.3826834080748134 -0.9238795425726481 0
    outer loop
      vertex 20.41893023799295 11.094959779951884 0
      vertex 20.41893023799295 11.094959779951884 0.8
      vertex 20.34460514196883 11.064173319443412 0
    endloop
  endfacet
  facet normal 0.3826834080748134 -0.9238795425726481 0
    outer loop
      vertex 20.34460514196883 11.064173319443412 0.8
      vertex 20.34460514196883 11.064173319443412 0
      vertex 20.41893023799295 11.094959779951884 0.8
    endloop
  endfacet
  facet normal 0.2768355129123108 -0.9609173215165693 0
    outer loop
      vertex 20.49623498316692 11.117230893503065 0
      vertex 20.49623498316692 11.117230893503065 0.8
      vertex 20.41893023799295 11.094959779951884 0
    endloop
  endfacet
  facet normal 0.2768355129123108 -0.9609173215165693 0
    outer loop
      vertex 20.41893023799295 11.094959779951884 0.8
      vertex 20.41893023799295 11.094959779951884 0
      vertex 20.49623498316692 11.117230893503065 0.8
    endloop
  endfacet
  facet normal 0.1675062378897482 -0.9858710160401427 0
    outer loop
      vertex 20.575547225086584 11.13070658661749 0
      vertex 20.575547225086584 11.13070658661749 0.8
      vertex 20.49623498316692 11.117230893503065 0
    endloop
  endfacet
  facet normal 0.1675062378897482 -0.9858710160401427 0
    outer loop
      vertex 20.49623498316692 11.117230893503065 0.8
      vertex 20.49623498316692 11.117230893503065 0
      vertex 20.575547225086584 11.13070658661749 0.8
    endloop
  endfacet
  facet normal 0.056070432622286365 -0.9984268158385718 0
    outer loop
      vertex 20.65586956521739 11.135217391304348 0
      vertex 20.65586956521739 11.135217391304348 0.8
      vertex 20.575547225086584 11.13070658661749 0
    endloop
  endfacet
  facet normal 0.056070432622286365 -0.9984268158385718 0
    outer loop
      vertex 20.575547225086584 11.13070658661749 0.8
      vertex 20.575547225086584 11.13070658661749 0
      vertex 20.65586956521739 11.135217391304348 0.8
    endloop
  endfacet
  facet normal 0 -1 0
    outer loop
      vertex 24.003695652173914 11.135217391304348 0
      vertex 24.003695652173914 11.135217391304348 0.8
      vertex 20.65586956521739 11.135217391304348 0
    endloop
  endfacet
  facet normal 0 -1 0
    outer loop
      vertex 20.65586956521739 11.135217391304348 0.8
      vertex 20.65586956521739 11.135217391304348 0
      vertex 24.003695652173914 11.135217391304348 0.8
    endloop
  endfacet
  facet normal -0.056070432622286365 -0.9984268158385718 0
    outer loop
      vertex 24.08401799230472 11.13070658661749 0
      vertex 24.08401799230472 11.13070658661749 0.8
      vertex 24.003695652173914 11.135217391304348 0
    endloop
  endfacet
  facet normal -0.056070432622286365 -0.9984268158385718 0
    outer loop
      vertex 24.003695652173914 11.135217391304348 0.8
      vertex 24.003695652173914 11.135217391304348 0
      vertex 24.08401799230472 11.13070658661749 0.8
    endloop
  endfacet
  facet normal -0.1675062378897482 -0.9858710160401427 0
    outer loop
      vertex 24.163330234224382 11.117230893503065 0
      vertex 24.163330234224382 11.117230893503065 0.8
      vertex 24.08401799230472 11.13070658661749 0
    endloop
  endfacet
  facet normal -0.1675062378897482 -0.9858710160401427 0
    outer loop
      vertex 24.08401799230472 11.13070658661749 0.8
      vertex 24.08401799230472 11.13070658661749 0
      vertex 24.163330234224382 11.117230893503065 0.8
    endloop
  endfacet
  facet normal -0.2768355129123108 -0.9609173215165693 0
    outer loop
      vertex 24.240634979398354 11.094959779951884 0
      vertex 24.240634979398354 11.094959779951884 0.8
      vertex 24.163330234224382 11.117230893503065 0
    endloop
  endfacet
  facet normal -0.2768355129123108 -0.9609173215165693 0
    outer loop
      vertex 24.163330234224382 11.117230893503065 0.8
      vertex 24.163330234224382 11.117230893503065 0
      vertex 24.240634979398354 11.094959779951884 0.8
    endloop
  endfacet
  facet normal -0.3826834080748134 -0.9238795425726481 0
    outer loop
      vertex 24.314960075422473 11.064173319443412 0
      vertex 24.314960075422473 11.064173319443412 0.8
      vertex 24.240634979398354 11.094959779951884 0
    endloop
  endfacet
  facet normal -0.3826834080748134 -0.9238795425726481 0
    outer loop
      vertex 24.240634979398354 11.094959779951884 0.8
      vertex 24.240634979398354 11.094959779951884 0
      vertex 24.314960075422473 11.064173319443412 0.8
    endloop
  endfacet
  facet normal -0.4837189168181051 -0.8752234054870328 0
    outer loop
      vertex 24.38537083821452 11.025258663257826 0
      vertex 24.38537083821452 11.025258663257826 0.8
      vertex 24.314960075422473 11.064173319443412 0
    endloop
  endfacet
  facet normal -0.4837189168181051 -0.8752234054870328 0
    outer loop
      vertex 24.314960075422473 11.064173319443412 0.8
      vertex 24.314960075422473 11.064173319443412 0
      vertex 24.38537083821452 11.025258663257826 0.8
    endloop
  endfacet
  facet normal -0.5786712843759518 -0.8155608773345411 0
    outer loop
      vertex 24.450981814537357 10.978705194359241 0
      vertex 24.450981814537357 10.978705194359241 0.8
      vertex 24.38537083821452 11.025258663257826 0
    endloop
  endfacet
  facet normal -0.5786712843759518 -0.8155608773345411 0
    outer loop
      vertex 24.38537083821452 11.025258663257826 0.8
      vertex 24.38537083821452 11.025258663257826 0
      vertex 24.450981814537357 10.978705194359241 0.8
    endloop
  endfacet
  facet normal -0.6663466021592049 -0.7456421432502873 0
    outer loop
      vertex 24.51096790668757 10.92509834147018 0
      vertex 24.51096790668757 10.92509834147018 0.8
      vertex 24.450981814537357 10.978705194359241 0
    endloop
  endfacet
  facet normal -0.6663466021592049 -0.7456421432502873 0
    outer loop
      vertex 24.450981814537357 10.978705194359241 0.8
      vertex 24.450981814537357 10.978705194359241 0
      vertex 24.51096790668757 10.92509834147018 0.8
    endloop
  endfacet
  facet normal -0.7456421432502873 -0.6663466021592049 0
    outer loop
      vertex 24.56457475957663 10.865112249319969 0
      vertex 24.56457475957663 10.865112249319969 0.8
      vertex 24.51096790668757 10.92509834147018 0
    endloop
  endfacet
  facet normal -0.7456421432502873 -0.6663466021592049 0
    outer loop
      vertex 24.51096790668757 10.92509834147018 0.8
      vertex 24.51096790668757 10.92509834147018 0
      vertex 24.56457475957663 10.865112249319969 0.8
    endloop
  endfacet
  facet normal -0.8155608773345381 -0.5786712843759562 0
    outer loop
      vertex 24.611128228475216 10.79950127299713 0
      vertex 24.611128228475216 10.79950127299713 0.8
      vertex 24.56457475957663 10.865112249319969 0
    endloop
  endfacet
  facet normal -0.8155608773345381 -0.5786712843759562 0
    outer loop
      vertex 24.56457475957663 10.865112249319969 0.8
      vertex 24.56457475957663 10.865112249319969 0
      vertex 24.611128228475216 10.79950127299713 0.8
    endloop
  endfacet
  facet normal -0.8752234054870328 -0.4837189168181051 0
    outer loop
      vertex 24.650042884660802 10.729090510205083 0
      vertex 24.650042884660802 10.729090510205083 0.8
      vertex 24.611128228475216 10.79950127299713 0
    endloop
  endfacet
  facet normal -0.8752234054870328 -0.4837189168181051 0
    outer loop
      vertex 24.611128228475216 10.79950127299713 0.8
      vertex 24.611128228475216 10.79950127299713 0
      vertex 24.650042884660802 10.729090510205083 0.8
    endloop
  endfacet
  facet normal -0.9238795425726436 -0.3826834080748244 0
    outer loop
      vertex 24.680829345169276 10.654765414180963 0
      vertex 24.680829345169276 10.654765414180963 0.8
      vertex 24.650042884660802 10.729090510205083 0
    endloop
  endfacet
  facet normal -0.9238795425726436 -0.3826834080748244 0
    outer loop
      vertex 24.650042884660802 10.729090510205083 0.8
      vertex 24.650042884660802 10.729090510205083 0
      vertex 24.680829345169276 10.654765414180963 0.8
    endloop
  endfacet
  facet normal -0.9609173215165693 -0.2768355129123108 0
    outer loop
      vertex 24.703100458720456 10.57746066900699 0
      vertex 24.703100458720456 10.57746066900699 0.8
      vertex 24.680829345169276 10.654765414180963 0
    endloop
  endfacet
  facet normal -0.9609173215165693 -0.2768355129123108 0
    outer loop
      vertex 24.680829345169276 10.654765414180963 0.8
      vertex 24.680829345169276 10.654765414180963 0
      vertex 24.703100458720456 10.57746066900699 0.8
    endloop
  endfacet
  facet normal -0.9858710160401427 -0.1675062378897482 0
    outer loop
      vertex 24.716576151834882 10.498148427087328 0
      vertex 24.716576151834882 10.498148427087328 0.8
      vertex 24.703100458720456 10.57746066900699 0
    endloop
  endfacet
  facet normal -0.9858710160401427 -0.1675062378897482 0
    outer loop
      vertex 24.703100458720456 10.57746066900699 0.8
      vertex 24.703100458720456 10.57746066900699 0
      vertex 24.716576151834882 10.498148427087328 0.8
    endloop
  endfacet
  facet normal -0.9984268158385732 -0.056070432622264355 0
    outer loop
      vertex 24.721086956521738 10.417826086956522 0
      vertex 24.721086956521738 10.417826086956522 0.8
      vertex 24.716576151834882 10.498148427087328 0
    endloop
  endfacet
  facet normal -0.9984268158385732 -0.056070432622264355 0
    outer loop
      vertex 24.716576151834882 10.498148427087328 0.8
      vertex 24.716576151834882 10.498148427087328 0
      vertex 24.721086956521738 10.417826086956522 0.8
    endloop
  endfacet
  facet normal -1 0 0
    outer loop
      vertex 24.721086956521738 9.461304347826086 0
      vertex 24.721086956521738 9.461304347826086 0.8
      vertex 24.721086956521738 10.417826086956522 0
    endloop
  endfacet
  facet normal -1 0 0
    outer loop
      vertex 24.721086956521738 10.417826086956522 0.8
      vertex 24.721086956521738 10.417826086956522 0
      vertex 24.721086956521738 9.461304347826086 0.8
    endloop
  endfacet
  facet normal -0.9984268158385732 0.056070432622264355 0
    outer loop
      vertex 24.716576151834882 9.38098200769528 0
      vertex 24.716576151834882 9.38098200769528 0.8
      vertex 24.721086956521738 9.461304347826086 0
    endloop
  endfacet
  facet normal -0.9984268158385732 0.056070432622264355 0
    outer loop
      vertex 24.721086956521738 9.461304347826086 0.8
      vertex 24.721086956521738 9.461304347826086 0
      vertex 24.716576151834882 9.38098200769528 0.8
    endloop
  endfacet
  facet normal -0.9858710160401427 0.1675062378897482 0
    outer loop
      vertex 24.703100458720456 9.301669765775618 0
      vertex 24.703100458720456 9.301669765775618 0.8
      vertex 24.716576151834882 9.38098200769528 0
    endloop
  endfacet
  facet normal -0.9858710160401427 0.1675062378897482 0
    outer loop
      vertex 24.716576151834882 9.38098200769528 0.8
      vertex 24.716576151834882 9.38098200769528 0
      vertex 24.703100458720456 9.301669765775618 0.8
    endloop
  endfacet
  facet normal -0.9609173215165693 0.2768355129123108 0
    outer loop
      vertex 24.680829345169276 9.224365020601645 0
      vertex 24.680829345169276 9.224365020601645 0.8
      vertex 24.703100458720456 9.301669765775618 0
    endloop
  endfacet
  facet normal -0.9609173215165693 0.2768355129123108 0
    outer loop
      vertex 24.703100458720456 9.301669765775618 0.8
      vertex 24.703100458720456 9.301669765775618 0
      vertex 24.680829345169276 9.224365020601645 0.8
    endloop
  endfacet
  facet normal -0.9238795425726404 0.3826834080748323 0
    outer loop
      vertex 24.650042884660802 9.150039924577527 0
      vertex 24.650042884660802 9.150039924577527 0.8
      vertex 24.680829345169276 9.224365020601645 0
    endloop
  endfacet
  facet normal -0.9238795425726404 0.3826834080748323 0
    outer loop
      vertex 24.680829345169276 9.224365020601645 0.8
      vertex 24.680829345169276 9.224365020601645 0
      vertex 24.650042884660802 9.150039924577527 0.8
    endloop
  endfacet
  facet normal -0.8752234054870381 0.4837189168180958 0
    outer loop
      vertex 24.611128228475216 9.079629161785478 0
      vertex 24.611128228475216 9.079629161785478 0.8
      vertex 24.650042884660802 9.150039924577527 0
    endloop
  endfacet
  facet normal -0.8752234054870381 0.4837189168180958 0
    outer loop
      vertex 24.650042884660802 9.150039924577527 0.8
      vertex 24.650042884660802 9.150039924577527 0
      vertex 24.611128228475216 9.079629161785478 0.8
    endloop
  endfacet
  facet normal -0.8155608773345305 0.5786712843759665 0
    outer loop
      vertex 24.56457475957663 9.01401818546264 0
      vertex 24.56457475957663 9.01401818546264 0.8
      vertex 24.611128228475216 9.079629161785478 0
    endloop
  endfacet
  facet normal -0.8155608773345305 0.5786712843759665 0
    outer loop
      vertex 24.611128228475216 9.079629161785478 0.8
      vertex 24.611128228475216 9.079629161785478 0
      vertex 24.56457475957663 9.01401818546264 0.8
    endloop
  endfacet
  facet normal -0.7456421432502873 0.6663466021592049 0
    outer loop
      vertex 24.51096790668757 8.95403209331243 0
      vertex 24.51096790668757 8.95403209331243 0.8
      vertex 24.56457475957663 9.01401818546264 0
    endloop
  endfacet
  facet normal -0.7456421432502873 0.6663466021592049 0
    outer loop
      vertex 24.56457475957663 9.01401818546264 0.8
      vertex 24.56457475957663 9.01401818546264 0
      vertex 24.51096790668757 8.95403209331243 0.8
    endloop
  endfacet
  facet normal -0.6663466021592049 0.7456421432502873 0
    outer loop
      vertex 24.450981814537357 8.900425240423369 0
      vertex 24.450981814537357 8.900425240423369 0.8
      vertex 24.51096790668757 8.95403209331243 0
    endloop
  endfacet
  facet normal -0.6663466021592049 0.7456421432502873 0
    outer loop
      vertex 24.51096790668757 8.95403209331243 0.8
      vertex 24.51096790668757 8.95403209331243 0
      vertex 24.450981814537357 8.900425240423369 0.8
    endloop
  endfacet
  facet normal -0.5786712843759665 0.8155608773345305 0
    outer loop
      vertex 24.38537083821452 8.853871771524782 0
      vertex 24.38537083821452 8.853871771524782 0.8
      vertex 24.450981814537357 8.900425240423369 0
    endloop
  endfacet
  facet normal -0.5786712843759665 0.8155608773345305 0
    outer loop
      vertex 24.450981814537357 8.900425240423369 0.8
      vertex 24.450981814537357 8.900425240423369 0
      vertex 24.38537083821452 8.853871771524782 0.8
    endloop
  endfacet
  facet normal -0.4837189168180882 0.8752234054870422 0
    outer loop
      vertex 24.314960075422473 8.814957115339197 0
      vertex 24.314960075422473 8.814957115339197 0.8
      vertex 24.38537083821452 8.853871771524782 0
    endloop
  endfacet
  facet normal -0.4837189168180882 0.8752234054870422 0
    outer loop
      vertex 24.38537083821452 8.853871771524782 0.8
      vertex 24.38537083821452 8.853871771524782 0
      vertex 24.314960075422473 8.814957115339197 0.8
    endloop
  endfacet
  facet normal -0.3826834080748134 0.9238795425726481 0
    outer loop
      vertex 24.240634979398354 8.784170654830726 0
      vertex 24.240634979398354 8.784170654830726 0.8
      vertex 24.314960075422473 8.814957115339197 0
    endloop
  endfacet
  facet normal -0.3826834080748134 0.9238795425726481 0
    outer loop
      vertex 24.314960075422473 8.814957115339197 0.8
      vertex 24.314960075422473 8.814957115339197 0
      vertex 24.240634979398354 8.784170654830726 0.8
    endloop
  endfacet
  facet normal -0.2768355129123312 0.9609173215165635 0
    outer loop
      vertex 24.163330234224382 8.761899541279544 0
      vertex 24.163330234224382 8.761899541279544 0.8
      vertex 24.240634979398354 8.784170654830726 0
    endloop
  endfacet
  facet normal -0.2768355129123312 0.9609173215165635 0
    outer loop
      vertex 24.240634979398354 8.784170654830726 0.8
      vertex 24.240634979398354 8.784170654830726 0
      vertex 24.163330234224382 8.761899541279544 0.8
    endloop
  endfacet
  facet normal -0.1675062378897482 0.9858710160401427 0
    outer loop
      vertex 24.08401799230472 8.748423848165118 0
      vertex 24.08401799230472 8.748423848165118 0.8
      vertex 24.163330234224382 8.761899541279544 0
    endloop
  endfacet
  facet normal -0.1675062378897482 0.9858710160401427 0
    outer loop
      vertex 24.163330234224382 8.761899541279544 0.8
      vertex 24.163330234224382 8.761899541279544 0
      vertex 24.08401799230472 8.748423848165118 0.8
    endloop
  endfacet
  facet normal -0.056070432622264355 0.9984268158385732 0
    outer loop
      vertex 24.003695652173914 8.743913043478262 0
      vertex 24.003695652173914 8.743913043478262 0.8
      vertex 24.08401799230472 8.748423848165118 0
    endloop
  endfacet
  facet normal -0.056070432622264355 0.9984268158385732 0
    outer loop
      vertex 24.08401799230472 8.748423848165118 0.8
      vertex 24.08401799230472 8.748423848165118 0
      vertex 24.003695652173914 8.743913043478262 0.8
    endloop
  endfacet
  facet normal 0 1 0
    outer loop
      vertex 20.65586956521739 8.743913043478262 0
      vertex 20.65586956521739 8.743913043478262 0.8
      vertex 24.003695652173914 8.743913043478262 0
    endloop
  endfacet
  facet normal 0 1 0
    outer loop
      vertex 24.003695652173914 8.743913043478262 0.8
      vertex 24.003695652173914 8.743913043478262 0
      vertex 20.65586956521739 8.743913043478262 0.8
    endloop
  endfacet
  facet normal 0.056070432622264355 0.9984268158385732 0
    outer loop
      vertex 20.575547225086584 8.748423848165118 0
      vertex 20.575547225086584 8.748423848165118 0.8
      vertex 20.65586956521739 8.743913043478262 0
    endloop
  endfacet
  facet normal 0.056070432622264355 0.9984268158385732 0
    outer loop
      vertex 20.65586956521739 8.743913043478262 0.8
      vertex 20.65586956521739 8.743913043478262 0
      vertex 20.575547225086584 8.748423848165118 0.8
    endloop
  endfacet
  facet normal 0.1675062378897482 0.9858710160401427 0
    outer loop
      vertex 20.49623498316692 8.761899541279544 0
      vertex 20.49623498316692 8.761899541279544 0.8
      vertex 20.575547225086584 8.748423848165118 0
    endloop
  endfacet
  facet normal 0.1675062378897482 0.9858710160401427 0
    outer loop
      vertex 20.575547225086584 8.748423848165118 0.8
      vertex 20.575547225086584 8.748423848165118 0
      vertex 20.49623498316692 8.761899541279544 0.8
    endloop
  endfacet
  facet normal 0.2768355129123312 0.9609173215165635 0
    outer loop
      vertex 20.41893023799295 8.784170654830726 0
      vertex 20.41893023799295 8.784170654830726 0.8
      vertex 20.49623498316692 8.761899541279544 0
    endloop
  endfacet
  facet normal 0.2768355129123312 0.9609173215165635 0
    outer loop
      vertex 20.49623498316692 8.761899541279544 0.8
      vertex 20.49623498316692 8.761899541279544 0
      vertex 20.41893023799295 8.784170654830726 0.8
    endloop
  endfacet
  facet normal 0.3826834080748134 0.9238795425726481 0
    outer loop
      vertex 20.34460514196883 8.814957115339197 0
      vertex 20.34460514196883 8.814957115339197 0.8
      vertex 20.41893023799295 8.784170654830726 0
    endloop
  endfacet
  facet normal 0.3826834080748134 0.9238795425726481 0
    outer loop
      vertex 20.41893023799295 8.784170654830726 0.8
      vertex 20.41893023799295 8.784170654830726 0
      vertex 20.34460514196883 8.814957115339197 0.8
    endloop
  endfacet
  facet normal 0.4837189168180882 0.8752234054870422 0
    outer loop
      vertex 20.274194379176784 8.853871771524782 0
      vertex 20.274194379176784 8.853871771524782 0.8
      vertex 20.34460514196883 8.814957115339197 0
    endloop
  endfacet
  facet normal 0.4837189168180882 0.8752234054870422 0
    outer loop
      vertex 20.34460514196883 8.814957115339197 0.8
      vertex 20.34460514196883 8.814957115339197 0
      vertex 20.274194379176784 8.853871771524782 0.8
    endloop
  endfacet
  facet normal 0.5786712843759457 0.8155608773345455 0
    outer loop
      vertex 20.208583402853943 8.900425240423369 0
      vertex 20.208583402853943 8.900425240423369 0.8
      vertex 20.274194379176784 8.853871771524782 0
    endloop
  endfacet
  facet normal 0.5786712843759457 0.8155608773345455 0
    outer loop
      vertex 20.274194379176784 8.853871771524782 0.8
      vertex 20.274194379176784 8.853871771524782 0
      vertex 20.208583402853943 8.900425240423369 0.8
    endloop
  endfacet
  facet normal 0.6663466021592049 0.7456421432502873 0
    outer loop
      vertex 20.14859731070373 8.95403209331243 0
      vertex 20.14859731070373 8.95403209331243 0.8
      vertex 20.208583402853943 8.900425240423369 0
    endloop
  endfacet
  facet normal 0.6663466021592049 0.7456421432502873 0
    outer loop
      vertex 20.208583402853943 8.900425240423369 0.8
      vertex 20.208583402853943 8.900425240423369 0
      vertex 20.14859731070373 8.95403209331243 0.8
    endloop
  endfacet
  facet normal 0.7456421432502873 0.6663466021592049 0
    outer loop
      vertex 20.09499045781467 9.01401818546264 0
      vertex 20.09499045781467 9.01401818546264 0.8
      vertex 20.14859731070373 8.95403209331243 0
    endloop
  endfacet
  facet normal 0.7456421432502873 0.6663466021592049 0
    outer loop
      vertex 20.14859731070373 8.95403209331243 0.8
      vertex 20.14859731070373 8.95403209331243 0
      vertex 20.09499045781467 9.01401818546264 0.8
    endloop
  endfacet
  facet normal 0.8155608773345515 0.5786712843759373 0
    outer loop
      vertex 20.048436988916087 9.079629161785478 0
      vertex 20.048436988916087 9.079629161785478 0.8
      vertex 20.09499045781467 9.01401818546264 0
    endloop
  endfacet
  facet normal 0.8155608773345515 0.5786712843759373 0
    outer loop
      vertex 20.09499045781467 9.01401818546264 0.8
      vertex 20.09499045781467 9.01401818546264 0
      vertex 20.048436988916087 9.079629161785478 0.8
    endloop
  endfacet
  facet normal 0.8752234054870381 0.4837189168180958 0
    outer loop
      vertex 20.0095223327305 9.150039924577527 0
      vertex 20.0095223327305 9.150039924577527 0.8
      vertex 20.048436988916087 9.079629161785478 0
    endloop
  endfacet
  facet normal 0.8752234054870381 0.4837189168180958 0
    outer loop
      vertex 20.048436988916087 9.079629161785478 0.8
      vertex 20.048436988916087 9.079629161785478 0
      vertex 20.0095223327305 9.150039924577527 0.8
    endloop
  endfacet
  facet normal 0.9238795425726404 0.3826834080748323 0
    outer loop
      vertex 19.97873587222203 9.224365020601645 0
      vertex 19.97873587222203 9.224365020601645 0.8
      vertex 20.0095223327305 9.150039924577527 0
    endloop
  endfacet
  facet normal 0.9238795425726404 0.3826834080748323 0
    outer loop
      vertex 20.0095223327305 9.150039924577527 0.8
      vertex 20.0095223327305 9.150039924577527 0
      vertex 19.97873587222203 9.224365020601645 0.8
    endloop
  endfacet
  facet normal 0.9609173215165693 0.2768355129123108 0
    outer loop
      vertex 19.956464758670847 9.301669765775618 0
      vertex 19.956464758670847 9.301669765775618 0.8
      vertex 19.97873587222203 9.224365020601645 0
    endloop
  endfacet
  facet normal 0.9609173215165693 0.2768355129123108 0
    outer loop
      vertex 19.97873587222203 9.224365020601645 0.8
      vertex 19.97873587222203 9.224365020601645 0
      vertex 19.956464758670847 9.301669765775618 0.8
    endloop
  endfacet
  facet normal 0.9858710160401427 0.1675062378897482 0
    outer loop
      vertex 19.94298906555642 9.38098200769528 0
      vertex 19.94298906555642 9.38098200769528 0.8
      vertex 19.956464758670847 9.301669765775618 0
    endloop
  endfacet
  facet normal 0.9858710160401427 0.1675062378897482 0
    outer loop
      vertex 19.956464758670847 9.301669765775618 0.8
      vertex 19.956464758670847 9.301669765775618 0
      vertex 19.94298906555642 9.38098200769528 0.8
    endloop
  endfacet
  facet normal 0.9984268158385732 0.056070432622264355 0
    outer loop
      vertex 19.938478260869566 9.461304347826086 0
      vertex 19.938478260869566 9.461304347826086 0.8
      vertex 19.94298906555642 9.38098200769528 0
    endloop
  endfacet
  facet normal 0.9984268158385732 0.056070432622264355 0
    outer loop
      vertex 19.94298906555642 9.38098200769528 0.8
      vertex 19.94298906555642 9.38098200769528 0
      vertex 19.938478260869566 9.461304347826086 0.8
    endloop
  endfacet
  facet normal 1 0 0
    outer loop
      vertex 19.938478260869566 10.417826086956522 0
      vertex 19.938478260869566 10.417826086956522 0.8
      vertex 19.938478260869566 9.461304347826086 0
    endloop
  endfacet
  facet normal 1 0 0
    outer loop
      vertex 19.938478260869566 9.461304347826086 0.8
      vertex 19.938478260869566 9.461304347826086 0
      vertex 19.938478260869566 10.417826086956522 0.8
    endloop
  endfacet
  facet normal 0 0 1
    outer loop
      vertex 9.895 20.700434782608696 0.8
      vertex 9.895 16.874347826086957 0.8
      vertex 13.242826086956521 16.874347826086957 0.8
    endloop
  endfacet
  facet normal 0 0 1
    outer loop
      vertex 13.242826086956521 8.265652173913043 0.8
      vertex 9.895 8.265652173913043 0.8
      vertex 9.895 5.874347826086956 0.8
    endloop
  endfacet
  facet normal 0 0 1
    outer loop
      vertex 13.242826086956521 8.265652173913043 0.8
      vertex 9.895 5.874347826086956 0.8
      vertex 13.242826086956521 5.874347826086956 0.8
    endloop
  endfacet
  facet normal 0 0 1
    outer loop
      vertex 13.242826086956521 12.091739130434783 0.8
      vertex 9.895 12.091739130434783 0.8
      vertex 9.895 9.222173913043479 0.8
    endloop
  endfacet
  facet normal 0 0 1
    outer loop
      vertex 13.242826086956521 12.091739130434783 0.8
      vertex 9.895 9.222173913043479 0.8
      vertex 13.242826086956521 9.222173913043479 0.8
    endloop
  endfacet
  facet normal 0 0 1
    outer loop
      vertex 13.242826086956521 15.439565217391305 0.8
      vertex 9.895 15.439565217391305 0.8
      vertex 9.895 14.004782608695653 0.8
    endloop
  endfacet
  facet normal 0 0 1
    outer loop
      vertex 13.242826086956521 15.439565217391305 0.8
      vertex 9.895 14.004782608695653 0.8
      vertex 13.242826086956521 14.004782608695653 0.8
    endloop
  endfacet
  facet normal 0 0 1
    outer loop
      vertex 31.276107504925 15.681382688517157 0.8
      vertex 24.721086956521738 15.678695652173914 0.8
      vertex 24.721086956521738 14.722173913043479 0.8
    endloop
  endfacet
  facet normal 0 0 1
    outer loop
      vertex 31.49706819811593 10.057557481488455 0.8
      vertex 31.67035543849935 10.671987693620764 0.8
      vertex 24.721086956521738 10.417826086956522 0.8
    endloop
  endfacet
  facet normal 0 0 1
    outer loop
      vertex 31.276107504925 9.458617311482843 0.8
      vertex 31.49706819811593 10.057557481488455 0.8
      vertex 24.721086956521738 10.417826086956522 0.8
    endloop
  endfacet
  facet normal 0 0 1
    outer loop
      vertex 31.00883565223735 8.878859849753587 0.8
      vertex 31.276107504925 9.458617311482843 0.8
      vertex 24.721086956521738 10.417826086956522 0.8
    endloop
  endfacet
  facet normal 0 0 1
    outer loop
      vertex 30.696900465851243 8.321859495821206 0.8
      vertex 31.00883565223735 8.878859849753587 0.8
      vertex 24.721086956521738 10.417826086956522 0.8
    endloop
  endfacet
  facet normal 0 0 1
    outer loop
      vertex 24.716576151834882 10.498148427087328 0.8
      vertex 24.721086956521738 10.417826086956522 0.8
      vertex 31.67035543849935 10.671987693620764 0.8
    endloop
  endfacet
  facet normal 0 0 1
    outer loop
      vertex 24.703100458720456 10.57746066900699 0.8
      vertex 24.716576151834882 10.498148427087328 0.8
      vertex 31.67035543849935 10.671987693620764 0.8
    endloop
  endfacet
  facet normal 0 0 1
    outer loop
      vertex 30.342225127207197 7.791050339872423 0.8
      vertex 30.696900465851243 8.321859495821206 0.8
      vertex 24.721086956521738 10.417826086956522 0.8
    endloop
  endfacet
  facet normal 0 0 1
    outer loop
      vertex 30.342225127207197 7.791050339872423 0.8
      vertex 24.721086956521738 10.417826086956522 0.8
      vertex 24.721086956521738 9.461304347826086 0.8
    endloop
  endfacet
  facet normal 0 0 1
    outer loop
      vertex 29.94699632890846 7.289704996632493 0.8
      vertex 30.342225127207197 7.791050339872423 0.8
      vertex 24.721086956521738 9.461304347826086 0.8
    endloop
  endfacet
  facet normal 0 0 1
    outer loop
      vertex 29.513650787550468 6.820914429840834 0.8
      vertex 29.94699632890846 7.289704996632493 0.8
      vertex 24.721086956521738 9.461304347826086 0.8
    endloop
  endfacet
  facet normal 0 0 1
    outer loop
      vertex 29.04486022075881 6.38756888848284 0.8
      vertex 29.513650787550468 6.820914429840834 0.8
      vertex 24.721086956521738 9.461304347826086 0.8
    endloop
  endfacet
  facet normal 0 0 1
    outer loop
      vertex 29.04486022075881 6.38756888848284 0.8
      vertex 24.721086956521738 9.461304347826086 0.8
      vertex 24.716576151834882 9.38098200769528 0.8
    endloop
  endfacet
  facet normal 0 0 1
    outer loop
      vertex 28.54351487751888 5.992340090184108 0.8
      vertex 29.04486022075881 6.38756888848284 0.8
      vertex 24.716576151834882 9.38098200769528 0.8
    endloop
  endfacet
  facet normal 0 0 1
    outer loop
      vertex 28.54351487751888 5.992340090184108 0.8
      vertex 24.716576151834882 9.38098200769528 0.8
      vertex 24.703100458720456 9.301669765775618 0.8
    endloop
  endfacet
  facet normal 0 0 1
    outer loop
      vertex 28.54351487751888 5.992340090184108 0.8
      vertex 24.703100458720456 9.301669765775618 0.8
      vertex 24.680829345169276 9.224365020601645 0.8
    endloop
  endfacet
  facet normal 0 0 1
    outer loop
      vertex 28.012705721570097 5.6376647515400595 0.8
      vertex 28.54351487751888 5.992340090184108 0.8
      vertex 24.680829345169276 9.224365020601645 0.8
    endloop
  endfacet
  facet normal 0 0 1
    outer loop
      vertex 28.012705721570097 5.6376647515400595 0.8
      vertex 24.680829345169276 9.224365020601645 0.8
      vertex 24.650042884660802 9.150039924577527 0.8
    endloop
  endfacet
  facet normal 0 0 1
    outer loop
      vertex 27.455705367637716 5.325729565153951 0.8
      vertex 28.012705721570097 5.6376647515400595 0.8
      vertex 24.650042884660802 9.150039924577527 0.8
    endloop
  endfacet
  facet normal 0 0 1
    outer loop
      vertex 27.455705367637716 5.325729565153951 0.8
      vertex 24.650042884660802 9.150039924577527 0.8
      vertex 24.611128228475216 9.079629161785478 0.8
    endloop
  endfacet
  facet normal 0 0 1
    outer loop
      vertex 27.455705367637716 5.325729565153951 0.8
      vertex 24.611128228475216 9.079629161785478 0.8
      vertex 24.56457475957663 9.01401818546264 0.8
    endloop
  endfacet
  facet normal 0 0 1
    outer loop
      vertex 26.87594790590846 5.058457712466303 0.8
      vertex 27.455705367637716 5.325729565153951 0.8
      vertex 24.56457475957663 9.01401818546264 0.8
    endloop
  endfacet
  facet normal 0 0 1
    outer loop
      vertex 26.87594790590846 5.058457712466303 0.8
      vertex 24.56457475957663 9.01401818546264 0.8
      vertex 24.51096790668757 8.95403209331243 0.8
    endloop
  endfacet
  facet normal 0 0 1
    outer loop
      vertex 26.27700773590285 4.837497019275375 0.8
      vertex 26.87594790590846 5.058457712466303 0.8
      vertex 24.51096790668757 8.95403209331243 0.8
    endloop
  endfacet
  facet normal 0 0 1
    outer loop
      vertex 26.27700773590285 4.837497019275375 0.8
      vertex 24.51096790668757 8.95403209331243 0.8
      vertex 24.450981814537357 8.900425240423369 0.8
    endloop
  endfacet
  facet normal 0 0 1
    outer loop
      vertex 26.27700773590285 4.837497019275375 0.8
      vertex 24.450981814537357 8.900425240423369 0.8
      vertex 24.38537083821452 8.853871771524782 0.8
    endloop
  endfacet
  facet normal 0 0 1
    outer loop
      vertex 25.66257752377054 4.664209778891958 0.8
      vertex 26.27700773590285 4.837497019275375 0.8
      vertex 24.38537083821452 8.853871771524782 0.8
    endloop
  endfacet
  facet normal 0 0 1
    outer loop
      vertex 25.66257752377054 4.664209778891958 0.8
      vertex 24.38537083821452 8.853871771524782 0.8
      vertex 24.314960075422473 8.814957115339197 0.8
    endloop
  endfacet
  facet normal 0 0 1
    outer loop
      vertex 25.66257752377054 4.664209778891958 0.8
      vertex 24.314960075422473 8.814957115339197 0.8
      vertex 24.240634979398354 8.784170654830726 0.8
    endloop
  endfacet
  facet normal 0 0 1
    outer loop
      vertex 25.036445432668145 4.5396643605180405 0.8
      vertex 25.66257752377054 4.664209778891958 0.8
      vertex 24.240634979398354 8.784170654830726 0.8
    endloop
  endfacet
  facet normal 0 0 1
    outer loop
      vertex 25.036445432668145 4.5396643605180405 0.8
      vertex 24.240634979398354 8.784170654830726 0.8
      vertex 24.163330234224382 8.761899541279544 0.8
    endloop
  endfacet
  facet normal 0 0 1
    outer loop
      vertex 24.40247177944235 4.464628634919292 0.8
      vertex 25.036445432668145 4.5396643605180405 0.8
      vertex 24.163330234224382 8.761899541279544 0.8
    endloop
  endfacet
  facet normal 0 0 1
    outer loop
      vertex 24.40247177944235 4.464628634919292 0.8
      vertex 24.163330234224382 8.761899541279544 0.8
      vertex 24.08401799230472 8.748423848165118 0.8
    endloop
  endfacet
  facet normal 0 0 1
    outer loop
      vertex 23.764565217391304 4.439565217391305 0.8
      vertex 24.40247177944235 4.464628634919292 0.8
      vertex 24.08401799230472 8.748423848165118 0.8
    endloop
  endfacet
  facet normal 0 0 1
    outer loop
      vertex 23.764565217391304 4.439565217391305 0.8
      vertex 24.08401799230472 8.748423848165118 0.8
      vertex 24.003695652173914 8.743913043478262 0.8
    endloop
  endfacet
  facet normal 0 0 1
    outer loop
      vertex 23.764565217391304 4.439565217391305 0.8
      vertex 24.003695652173914 8.743913043478262 0.8
      vertex 20.65586956521739 8.743913043478262 0.8
    endloop
  endfacet
  facet normal 0 0 1
    outer loop
      vertex 31.276107504925 15.681382688517157 0.8
      vertex 24.721086956521738 14.722173913043479 0.8
      vertex 24.716576151834882 14.641851572912673 0.8
    endloop
  endfacet
  facet normal 0 0 1
    outer loop
      vertex 31.49706819811593 15.082442518511545 0.8
      vertex 31.276107504925 15.681382688517157 0.8
      vertex 24.716576151834882 14.641851572912673 0.8
    endloop
  endfacet
  facet normal 0 0 1
    outer loop
      vertex 24.703100458720456 10.57746066900699 0.8
      vertex 31.67035543849935 10.671987693620764 0.8
      vertex 31.794900856873262 11.298119784723157 0.8
    endloop
  endfacet
  facet normal 0 0 1
    outer loop
      vertex 24.680829345169276 10.654765414180963 0.8
      vertex 24.703100458720456 10.57746066900699 0.8
      vertex 31.794900856873262 11.298119784723157 0.8
    endloop
  endfacet
  facet normal 0 0 1
    outer loop
      vertex 24.680829345169276 10.654765414180963 0.8
      vertex 31.794900856873262 11.298119784723157 0.8
      vertex 31.869936582472015 11.932093437948954 0.8
    endloop
  endfacet
  facet normal 0 0 1
    outer loop
      vertex 31.67035543849935 14.468012306379237 0.8
      vertex 31.49706819811593 15.082442518511545 0.8
      vertex 24.716576151834882 14.641851572912673 0.8
    endloop
  endfacet
  facet normal 0 0 1
    outer loop
      vertex 31.67035543849935 14.468012306379237 0.8
      vertex 24.716576151834882 14.641851572912673 0.8
      vertex 24.703100458720456 14.56253933099301 0.8
    endloop
  endfacet
  facet normal 0 0 1
    outer loop
      vertex 31.794900856873262 13.841880215276843 0.8
      vertex 31.67035543849935 14.468012306379237 0.8
      vertex 24.703100458720456 14.56253933099301 0.8
    endloop
  endfacet
  facet normal 0 0 1
    outer loop
      vertex 31.794900856873262 13.841880215276843 0.8
      vertex 24.703100458720456 14.56253933099301 0.8
      vertex 24.680829345169276 14.485234585819038 0.8
    endloop
  endfacet
  facet normal 0 0 1
    outer loop
      vertex 31.869936582472015 13.207906562051047 0.8
      vertex 31.794900856873262 13.841880215276843 0.8
      vertex 24.680829345169276 14.485234585819038 0.8
    endloop
  endfacet
  facet normal 0 0 1
    outer loop
      vertex 24.721086956521738 15.678695652173914 0.8
      vertex 31.276107504925 15.681382688517157 0.8
      vertex 31.00883565223735 16.261140150246412 0.8
    endloop
  endfacet
  facet normal 0 0 1
    outer loop
      vertex 24.721086956521738 15.678695652173914 0.8
      vertex 31.00883565223735 16.261140150246412 0.8
      vertex 30.696900465851243 16.818140504178793 0.8
    endloop
  endfacet
  facet normal 0 0 1
    outer loop
      vertex 24.721086956521738 15.678695652173914 0.8
      vertex 30.696900465851243 16.818140504178793 0.8
      vertex 30.342225127207197 17.348949660127577 0.8
    endloop
  endfacet
  facet normal 0 0 1
    outer loop
      vertex 24.721086956521738 15.678695652173914 0.8
      vertex 30.342225127207197 17.348949660127577 0.8
      vertex 29.94699632890846 17.850295003367506 0.8
    endloop
  endfacet
  facet normal 0 0 1
    outer loop
      vertex 24.721086956521738 15.678695652173914 0.8
      vertex 29.94699632890846 17.850295003367506 0.8
      vertex 29.513650787550468 18.319085570159167 0.8
    endloop
  endfacet
  facet normal 0 0 1
    outer loop
      vertex 24.721086956521738 15.678695652173914 0.8
      vertex 29.513650787550468 18.319085570159167 0.8
      vertex 29.04486022075881 18.75243111151716 0.8
    endloop
  endfacet
  facet normal 0 0 1
    outer loop
      vertex 24.716576151834882 15.75901799230472 0.8
      vertex 24.721086956521738 15.678695652173914 0.8
      vertex 29.04486022075881 18.75243111151716 0.8
    endloop
  endfacet
  facet normal 0 0 1
    outer loop
      vertex 24.716576151834882 15.75901799230472 0.8
      vertex 29.04486022075881 18.75243111151716 0.8
      vertex 28.54351487751888 19.147659909815893 0.8
    endloop
  endfacet
  facet normal 0 0 1
    outer loop
      vertex 24.703100458720456 15.838330234224383 0.8
      vertex 24.716576151834882 15.75901799230472 0.8
      vertex 28.54351487751888 19.147659909815893 0.8
    endloop
  endfacet
  facet normal 0 0 1
    outer loop
      vertex 24.680829345169276 15.915634979398355 0.8
      vertex 24.703100458720456 15.838330234224383 0.8
      vertex 28.54351487751888 19.147659909815893 0.8
    endloop
  endfacet
  facet normal 0 0 1
    outer loop
      vertex 24.680829345169276 15.915634979398355 0.8
      vertex 28.54351487751888 19.147659909815893 0.8
      vertex 28.012705721570097 19.502335248459943 0.8
    endloop
  endfacet
  facet normal 0 0 1
    outer loop
      vertex 24.650042884660802 15.989960075422474 0.8
      vertex 24.680829345169276 15.915634979398355 0.8
      vertex 28.012705721570097 19.502335248459943 0.8
    endloop
  endfacet
  facet normal 0 0 1
    outer loop
      vertex 24.650042884660802 15.989960075422474 0.8
      vertex 28.012705721570097 19.502335248459943 0.8
      vertex 27.455705367637716 19.81427043484605 0.8
    endloop
  endfacet
  facet normal 0 0 1
    outer loop
      vertex 24.611128228475216 16.06037083821452 0.8
      vertex 24.650042884660802 15.989960075422474 0.8
      vertex 27.455705367637716 19.81427043484605 0.8
    endloop
  endfacet
  facet normal 0 0 1
    outer loop
      vertex 24.56457475957663 16.12598181453736 0.8
      vertex 24.611128228475216 16.06037083821452 0.8
      vertex 27.455705367637716 19.81427043484605 0.8
    endloop
  endfacet
  facet normal 0 0 1
    outer loop
      vertex 24.56457475957663 16.12598181453736 0.8
      vertex 27.455705367637716 19.81427043484605 0.8
      vertex 26.87594790590846 20.081542287533697 0.8
    endloop
  endfacet
  facet normal 0 0 1
    outer loop
      vertex 24.51096790668757 16.185967906687573 0.8
      vertex 24.56457475957663 16.12598181453736 0.8
      vertex 26.87594790590846 20.081542287533697 0.8
    endloop
  endfacet
  facet normal 0 0 1
    outer loop
      vertex 24.51096790668757 16.185967906687573 0.8
      vertex 26.87594790590846 20.081542287533697 0.8
      vertex 26.27700773590285 20.302502980724626 0.8
    endloop
  endfacet
  facet normal 0 0 1
    outer loop
      vertex 24.450981814537357 16.239574759576634 0.8
      vertex 24.51096790668757 16.185967906687573 0.8
      vertex 26.27700773590285 20.302502980724626 0.8
    endloop
  endfacet
  facet normal 0 0 1
    outer loop
      vertex 24.38537083821452 16.286128228475217 0.8
      vertex 24.450981814537357 16.239574759576634 0.8
      vertex 26.27700773590285 20.302502980724626 0.8
    endloop
  endfacet
  facet normal 0 0 1
    outer loop
      vertex 24.38537083821452 16.286128228475217 0.8
      vertex 26.27700773590285 20.302502980724626 0.8
      vertex 25.66257752377054 20.475790221108042 0.8
    endloop
  endfacet
  facet normal 0 0 1
    outer loop
      vertex 24.314960075422473 16.325042884660803 0.8
      vertex 24.38537083821452 16.286128228475217 0.8
      vertex 25.66257752377054 20.475790221108042 0.8
    endloop
  endfacet
  facet normal 0 0 1
    outer loop
      vertex 24.240634979398354 16.355829345169276 0.8
      vertex 24.314960075422473 16.325042884660803 0.8
      vertex 25.66257752377054 20.475790221108042 0.8
    endloop
  endfacet
  facet normal 0 0 1
    outer loop
      vertex 24.240634979398354 16.355829345169276 0.8
      vertex 25.66257752377054 20.475790221108042 0.8
      vertex 25.036445432668145 20.600335639481962 0.8
    endloop
  endfacet
  facet normal 0 0 1
    outer loop
      vertex 24.163330234224382 16.378100458720457 0.8
      vertex 24.240634979398354 16.355829345169276 0.8
      vertex 25.036445432668145 20.600335639481962 0.8
    endloop
  endfacet
  facet normal 0 0 1
    outer loop
      vertex 24.163330234224382 16.378100458720457 0.8
      vertex 25.036445432668145 20.600335639481962 0.8
      vertex 24.40247177944235 20.675371365080707 0.8
    endloop
  endfacet
  facet normal 0 0 1
    outer loop
      vertex 24.08401799230472 16.391576151834883 0.8
      vertex 24.163330234224382 16.378100458720457 0.8
      vertex 24.40247177944235 20.675371365080707 0.8
    endloop
  endfacet
  facet normal 0 0 1
    outer loop
      vertex 24.08401799230472 16.391576151834883 0.8
      vertex 24.40247177944235 20.675371365080707 0.8
      vertex 23.764565217391304 20.700434782608696 0.8
    endloop
  endfacet
  facet normal 0 0 1
    outer loop
      vertex 24.003695652173914 16.39608695652174 0.8
      vertex 24.08401799230472 16.391576151834883 0.8
      vertex 23.764565217391304 20.700434782608696 0.8
    endloop
  endfacet
  facet normal 0 0 1
    outer loop
      vertex 20.65586956521739 16.39608695652174 0.8
      vertex 24.003695652173914 16.39608695652174 0.8
      vertex 23.764565217391304 20.700434782608696 0.8
    endloop
  endfacet
  facet normal 0 0 1
    outer loop
      vertex 24.680829345169276 10.654765414180963 0.8
      vertex 31.869936582472015 11.932093437948954 0.8
      vertex 31.895 12.57 0.8
    endloop
  endfacet
  facet normal 0 0 1
    outer loop
      vertex 24.650042884660802 10.729090510205083 0.8
      vertex 24.680829345169276 10.654765414180963 0.8
      vertex 31.895 12.57 0.8
    endloop
  endfacet
  facet normal 0 0 1
    outer loop
      vertex 24.650042884660802 10.729090510205083 0.8
      vertex 31.895 12.57 0.8
      vertex 31.869936582472015 13.207906562051047 0.8
    endloop
  endfacet
  facet normal 0 0 1
    outer loop
      vertex 24.611128228475216 10.79950127299713 0.8
      vertex 24.650042884660802 10.729090510205083 0.8
      vertex 31.869936582472015 13.207906562051047 0.8
    endloop
  endfacet
  facet normal 0 0 1
    outer loop
      vertex 31.869936582472015 13.207906562051047 0.8
      vertex 24.680829345169276 14.485234585819038 0.8
      vertex 24.650042884660802 14.410909489794918 0.8
    endloop
  endfacet
  facet normal 0 0 1
    outer loop
      vertex 13.242826086956521 4.439565217391305 0.8
      vertex 23.764565217391304 4.439565217391305 0.8
      vertex 20.65586956521739 8.743913043478262 0.8
    endloop
  endfacet
  facet normal 0 0 1
    outer loop
      vertex 13.242826086956521 5.874347826086956 0.8
      vertex 13.242826086956521 4.439565217391305 0.8
      vertex 20.65586956521739 8.743913043478262 0.8
    endloop
  endfacet
  facet normal 0 0 1
    outer loop
      vertex 13.242826086956521 5.874347826086956 0.8
      vertex 20.65586956521739 8.743913043478262 0.8
      vertex 20.575547225086584 8.748423848165118 0.8
    endloop
  endfacet
  facet normal 0 0 1
    outer loop
      vertex 13.242826086956521 5.874347826086956 0.8
      vertex 20.575547225086584 8.748423848165118 0.8
      vertex 20.49623498316692 8.761899541279544 0.8
    endloop
  endfacet
  facet normal 0 0 1
    outer loop
      vertex 13.242826086956521 5.874347826086956 0.8
      vertex 20.49623498316692 8.761899541279544 0.8
      vertex 20.41893023799295 8.784170654830726 0.8
    endloop
  endfacet
  facet normal 0 0 1
    outer loop
      vertex 13.242826086956521 5.874347826086956 0.8
      vertex 20.41893023799295 8.784170654830726 0.8
      vertex 20.34460514196883 8.814957115339197 0.8
    endloop
  endfacet
  facet normal 0 0 1
    outer loop
      vertex 13.242826086956521 5.874347826086956 0.8
      vertex 20.34460514196883 8.814957115339197 0.8
      vertex 20.274194379176784 8.853871771524782 0.8
    endloop
  endfacet
  facet normal 0 0 1
    outer loop
      vertex 13.242826086956521 5.874347826086956 0.8
      vertex 20.274194379176784 8.853871771524782 0.8
      vertex 20.208583402853943 8.900425240423369 0.8
    endloop
  endfacet
  facet normal 0 0 1
    outer loop
      vertex 13.242826086956521 8.265652173913043 0.8
      vertex 13.242826086956521 5.874347826086956 0.8
      vertex 20.208583402853943 8.900425240423369 0.8
    endloop
  endfacet
  facet normal 0 0 1
    outer loop
      vertex 13.242826086956521 8.265652173913043 0.8
      vertex 20.208583402853943 8.900425240423369 0.8
      vertex 20.14859731070373 8.95403209331243 0.8
    endloop
  endfacet
  facet normal 0 0 1
    outer loop
      vertex 13.242826086956521 8.265652173913043 0.8
      vertex 20.14859731070373 8.95403209331243 0.8
      vertex 20.09499045781467 9.01401818546264 0.8
    endloop
  endfacet
  facet normal 0 0 1
    outer loop
      vertex 13.242826086956521 8.265652173913043 0.8
      vertex 20.09499045781467 9.01401818546264 0.8
      vertex 20.048436988916087 9.079629161785478 0.8
    endloop
  endfacet
  facet normal 0 0 1
    outer loop
      vertex 13.242826086956521 8.265652173913043 0.8
      vertex 20.048436988916087 9.079629161785478 0.8
      vertex 20.0095223327305 9.150039924577527 0.8
    endloop
  endfacet
  facet normal 0 0 1
    outer loop
      vertex 13.242826086956521 8.265652173913043 0.8
      vertex 20.0095223327305 9.150039924577527 0.8
      vertex 19.97873587222203 9.224365020601645 0.8
    endloop
  endfacet
  facet normal 0 0 1
    outer loop
      vertex 13.242826086956521 8.265652173913043 0.8
      vertex 19.97873587222203 9.224365020601645 0.8
      vertex 19.956464758670847 9.301669765775618 0.8
    endloop
  endfacet
  facet normal 0 0 1
    outer loop
      vertex 13.242826086956521 9.222173913043479 0.8
      vertex 13.242826086956521 8.265652173913043 0.8
      vertex 19.956464758670847 9.301669765775618 0.8
    endloop
  endfacet
  facet normal 0 0 1
    outer loop
      vertex 13.242826086956521 9.222173913043479 0.8
      vertex 19.956464758670847 9.301669765775618 0.8
      vertex 19.94298906555642 9.38098200769528 0.8
    endloop
  endfacet
  facet normal 0 0 1
    outer loop
      vertex 13.242826086956521 9.222173913043479 0.8
      vertex 19.94298906555642 9.38098200769528 0.8
      vertex 19.938478260869566 9.461304347826086 0.8
    endloop
  endfacet
  facet normal 0 0 1
    outer loop
      vertex 13.242826086956521 9.222173913043479 0.8
      vertex 19.938478260869566 9.461304347826086 0.8
      vertex 19.938478260869566 10.417826086956522 0.8
    endloop
  endfacet
  facet normal 0 0 1
    outer loop
      vertex 13.242826086956521 12.091739130434783 0.8
      vertex 13.242826086956521 9.222173913043479 0.8
      vertex 19.938478260869566 10.417826086956522 0.8
    endloop
  endfacet
  facet normal 0 0 1
    outer loop
      vertex 13.242826086956521 12.091739130434783 0.8
      vertex 19.938478260869566 10.417826086956522 0.8
      vertex 19.94298906555642 10.498148427087328 0.8
    endloop
  endfacet
  facet normal 0 0 1
    outer loop
      vertex 13.242826086956521 12.091739130434783 0.8
      vertex 19.94298906555642 10.498148427087328 0.8
      vertex 19.956464758670847 10.57746066900699 0.8
    endloop
  endfacet
  facet normal 0 0 1
    outer loop
      vertex 13.242826086956521 12.091739130434783 0.8
      vertex 19.956464758670847 10.57746066900699 0.8
      vertex 19.97873587222203 10.654765414180963 0.8
    endloop
  endfacet
  facet normal 0 0 1
    outer loop
      vertex 13.242826086956521 12.091739130434783 0.8
      vertex 19.97873587222203 10.654765414180963 0.8
      vertex 20.0095223327305 10.729090510205083 0.8
    endloop
  endfacet
  facet normal 0 0 1
    outer loop
      vertex 13.242826086956521 14.004782608695653 0.8
      vertex 13.242826086956521 12.091739130434783 0.8
      vertex 20.0095223327305 10.729090510205083 0.8
    endloop
  endfacet
  facet normal 0 0 1
    outer loop
      vertex 13.242826086956521 14.004782608695653 0.8
      vertex 20.0095223327305 10.729090510205083 0.8
      vertex 20.048436988916087 10.79950127299713 0.8
    endloop
  endfacet
  facet normal 0 0 1
    outer loop
      vertex 13.242826086956521 14.004782608695653 0.8
      vertex 20.048436988916087 10.79950127299713 0.8
      vertex 20.09499045781467 10.865112249319969 0.8
    endloop
  endfacet
  facet normal 0 0 1
    outer loop
      vertex 24.56457475957663 10.865112249319969 0.8
      vertex 24.611128228475216 10.79950127299713 0.8
      vertex 31.869936582472015 13.207906562051047 0.8
    endloop
  endfacet
  facet normal 0 0 1
    outer loop
      vertex 13.242826086956521 14.004782608695653 0.8
      vertex 20.09499045781467 10.865112249319969 0.8
      vertex 20.14859731070373 10.92509834147018 0.8
    endloop
  endfacet
  facet normal 0 0 1
    outer loop
      vertex 24.56457475957663 10.865112249319969 0.8
      vertex 31.869936582472015 13.207906562051047 0.8
      vertex 24.650042884660802 14.410909489794918 0.8
    endloop
  endfacet
  facet normal 0 0 1
    outer loop
      vertex 24.56457475957663 10.865112249319969 0.8
      vertex 24.650042884660802 14.410909489794918 0.8
      vertex 24.611128228475216 14.34049872700287 0.8
    endloop
  endfacet
  facet normal 0 0 1
    outer loop
      vertex 24.56457475957663 10.865112249319969 0.8
      vertex 24.611128228475216 14.34049872700287 0.8
      vertex 24.56457475957663 14.274887750680032 0.8
    endloop
  endfacet
  facet normal 0 0 1
    outer loop
      vertex 24.51096790668757 10.92509834147018 0.8
      vertex 24.56457475957663 10.865112249319969 0.8
      vertex 24.56457475957663 14.274887750680032 0.8
    endloop
  endfacet
  facet normal 0 0 1
    outer loop
      vertex 24.51096790668757 10.92509834147018 0.8
      vertex 24.56457475957663 14.274887750680032 0.8
      vertex 24.51096790668757 14.21490165852982 0.8
    endloop
  endfacet
  facet normal 0 0 1
    outer loop
      vertex 24.450981814537357 10.978705194359241 0.8
      vertex 24.51096790668757 10.92509834147018 0.8
      vertex 24.51096790668757 14.21490165852982 0.8
    endloop
  endfacet
  facet normal 0 0 1
    outer loop
      vertex 24.450981814537357 10.978705194359241 0.8
      vertex 24.51096790668757 14.21490165852982 0.8
      vertex 24.450981814537357 14.16129480564076 0.8
    endloop
  endfacet
  facet normal 0 0 1
    outer loop
      vertex 24.38537083821452 11.025258663257826 0.8
      vertex 24.450981814537357 10.978705194359241 0.8
      vertex 24.450981814537357 14.16129480564076 0.8
    endloop
  endfacet
  facet normal 0 0 1
    outer loop
      vertex 24.38537083821452 11.025258663257826 0.8
      vertex 24.450981814537357 14.16129480564076 0.8
      vertex 24.38537083821452 14.114741336742174 0.8
    endloop
  endfacet
  facet normal 0 0 1
    outer loop
      vertex 24.314960075422473 11.064173319443412 0.8
      vertex 24.38537083821452 11.025258663257826 0.8
      vertex 24.38537083821452 14.114741336742174 0.8
    endloop
  endfacet
  facet normal 0 0 1
    outer loop
      vertex 24.314960075422473 11.064173319443412 0.8
      vertex 24.38537083821452 14.114741336742174 0.8
      vertex 24.314960075422473 14.075826680556588 0.8
    endloop
  endfacet
  facet normal 0 0 1
    outer loop
      vertex 24.240634979398354 11.094959779951884 0.8
      vertex 24.314960075422473 11.064173319443412 0.8
      vertex 24.314960075422473 14.075826680556588 0.8
    endloop
  endfacet
  facet normal 0 0 1
    outer loop
      vertex 24.240634979398354 11.094959779951884 0.8
      vertex 24.314960075422473 14.075826680556588 0.8
      vertex 24.240634979398354 14.045040220048117 0.8
    endloop
  endfacet
  facet normal 0 0 1
    outer loop
      vertex 24.163330234224382 11.117230893503065 0.8
      vertex 24.240634979398354 11.094959779951884 0.8
      vertex 24.240634979398354 14.045040220048117 0.8
    endloop
  endfacet
  facet normal 0 0 1
    outer loop
      vertex 24.163330234224382 11.117230893503065 0.8
      vertex 24.240634979398354 14.045040220048117 0.8
      vertex 24.163330234224382 14.022769106496936 0.8
    endloop
  endfacet
  facet normal 0 0 1
    outer loop
      vertex 24.08401799230472 11.13070658661749 0.8
      vertex 24.163330234224382 11.117230893503065 0.8
      vertex 24.163330234224382 14.022769106496936 0.8
    endloop
  endfacet
  facet normal 0 0 1
    outer loop
      vertex 24.08401799230472 11.13070658661749 0.8
      vertex 24.163330234224382 14.022769106496936 0.8
      vertex 24.08401799230472 14.00929341338251 0.8
    endloop
  endfacet
  facet normal 0 0 1
    outer loop
      vertex 24.003695652173914 11.135217391304348 0.8
      vertex 24.08401799230472 11.13070658661749 0.8
      vertex 24.08401799230472 14.00929341338251 0.8
    endloop
  endfacet
  facet normal 0 0 1
    outer loop
      vertex 24.003695652173914 11.135217391304348 0.8
      vertex 24.08401799230472 14.00929341338251 0.8
      vertex 24.003695652173914 14.004782608695653 0.8
    endloop
  endfacet
  facet normal 0 0 1
    outer loop
      vertex 20.65586956521739 11.135217391304348 0.8
      vertex 24.003695652173914 11.135217391304348 0.8
      vertex 24.003695652173914 14.004782608695653 0.8
    endloop
  endfacet
  facet normal 0 0 1
    outer loop
      vertex 20.65586956521739 11.135217391304348 0.8
      vertex 24.003695652173914 14.004782608695653 0.8
      vertex 20.65586956521739 14.004782608695653 0.8
    endloop
  endfacet
  facet normal 0 0 1
    outer loop
      vertex 20.575547225086584 11.13070658661749 0.8
      vertex 20.65586956521739 11.135217391304348 0.8
      vertex 20.65586956521739 14.004782608695653 0.8
    endloop
  endfacet
  facet normal 0 0 1
    outer loop
      vertex 20.575547225086584 11.13070658661749 0.8
      vertex 20.65586956521739 14.004782608695653 0.8
      vertex 20.575547225086584 14.00929341338251 0.8
    endloop
  endfacet
  facet normal 0 0 1
    outer loop
      vertex 20.49623498316692 11.117230893503065 0.8
      vertex 20.575547225086584 11.13070658661749 0.8
      vertex 20.575547225086584 14.00929341338251 0.8
    endloop
  endfacet
  facet normal 0 0 1
    outer loop
      vertex 20.49623498316692 11.117230893503065 0.8
      vertex 20.575547225086584 14.00929341338251 0.8
      vertex 20.49623498316692 14.022769106496936 0.8
    endloop
  endfacet
  facet normal 0 0 1
    outer loop
      vertex 20.41893023799295 11.094959779951884 0.8
      vertex 20.49623498316692 11.117230893503065 0.8
      vertex 20.49623498316692 14.022769106496936 0.8
    endloop
  endfacet
  facet normal 0 0 1
    outer loop
      vertex 20.41893023799295 11.094959779951884 0.8
      vertex 20.49623498316692 14.022769106496936 0.8
      vertex 20.41893023799295 14.045040220048117 0.8
    endloop
  endfacet
  facet normal 0 0 1
    outer loop
      vertex 20.34460514196883 11.064173319443412 0.8
      vertex 20.41893023799295 11.094959779951884 0.8
      vertex 20.41893023799295 14.045040220048117 0.8
    endloop
  endfacet
  facet normal 0 0 1
    outer loop
      vertex 20.34460514196883 11.064173319443412 0.8
      vertex 20.41893023799295 14.045040220048117 0.8
      vertex 20.34460514196883 14.075826680556588 0.8
    endloop
  endfacet
  facet normal 0 0 1
    outer loop
      vertex 13.242826086956521 15.439565217391305 0.8
      vertex 13.242826086956521 14.004782608695653 0.8
      vertex 20.14859731070373 10.92509834147018 0.8
    endloop
  endfacet
  facet normal 0 0 1
    outer loop
      vertex 13.242826086956521 15.439565217391305 0.8
      vertex 20.14859731070373 10.92509834147018 0.8
      vertex 20.208583402853943 10.978705194359241 0.8
    endloop
  endfacet
  facet normal 0 0 1
    outer loop
      vertex 13.242826086956521 15.439565217391305 0.8
      vertex 20.208583402853943 10.978705194359241 0.8
      vertex 20.274194379176784 11.025258663257826 0.8
    endloop
  endfacet
  facet normal 0 0 1
    outer loop
      vertex 20.274194379176784 11.025258663257826 0.8
      vertex 20.34460514196883 11.064173319443412 0.8
      vertex 20.34460514196883 14.075826680556588 0.8
    endloop
  endfacet
  facet normal 0 0 1
    outer loop
      vertex 13.242826086956521 15.439565217391305 0.8
      vertex 20.274194379176784 11.025258663257826 0.8
      vertex 20.34460514196883 14.075826680556588 0.8
    endloop
  endfacet
  facet normal 0 0 1
    outer loop
      vertex 13.242826086956521 15.439565217391305 0.8
      vertex 20.34460514196883 14.075826680556588 0.8
      vertex 20.274194379176784 14.114741336742174 0.8
    endloop
  endfacet
  facet normal 0 0 1
    outer loop
      vertex 13.242826086956521 15.439565217391305 0.8
      vertex 20.274194379176784 14.114741336742174 0.8
      vertex 20.208583402853943 14.16129480564076 0.8
    endloop
  endfacet
  facet normal 0 0 1
    outer loop
      vertex 13.242826086956521 15.439565217391305 0.8
      vertex 20.208583402853943 14.16129480564076 0.8
      vertex 20.14859731070373 14.21490165852982 0.8
    endloop
  endfacet
  facet normal 0 0 1
    outer loop
      vertex 13.242826086956521 15.439565217391305 0.8
      vertex 20.14859731070373 14.21490165852982 0.8
      vertex 20.09499045781467 14.274887750680032 0.8
    endloop
  endfacet
  facet normal 0 0 1
    outer loop
      vertex 13.242826086956521 15.439565217391305 0.8
      vertex 20.09499045781467 14.274887750680032 0.8
      vertex 20.048436988916087 14.34049872700287 0.8
    endloop
  endfacet
  facet normal 0 0 1
    outer loop
      vertex 13.242826086956521 15.439565217391305 0.8
      vertex 20.048436988916087 14.34049872700287 0.8
      vertex 20.0095223327305 14.410909489794918 0.8
    endloop
  endfacet
  facet normal 0 0 1
    outer loop
      vertex 13.242826086956521 15.439565217391305 0.8
      vertex 20.0095223327305 14.410909489794918 0.8
      vertex 19.97873587222203 14.485234585819038 0.8
    endloop
  endfacet
  facet normal 0 0 1
    outer loop
      vertex 13.242826086956521 15.439565217391305 0.8
      vertex 19.97873587222203 14.485234585819038 0.8
      vertex 19.956464758670847 14.56253933099301 0.8
    endloop
  endfacet
  facet normal 0 0 1
    outer loop
      vertex 13.242826086956521 15.439565217391305 0.8
      vertex 19.956464758670847 14.56253933099301 0.8
      vertex 19.94298906555642 14.641851572912673 0.8
    endloop
  endfacet
  facet normal 0 0 1
    outer loop
      vertex 13.242826086956521 15.439565217391305 0.8
      vertex 19.94298906555642 14.641851572912673 0.8
      vertex 19.938478260869566 14.722173913043479 0.8
    endloop
  endfacet
  facet normal 0 0 1
    outer loop
      vertex 13.242826086956521 15.439565217391305 0.8
      vertex 19.938478260869566 14.722173913043479 0.8
      vertex 19.938478260869566 15.678695652173914 0.8
    endloop
  endfacet
  facet normal 0 0 1
    outer loop
      vertex 13.242826086956521 16.874347826086957 0.8
      vertex 13.242826086956521 15.439565217391305 0.8
      vertex 19.938478260869566 15.678695652173914 0.8
    endloop
  endfacet
  facet normal 0 0 1
    outer loop
      vertex 13.242826086956521 16.874347826086957 0.8
      vertex 19.938478260869566 15.678695652173914 0.8
      vertex 19.94298906555642 15.75901799230472 0.8
    endloop
  endfacet
  facet normal 0 0 1
    outer loop
      vertex 13.242826086956521 16.874347826086957 0.8
      vertex 19.94298906555642 15.75901799230472 0.8
      vertex 19.956464758670847 15.838330234224383 0.8
    endloop
  endfacet
  facet normal 0 0 1
    outer loop
      vertex 13.242826086956521 16.874347826086957 0.8
      vertex 19.956464758670847 15.838330234224383 0.8
      vertex 19.97873587222203 15.915634979398355 0.8
    endloop
  endfacet
  facet normal 0 0 1
    outer loop
      vertex 13.242826086956521 16.874347826086957 0.8
      vertex 19.97873587222203 15.915634979398355 0.8
      vertex 20.0095223327305 15.989960075422474 0.8
    endloop
  endfacet
  facet normal 0 0 1
    outer loop
      vertex 13.242826086956521 16.874347826086957 0.8
      vertex 20.0095223327305 15.989960075422474 0.8
      vertex 20.048436988916087 16.06037083821452 0.8
    endloop
  endfacet
  facet normal 0 0 1
    outer loop
      vertex 13.242826086956521 16.874347826086957 0.8
      vertex 20.048436988916087 16.06037083821452 0.8
      vertex 20.09499045781467 16.12598181453736 0.8
    endloop
  endfacet
  facet normal 0 0 1
    outer loop
      vertex 13.242826086956521 16.874347826086957 0.8
      vertex 20.09499045781467 16.12598181453736 0.8
      vertex 20.14859731070373 16.185967906687573 0.8
    endloop
  endfacet
  facet normal 0 0 1
    outer loop
      vertex 20.575547225086584 16.391576151834883 0.8
      vertex 20.65586956521739 16.39608695652174 0.8
      vertex 23.764565217391304 20.700434782608696 0.8
    endloop
  endfacet
  facet normal 0 0 1
    outer loop
      vertex 13.242826086956521 16.874347826086957 0.8
      vertex 20.14859731070373 16.185967906687573 0.8
      vertex 20.208583402853943 16.239574759576634 0.8
    endloop
  endfacet
  facet normal 0 0 1
    outer loop
      vertex 23.764565217391304 20.700434782608696 0.8
      vertex 9.895 20.700434782608696 0.8
      vertex 13.242826086956521 16.874347826086957 0.8
    endloop
  endfacet
  facet normal 0 0 1
    outer loop
      vertex 20.575547225086584 16.391576151834883 0.8
      vertex 23.764565217391304 20.700434782608696 0.8
      vertex 13.242826086956521 16.874347826086957 0.8
    endloop
  endfacet
  facet normal 0 0 1
    outer loop
      vertex 20.49623498316692 16.378100458720457 0.8
      vertex 20.575547225086584 16.391576151834883 0.8
      vertex 13.242826086956521 16.874347826086957 0.8
    endloop
  endfacet
  facet normal 0 0 1
    outer loop
      vertex 20.41893023799295 16.355829345169276 0.8
      vertex 20.49623498316692 16.378100458720457 0.8
      vertex 13.242826086956521 16.874347826086957 0.8
    endloop
  endfacet
  facet normal 0 0 1
    outer loop
      vertex 20.34460514196883 16.325042884660803 0.8
      vertex 20.41893023799295 16.355829345169276 0.8
      vertex 13.242826086956521 16.874347826086957 0.8
    endloop
  endfacet
  facet normal 0 0 1
    outer loop
      vertex 20.274194379176784 16.286128228475217 0.8
      vertex 20.34460514196883 16.325042884660803 0.8
      vertex 13.242826086956521 16.874347826086957 0.8
    endloop
  endfacet
  facet normal 0 0 1
    outer loop
      vertex 20.274194379176784 16.286128228475217 0.8
      vertex 13.242826086956521 16.874347826086957 0.8
      vertex 20.208583402853943 16.239574759576634 0.8
    endloop
  endfacet
  facet normal 0 0 -1
    outer loop
      vertex 13.242826086956521 16.874347826086957 0
      vertex 9.895 16.874347826086957 0
      vertex 9.895 20.700434782608696 0
    endloop
  endfacet
  facet normal 0 0 -1
    outer loop
      vertex 9.895 5.874347826086956 0
      vertex 9.895 8.265652173913043 0
      vertex 13.242826086956521 8.265652173913043 0
    endloop
  endfacet
  facet normal 0 0 -1
    outer loop
      vertex 13.242826086956521 5.874347826086956 0
      vertex 9.895 5.874347826086956 0
      vertex 13.242826086956521 8.265652173913043 0
    endloop
  endfacet
  facet normal 0 0 -1
    outer loop
      vertex 9.895 9.222173913043479 0
      vertex 9.895 12.091739130434783 0
      vertex 13.242826086956521 12.091739130434783 0
    endloop
  endfacet
  facet normal 0 0 -1
    outer loop
      vertex 13.242826086956521 9.222173913043479 0
      vertex 9.895 9.222173913043479 0
      vertex 13.242826086956521 12.091739130434783 0
    endloop
  endfacet
  facet normal 0 0 -1
    outer loop
      vertex 9.895 14.004782608695653 0
      vertex 9.895 15.439565217391305 0
      vertex 13.242826086956521 15.439565217391305 0
    endloop
  endfacet
  facet normal 0 0 -1
    outer loop
      vertex 13.242826086956521 14.004782608695653 0
      vertex 9.895 14.004782608695653 0
      vertex 13.242826086956521 15.439565217391305 0
    endloop
  endfacet
  facet normal 0 0 -1
    outer loop
      vertex 24.721086956521738 14.722173913043479 0
      vertex 24.721086956521738 15.678695652173914 0
      vertex 31.276107504925 15.681382688517157 0
    endloop
  endfacet
  facet normal 0 0 -1
    outer loop
      vertex 24.721086956521738 10.417826086956522 0
      vertex 31.67035543849935 10.671987693620764 0
      vertex 31.49706819811593 10.057557481488455 0
    endloop
  endfacet
  facet normal 0 0 -1
    outer loop
      vertex 24.721086956521738 10.417826086956522 0
      vertex 31.49706819811593 10.057557481488455 0
      vertex 31.276107504925 9.458617311482843 0
    endloop
  endfacet
  facet normal 0 0 -1
    outer loop
      vertex 24.721086956521738 10.417826086956522 0
      vertex 31.276107504925 9.458617311482843 0
      vertex 31.00883565223735 8.878859849753587 0
    endloop
  endfacet
  facet normal 0 0 -1
    outer loop
      vertex 24.721086956521738 10.417826086956522 0
      vertex 31.00883565223735 8.878859849753587 0
      vertex 30.696900465851243 8.321859495821206 0
    endloop
  endfacet
  facet normal 0 0 -1
    outer loop
      vertex 31.67035543849935 10.671987693620764 0
      vertex 24.721086956521738 10.417826086956522 0
      vertex 24.716576151834882 10.498148427087328 0
    endloop
  endfacet
  facet normal 0 0 -1
    outer loop
      vertex 31.67035543849935 10.671987693620764 0
      vertex 24.716576151834882 10.498148427087328 0
      vertex 24.703100458720456 10.57746066900699 0
    endloop
  endfacet
  facet normal 0 0 -1
    outer loop
      vertex 24.721086956521738 10.417826086956522 0
      vertex 30.696900465851243 8.321859495821206 0
      vertex 30.342225127207197 7.791050339872423 0
    endloop
  endfacet
  facet normal 0 0 -1
    outer loop
      vertex 24.721086956521738 9.461304347826086 0
      vertex 24.721086956521738 10.417826086956522 0
      vertex 30.342225127207197 7.791050339872423 0
    endloop
  endfacet
  facet normal 0 0 -1
    outer loop
      vertex 24.721086956521738 9.461304347826086 0
      vertex 30.342225127207197 7.791050339872423 0
      vertex 29.94699632890846 7.289704996632493 0
    endloop
  endfacet
  facet normal 0 0 -1
    outer loop
      vertex 24.721086956521738 9.461304347826086 0
      vertex 29.94699632890846 7.289704996632493 0
      vertex 29.513650787550468 6.820914429840834 0
    endloop
  endfacet
  facet normal 0 0 -1
    outer loop
      vertex 24.721086956521738 9.461304347826086 0
      vertex 29.513650787550468 6.820914429840834 0
      vertex 29.04486022075881 6.38756888848284 0
    endloop
  endfacet
  facet normal 0 0 -1
    outer loop
      vertex 24.716576151834882 9.38098200769528 0
      vertex 24.721086956521738 9.461304347826086 0
      vertex 29.04486022075881 6.38756888848284 0
    endloop
  endfacet
  facet normal 0 0 -1
    outer loop
      vertex 24.716576151834882 9.38098200769528 0
      vertex 29.04486022075881 6.38756888848284 0
      vertex 28.54351487751888 5.992340090184108 0
    endloop
  endfacet
  facet normal 0 0 -1
    outer loop
      vertex 24.703100458720456 9.301669765775618 0
      vertex 24.716576151834882 9.38098200769528 0
      vertex 28.54351487751888 5.992340090184108 0
    endloop
  endfacet
  facet normal 0 0 -1
    outer loop
      vertex 24.680829345169276 9.224365020601645 0
      vertex 24.703100458720456 9.301669765775618 0
      vertex 28.54351487751888 5.992340090184108 0
    endloop
  endfacet
  facet normal 0 0 -1
    outer loop
      vertex 24.680829345169276 9.224365020601645 0
      vertex 28.54351487751888 5.992340090184108 0
      vertex 28.012705721570097 5.6376647515400595 0
    endloop
  endfacet
  facet normal 0 0 -1
    outer loop
      vertex 24.650042884660802 9.150039924577527 0
      vertex 24.680829345169276 9.224365020601645 0
      vertex 28.012705721570097 5.6376647515400595 0
    endloop
  endfacet
  facet normal 0 0 -1
    outer loop
      vertex 24.650042884660802 9.150039924577527 0
      vertex 28.012705721570097 5.6376647515400595 0
      vertex 27.455705367637716 5.325729565153951 0
    endloop
  endfacet
  facet normal 0 0 -1
    outer loop
      vertex 24.611128228475216 9.079629161785478 0
      vertex 24.650042884660802 9.150039924577527 0
      vertex 27.455705367637716 5.325729565153951 0
    endloop
  endfacet
  facet normal 0 0 -1
    outer loop
      vertex 24.56457475957663 9.01401818546264 0
      vertex 24.611128228475216 9.079629161785478 0
      vertex 27.455705367637716 5.325729565153951 0
    endloop
  endfacet
  facet normal 0 0 -1
    outer loop
      vertex 24.56457475957663 9.01401818546264 0
      vertex 27.455705367637716 5.325729565153951 0
      vertex 26.87594790590846 5.058457712466303 0
    endloop
  endfacet
  facet normal 0 0 -1
    outer loop
      vertex 24.51096790668757 8.95403209331243 0
      vertex 24.56457475957663 9.01401818546264 0
      vertex 26.87594790590846 5.058457712466303 0
    endloop
  endfacet
  facet normal 0 0 -1
    outer loop
      vertex 24.51096790668757 8.95403209331243 0
      vertex 26.87594790590846 5.058457712466303 0
      vertex 26.27700773590285 4.837497019275375 0
    endloop
  endfacet
  facet normal 0 0 -1
    outer loop
      vertex 24.450981814537357 8.900425240423369 0
      vertex 24.51096790668757 8.95403209331243 0
      vertex 26.27700773590285 4.837497019275375 0
    endloop
  endfacet
  facet normal 0 0 -1
    outer loop
      vertex 24.38537083821452 8.853871771524782 0
      vertex 24.450981814537357 8.900425240423369 0
      vertex 26.27700773590285 4.837497019275375 0
    endloop
  endfacet
  facet normal 0 0 -1
    outer loop
      vertex 24.38537083821452 8.853871771524782 0
      vertex 26.27700773590285 4.837497019275375 0
      vertex 25.66257752377054 4.664209778891958 0
    endloop
  endfacet
  facet normal 0 0 -1
    outer loop
      vertex 24.314960075422473 8.814957115339197 0
      vertex 24.38537083821452 8.853871771524782 0
      vertex 25.66257752377054 4.664209778891958 0
    endloop
  endfacet
  facet normal 0 0 -1
    outer loop
      vertex 24.240634979398354 8.784170654830726 0
      vertex 24.314960075422473 8.814957115339197 0
      vertex 25.66257752377054 4.664209778891958 0
    endloop
  endfacet
  facet normal 0 0 -1
    outer loop
      vertex 24.240634979398354 8.784170654830726 0
      vertex 25.66257752377054 4.664209778891958 0
      vertex 25.036445432668145 4.5396643605180405 0
    endloop
  endfacet
  facet normal 0 0 -1
    outer loop
      vertex 24.163330234224382 8.761899541279544 0
      vertex 24.240634979398354 8.784170654830726 0
      vertex 25.036445432668145 4.5396643605180405 0
    endloop
  endfacet
  facet normal 0 0 -1
    outer loop
      vertex 24.163330234224382 8.761899541279544 0
      vertex 25.036445432668145 4.5396643605180405 0
      vertex 24.40247177944235 4.464628634919292 0
    endloop
  endfacet
  facet normal 0 0 -1
    outer loop
      vertex 24.08401799230472 8.748423848165118 0
      vertex 24.163330234224382 8.761899541279544 0
      vertex 24.40247177944235 4.464628634919292 0
    endloop
  endfacet
  facet normal 0 0 -1
    outer loop
      vertex 24.08401799230472 8.748423848165118 0
      vertex 24.40247177944235 4.464628634919292 0
      vertex 23.764565217391304 4.439565217391305 0
    endloop
  endfacet
  facet normal 0 0 -1
    outer loop
      vertex 24.003695652173914 8.743913043478262 0
      vertex 24.08401799230472 8.748423848165118 0
      vertex 23.764565217391304 4.439565217391305 0
    endloop
  endfacet
  facet normal 0 0 -1
    outer loop
      vertex 20.65586956521739 8.743913043478262 0
      vertex 24.003695652173914 8.743913043478262 0
      vertex 23.764565217391304 4.439565217391305 0
    endloop
  endfacet
  facet normal 0 0 -1
    outer loop
      vertex 24.716576151834882 14.641851572912673 0
      vertex 24.721086956521738 14.722173913043479 0
      vertex 31.276107504925 15.681382688517157 0
    endloop
  endfacet
  facet normal 0 0 -1
    outer loop
      vertex 24.716576151834882 14.641851572912673 0
      vertex 31.276107504925 15.681382688517157 0
      vertex 31.49706819811593 15.082442518511545 0
    endloop
  endfacet
  facet normal 0 0 -1
    outer loop
      vertex 31.794900856873262 11.298119784723157 0
      vertex 31.67035543849935 10.671987693620764 0
      vertex 24.703100458720456 10.57746066900699 0
    endloop
  endfacet
  facet normal 0 0 -1
    outer loop
      vertex 31.794900856873262 11.298119784723157 0
      vertex 24.703100458720456 10.57746066900699 0
      vertex 24.680829345169276 10.654765414180963 0
    endloop
  endfacet
  facet normal 0 0 -1
    outer loop
      vertex 31.869936582472015 11.932093437948954 0
      vertex 31.794900856873262 11.298119784723157 0
      vertex 24.680829345169276 10.654765414180963 0
    endloop
  endfacet
  facet normal 0 0 -1
    outer loop
      vertex 24.716576151834882 14.641851572912673 0
      vertex 31.49706819811593 15.082442518511545 0
      vertex 31.67035543849935 14.468012306379237 0
    endloop
  endfacet
  facet normal 0 0 -1
    outer loop
      vertex 24.703100458720456 14.56253933099301 0
      vertex 24.716576151834882 14.641851572912673 0
      vertex 31.67035543849935 14.468012306379237 0
    endloop
  endfacet
  facet normal 0 0 -1
    outer loop
      vertex 24.703100458720456 14.56253933099301 0
      vertex 31.67035543849935 14.468012306379237 0
      vertex 31.794900856873262 13.841880215276843 0
    endloop
  endfacet
  facet normal 0 0 -1
    outer loop
      vertex 24.680829345169276 14.485234585819038 0
      vertex 24.703100458720456 14.56253933099301 0
      vertex 31.794900856873262 13.841880215276843 0
    endloop
  endfacet
  facet normal 0 0 -1
    outer loop
      vertex 24.680829345169276 14.485234585819038 0
      vertex 31.794900856873262 13.841880215276843 0
      vertex 31.869936582472015 13.207906562051047 0
    endloop
  endfacet
  facet normal 0 0 -1
    outer loop
      vertex 31.00883565223735 16.261140150246412 0
      vertex 31.276107504925 15.681382688517157 0
      vertex 24.721086956521738 15.678695652173914 0
    endloop
  endfacet
  facet normal 0 0 -1
    outer loop
      vertex 30.696900465851243 16.818140504178793 0
      vertex 31.00883565223735 16.261140150246412 0
      vertex 24.721086956521738 15.678695652173914 0
    endloop
  endfacet
  facet normal 0 0 -1
    outer loop
      vertex 30.342225127207197 17.348949660127577 0
      vertex 30.696900465851243 16.818140504178793 0
      vertex 24.721086956521738 15.678695652173914 0
    endloop
  endfacet
  facet normal 0 0 -1
    outer loop
      vertex 29.94699632890846 17.850295003367506 0
      vertex 30.342225127207197 17.348949660127577 0
      vertex 24.721086956521738 15.678695652173914 0
    endloop
  endfacet
  facet normal 0 0 -1
    outer loop
      vertex 29.513650787550468 18.319085570159167 0
      vertex 29.94699632890846 17.850295003367506 0
      vertex 24.721086956521738 15.678695652173914 0
    endloop
  endfacet
  facet normal 0 0 -1
    outer loop
      vertex 29.04486022075881 18.75243111151716 0
      vertex 29.513650787550468 18.319085570159167 0
      vertex 24.721086956521738 15.678695652173914 0
    endloop
  endfacet
  facet normal 0 0 -1
    outer loop
      vertex 29.04486022075881 18.75243111151716 0
      vertex 24.721086956521738 15.678695652173914 0
      vertex 24.716576151834882 15.75901799230472 0
    endloop
  endfacet
  facet normal 0 0 -1
    outer loop
      vertex 28.54351487751888 19.147659909815893 0
      vertex 29.04486022075881 18.75243111151716 0
      vertex 24.716576151834882 15.75901799230472 0
    endloop
  endfacet
  facet normal 0 0 -1
    outer loop
      vertex 28.54351487751888 19.147659909815893 0
      vertex 24.716576151834882 15.75901799230472 0
      vertex 24.703100458720456 15.838330234224383 0
    endloop
  endfacet
  facet normal 0 0 -1
    outer loop
      vertex 28.54351487751888 19.147659909815893 0
      vertex 24.703100458720456 15.838330234224383 0
      vertex 24.680829345169276 15.915634979398355 0
    endloop
  endfacet
  facet normal 0 0 -1
    outer loop
      vertex 28.012705721570097 19.502335248459943 0
      vertex 28.54351487751888 19.147659909815893 0
      vertex 24.680829345169276 15.915634979398355 0
    endloop
  endfacet
  facet normal 0 0 -1
    outer loop
      vertex 28.012705721570097 19.502335248459943 0
      vertex 24.680829345169276 15.915634979398355 0
      vertex 24.650042884660802 15.989960075422474 0
    endloop
  endfacet
  facet normal 0 0 -1
    outer loop
      vertex 27.455705367637716 19.81427043484605 0
      vertex 28.012705721570097 19.502335248459943 0
      vertex 24.650042884660802 15.989960075422474 0
    endloop
  endfacet
  facet normal 0 0 -1
    outer loop
      vertex 27.455705367637716 19.81427043484605 0
      vertex 24.650042884660802 15.989960075422474 0
      vertex 24.611128228475216 16.06037083821452 0
    endloop
  endfacet
  facet normal 0 0 -1
    outer loop
      vertex 27.455705367637716 19.81427043484605 0
      vertex 24.611128228475216 16.06037083821452 0
      vertex 24.56457475957663 16.12598181453736 0
    endloop
  endfacet
  facet normal 0 0 -1
    outer loop
      vertex 26.87594790590846 20.081542287533697 0
      vertex 27.455705367637716 19.81427043484605 0
      vertex 24.56457475957663 16.12598181453736 0
    endloop
  endfacet
  facet normal 0 0 -1
    outer loop
      vertex 26.87594790590846 20.081542287533697 0
      vertex 24.56457475957663 16.12598181453736 0
      vertex 24.51096790668757 16.185967906687573 0
    endloop
  endfacet
  facet normal 0 0 -1
    outer loop
      vertex 26.27700773590285 20.302502980724626 0
      vertex 26.87594790590846 20.081542287533697 0
      vertex 24.51096790668757 16.185967906687573 0
    endloop
  endfacet
  facet normal 0 0 -1
    outer loop
      vertex 26.27700773590285 20.302502980724626 0
      vertex 24.51096790668757 16.185967906687573 0
      vertex 24.450981814537357 16.239574759576634 0
    endloop
  endfacet
  facet normal 0 0 -1
    outer loop
      vertex 26.27700773590285 20.302502980724626 0
      vertex 24.450981814537357 16.239574759576634 0
      vertex 24.38537083821452 16.286128228475217 0
    endloop
  endfacet
  facet normal 0 0 -1
    outer loop
      vertex 25.66257752377054 20.475790221108042 0
      vertex 26.27700773590285 20.302502980724626 0
      vertex 24.38537083821452 16.286128228475217 0
    endloop
  endfacet
  facet normal 0 0 -1
    outer loop
      vertex 25.66257752377054 20.475790221108042 0
      vertex 24.38537083821452 16.286128228475217 0
      vertex 24.314960075422473 16.325042884660803 0
    endloop
  endfacet
  facet normal 0 0 -1
    outer loop
      vertex 25.66257752377054 20.475790221108042 0
      vertex 24.314960075422473 16.325042884660803 0
      vertex 24.240634979398354 16.355829345169276 0
    endloop
  endfacet
  facet normal 0 0 -1
    outer loop
      vertex 25.036445432668145 20.600335639481962 0
      vertex 25.66257752377054 20.475790221108042 0
      vertex 24.240634979398354 16.355829345169276 0
    endloop
  endfacet
  facet normal 0 0 -1
    outer loop
      vertex 25.036445432668145 20.600335639481962 0
      vertex 24.240634979398354 16.355829345169276 0
      vertex 24.163330234224382 16.378100458720457 0
    endloop
  endfacet
  facet normal 0 0 -1
    outer loop
      vertex 24.40247177944235 20.675371365080707 0
      vertex 25.036445432668145 20.600335639481962 0
      vertex 24.163330234224382 16.378100458720457 0
    endloop
  endfacet
  facet normal 0 0 -1
    outer loop
      vertex 24.40247177944235 20.675371365080707 0
      vertex 24.163330234224382 16.378100458720457 0
      vertex 24.08401799230472 16.391576151834883 0
    endloop
  endfacet
  facet normal 0 0 -1
    outer loop
      vertex 23.764565217391304 20.700434782608696 0
      vertex 24.40247177944235 20.675371365080707 0
      vertex 24.08401799230472 16.391576151834883 0
    endloop
  endfacet
  facet normal 0 0 -1
    outer loop
      vertex 23.764565217391304 20.700434782608696 0
      vertex 24.08401799230472 16.391576151834883 0
      vertex 24.003695652173914 16.39608695652174 0
    endloop
  endfacet
  facet normal 0 0 -1
    outer loop
      vertex 23.764565217391304 20.700434782608696 0
      vertex 24.003695652173914 16.39608695652174 0
      vertex 20.65586956521739 16.39608695652174 0
    endloop
  endfacet
  facet normal 0 0 -1
    outer loop
      vertex 31.895 12.57 0
      vertex 31.869936582472015 11.932093437948954 0
      vertex 24.680829345169276 10.654765414180963 0
    endloop
  endfacet
  facet normal 0 0 -1
    outer loop
      vertex 31.895 12.57 0
      vertex 24.680829345169276 10.654765414180963 0
      vertex 24.650042884660802 10.729090510205083 0
    endloop
  endfacet
  facet normal 0 0 -1
    outer loop
      vertex 31.869936582472015 13.207906562051047 0
      vertex 31.895 12.57 0
      vertex 24.650042884660802 10.729090510205083 0
    endloop
  endfacet
  facet normal 0 0 -1
    outer loop
      vertex 31.869936582472015 13.207906562051047 0
      vertex 24.650042884660802 10.729090510205083 0
      vertex 24.611128228475216 10.79950127299713 0
    endloop
  endfacet
  facet normal 0 0 -1
    outer loop
      vertex 24.650042884660802 14.410909489794918 0
      vertex 24.680829345169276 14.485234585819038 0
      vertex 31.869936582472015 13.207906562051047 0
    endloop
  endfacet
  facet normal 0 0 -1
    outer loop
      vertex 20.65586956521739 8.743913043478262 0
      vertex 23.764565217391304 4.439565217391305 0
      vertex 13.242826086956521 4.439565217391305 0
    endloop
  endfacet
  facet normal 0 0 -1
    outer loop
      vertex 20.65586956521739 8.743913043478262 0
      vertex 13.242826086956521 4.439565217391305 0
      vertex 13.242826086956521 5.874347826086956 0
    endloop
  endfacet
  facet normal 0 0 -1
    outer loop
      vertex 20.575547225086584 8.748423848165118 0
      vertex 20.65586956521739 8.743913043478262 0
      vertex 13.242826086956521 5.874347826086956 0
    endloop
  endfacet
  facet normal 0 0 -1
    outer loop
      vertex 20.49623498316692 8.761899541279544 0
      vertex 20.575547225086584 8.748423848165118 0
      vertex 13.242826086956521 5.874347826086956 0
    endloop
  endfacet
  facet normal 0 0 -1
    outer loop
      vertex 20.41893023799295 8.784170654830726 0
      vertex 20.49623498316692 8.761899541279544 0
      vertex 13.242826086956521 5.874347826086956 0
    endloop
  endfacet
  facet normal 0 0 -1
    outer loop
      vertex 20.34460514196883 8.814957115339197 0
      vertex 20.41893023799295 8.784170654830726 0
      vertex 13.242826086956521 5.874347826086956 0
    endloop
  endfacet
  facet normal 0 0 -1
    outer loop
      vertex 20.274194379176784 8.853871771524782 0
      vertex 20.34460514196883 8.814957115339197 0
      vertex 13.242826086956521 5.874347826086956 0
    endloop
  endfacet
  facet normal 0 0 -1
    outer loop
      vertex 20.208583402853943 8.900425240423369 0
      vertex 20.274194379176784 8.853871771524782 0
      vertex 13.242826086956521 5.874347826086956 0
    endloop
  endfacet
  facet normal 0 0 -1
    outer loop
      vertex 20.208583402853943 8.900425240423369 0
      vertex 13.242826086956521 5.874347826086956 0
      vertex 13.242826086956521 8.265652173913043 0
    endloop
  endfacet
  facet normal 0 0 -1
    outer loop
      vertex 20.14859731070373 8.95403209331243 0
      vertex 20.208583402853943 8.900425240423369 0
      vertex 13.242826086956521 8.265652173913043 0
    endloop
  endfacet
  facet normal 0 0 -1
    outer loop
      vertex 20.09499045781467 9.01401818546264 0
      vertex 20.14859731070373 8.95403209331243 0
      vertex 13.242826086956521 8.265652173913043 0
    endloop
  endfacet
  facet normal 0 0 -1
    outer loop
      vertex 20.048436988916087 9.079629161785478 0
      vertex 20.09499045781467 9.01401818546264 0
      vertex 13.242826086956521 8.265652173913043 0
    endloop
  endfacet
  facet normal 0 0 -1
    outer loop
      vertex 20.0095223327305 9.150039924577527 0
      vertex 20.048436988916087 9.079629161785478 0
      vertex 13.242826086956521 8.265652173913043 0
    endloop
  endfacet
  facet normal 0 0 -1
    outer loop
      vertex 19.97873587222203 9.224365020601645 0
      vertex 20.0095223327305 9.150039924577527 0
      vertex 13.242826086956521 8.265652173913043 0
    endloop
  endfacet
  facet normal 0 0 -1
    outer loop
      vertex 19.956464758670847 9.301669765775618 0
      vertex 19.97873587222203 9.224365020601645 0
      vertex 13.242826086956521 8.265652173913043 0
    endloop
  endfacet
  facet normal 0 0 -1
    outer loop
      vertex 19.956464758670847 9.301669765775618 0
      vertex 13.242826086956521 8.265652173913043 0
      vertex 13.242826086956521 9.222173913043479 0
    endloop
  endfacet
  facet normal 0 0 -1
    outer loop
      vertex 19.94298906555642 9.38098200769528 0
      vertex 19.956464758670847 9.301669765775618 0
      vertex 13.242826086956521 9.222173913043479 0
    endloop
  endfacet
  facet normal 0 0 -1
    outer loop
      vertex 19.938478260869566 9.461304347826086 0
      vertex 19.94298906555642 9.38098200769528 0
      vertex 13.242826086956521 9.222173913043479 0
    endloop
  endfacet
  facet normal 0 0 -1
    outer loop
      vertex 19.938478260869566 10.417826086956522 0
      vertex 19.938478260869566 9.461304347826086 0
      vertex 13.242826086956521 9.222173913043479 0
    endloop
  endfacet
  facet normal 0 0 -1
    outer loop
      vertex 19.938478260869566 10.417826086956522 0
      vertex 13.242826086956521 9.222173913043479 0
      vertex 13.242826086956521 12.091739130434783 0
    endloop
  endfacet
  facet normal 0 0 -1
    outer loop
      vertex 19.94298906555642 10.498148427087328 0
      vertex 19.938478260869566 10.417826086956522 0
      vertex 13.242826086956521 12.091739130434783 0
    endloop
  endfacet
  facet normal 0 0 -1
    outer loop
      vertex 19.956464758670847 10.57746066900699 0
      vertex 19.94298906555642 10.498148427087328 0
      vertex 13.242826086956521 12.091739130434783 0
    endloop
  endfacet
  facet normal 0 0 -1
    outer loop
      vertex 19.97873587222203 10.654765414180963 0
      vertex 19.956464758670847 10.57746066900699 0
      vertex 13.242826086956521 12.091739130434783 0
    endloop
  endfacet
  facet normal 0 0 -1
    outer loop
      vertex 20.0095223327305 10.729090510205083 0
      vertex 19.97873587222203 10.654765414180963 0
      vertex 13.242826086956521 12.091739130434783 0
    endloop
  endfacet
  facet normal 0 0 -1
    outer loop
      vertex 20.0095223327305 10.729090510205083 0
      vertex 13.242826086956521 12.091739130434783 0
      vertex 13.242826086956521 14.004782608695653 0
    endloop
  endfacet
  facet normal 0 0 -1
    outer loop
      vertex 20.048436988916087 10.79950127299713 0
      vertex 20.0095223327305 10.729090510205083 0
      vertex 13.242826086956521 14.004782608695653 0
    endloop
  endfacet
  facet normal 0 0 -1
    outer loop
      vertex 20.09499045781467 10.865112249319969 0
      vertex 20.048436988916087 10.79950127299713 0
      vertex 13.242826086956521 14.004782608695653 0
    endloop
  endfacet
  facet normal 0 0 -1
    outer loop
      vertex 31.869936582472015 13.207906562051047 0
      vertex 24.611128228475216 10.79950127299713 0
      vertex 24.56457475957663 10.865112249319969 0
    endloop
  endfacet
  facet normal 0 0 -1
    outer loop
      vertex 20.14859731070373 10.92509834147018 0
      vertex 20.09499045781467 10.865112249319969 0
      vertex 13.242826086956521 14.004782608695653 0
    endloop
  endfacet
  facet normal 0 0 -1
    outer loop
      vertex 24.650042884660802 14.410909489794918 0
      vertex 31.869936582472015 13.207906562051047 0
      vertex 24.56457475957663 10.865112249319969 0
    endloop
  endfacet
  facet normal 0 0 -1
    outer loop
      vertex 24.611128228475216 14.34049872700287 0
      vertex 24.650042884660802 14.410909489794918 0
      vertex 24.56457475957663 10.865112249319969 0
    endloop
  endfacet
  facet normal 0 0 -1
    outer loop
      vertex 24.56457475957663 14.274887750680032 0
      vertex 24.611128228475216 14.34049872700287 0
      vertex 24.56457475957663 10.865112249319969 0
    endloop
  endfacet
  facet normal 0 0 -1
    outer loop
      vertex 24.56457475957663 14.274887750680032 0
      vertex 24.56457475957663 10.865112249319969 0
      vertex 24.51096790668757 10.92509834147018 0
    endloop
  endfacet
  facet normal 0 0 -1
    outer loop
      vertex 24.51096790668757 14.21490165852982 0
      vertex 24.56457475957663 14.274887750680032 0
      vertex 24.51096790668757 10.92509834147018 0
    endloop
  endfacet
  facet normal 0 0 -1
    outer loop
      vertex 24.51096790668757 14.21490165852982 0
      vertex 24.51096790668757 10.92509834147018 0
      vertex 24.450981814537357 10.978705194359241 0
    endloop
  endfacet
  facet normal 0 0 -1
    outer loop
      vertex 24.450981814537357 14.16129480564076 0
      vertex 24.51096790668757 14.21490165852982 0
      vertex 24.450981814537357 10.978705194359241 0
    endloop
  endfacet
  facet normal 0 0 -1
    outer loop
      vertex 24.450981814537357 14.16129480564076 0
      vertex 24.450981814537357 10.978705194359241 0
      vertex 24.38537083821452 11.025258663257826 0
    endloop
  endfacet
  facet normal 0 0 -1
    outer loop
      vertex 24.38537083821452 14.114741336742174 0
      vertex 24.450981814537357 14.16129480564076 0
      vertex 24.38537083821452 11.025258663257826 0
    endloop
  endfacet
  facet normal 0 0 -1
    outer loop
      vertex 24.38537083821452 14.114741336742174 0
      vertex 24.38537083821452 11.025258663257826 0
      vertex 24.314960075422473 11.064173319443412 0
    endloop
  endfacet
  facet normal 0 0 -1
    outer loop
      vertex 24.314960075422473 14.075826680556588 0
      vertex 24.38537083821452 14.114741336742174 0
      vertex 24.314960075422473 11.064173319443412 0
    endloop
  endfacet
  facet normal 0 0 -1
    outer loop
      vertex 24.314960075422473 14.075826680556588 0
      vertex 24.314960075422473 11.064173319443412 0
      vertex 24.240634979398354 11.094959779951884 0
    endloop
  endfacet
  facet normal 0 0 -1
    outer loop
      vertex 24.240634979398354 14.045040220048117 0
      vertex 24.314960075422473 14.075826680556588 0
      vertex 24.240634979398354 11.094959779951884 0
    endloop
  endfacet
  facet normal 0 0 -1
    outer loop
      vertex 24.240634979398354 14.045040220048117 0
      vertex 24.240634979398354 11.094959779951884 0
      vertex 24.163330234224382 11.117230893503065 0
    endloop
  endfacet
  facet normal 0 0 -1
    outer loop
      vertex 24.163330234224382 14.022769106496936 0
      vertex 24.240634979398354 14.045040220048117 0
      vertex 24.163330234224382 11.117230893503065 0
    endloop
  endfacet
  facet normal 0 0 -1
    outer loop
      vertex 24.163330234224382 14.022769106496936 0
      vertex 24.163330234224382 11.117230893503065 0
      vertex 24.08401799230472 11.13070658661749 0
    endloop
  endfacet
  facet normal 0 0 -1
    outer loop
      vertex 24.08401799230472 14.00929341338251 0
      vertex 24.163330234224382 14.022769106496936 0
      vertex 24.08401799230472 11.13070658661749 0
    endloop
  endfacet
  facet normal 0 0 -1
    outer loop
      vertex 24.08401799230472 14.00929341338251 0
      vertex 24.08401799230472 11.13070658661749 0
      vertex 24.003695652173914 11.135217391304348 0
    endloop
  endfacet
  facet normal 0 0 -1
    outer loop
      vertex 24.003695652173914 14.004782608695653 0
      vertex 24.08401799230472 14.00929341338251 0
      vertex 24.003695652173914 11.135217391304348 0
    endloop
  endfacet
  facet normal 0 0 -1
    outer loop
      vertex 24.003695652173914 14.004782608695653 0
      vertex 24.003695652173914 11.135217391304348 0
      vertex 20.65586956521739 11.135217391304348 0
    endloop
  endfacet
  facet normal 0 0 -1
    outer loop
      vertex 20.65586956521739 14.004782608695653 0
      vertex 24.003695652173914 14.004782608695653 0
      vertex 20.65586956521739 11.135217391304348 0
    endloop
  endfacet
  facet normal 0 0 -1
    outer loop
      vertex 20.65586956521739 14.004782608695653 0
      vertex 20.65586956521739 11.135217391304348 0
      vertex 20.575547225086584 11.13070658661749 0
    endloop
  endfacet
  facet normal 0 0 -1
    outer loop
      vertex 20.575547225086584 14.00929341338251 0
      vertex 20.65586956521739 14.004782608695653 0
      vertex 20.575547225086584 11.13070658661749 0
    endloop
  endfacet
  facet normal 0 0 -1
    outer loop
      vertex 20.575547225086584 14.00929341338251 0
      vertex 20.575547225086584 11.13070658661749 0
      vertex 20.49623498316692 11.117230893503065 0
    endloop
  endfacet
  facet normal 0 0 -1
    outer loop
      vertex 20.49623498316692 14.022769106496936 0
      vertex 20.575547225086584 14.00929341338251 0
      vertex 20.49623498316692 11.117230893503065 0
    endloop
  endfacet
  facet normal 0 0 -1
    outer loop
      vertex 20.49623498316692 14.022769106496936 0
      vertex 20.49623498316692 11.117230893503065 0
      vertex 20.41893023799295 11.094959779951884 0
    endloop
  endfacet
  facet normal 0 0 -1
    outer loop
      vertex 20.41893023799295 14.045040220048117 0
      vertex 20.49623498316692 14.022769106496936 0
      vertex 20.41893023799295 11.094959779951884 0
    endloop
  endfacet
  facet normal 0 0 -1
    outer loop
      vertex 20.41893023799295 14.045040220048117 0
      vertex 20.41893023799295 11.094959779951884 0
      vertex 20.34460514196883 11.064173319443412 0
    endloop
  endfacet
  facet normal 0 0 -1
    outer loop
      vertex 20.34460514196883 14.075826680556588 0
      vertex 20.41893023799295 14.045040220048117 0
      vertex 20.34460514196883 11.064173319443412 0
    endloop
  endfacet
  facet normal 0 0 -1
    outer loop
      vertex 20.14859731070373 10.92509834147018 0
      vertex 13.242826086956521 14.004782608695653 0
      vertex 13.242826086956521 15.439565217391305 0
    endloop
  endfacet
  facet normal 0 0 -1
    outer loop
      vertex 20.208583402853943 10.978705194359241 0
      vertex 20.14859731070373 10.92509834147018 0
      vertex 13.242826086956521 15.439565217391305 0
    endloop
  endfacet
  facet normal 0 0 -1
    outer loop
      vertex 20.274194379176784 11.025258663257826 0
      vertex 20.208583402853943 10.978705194359241 0
      vertex 13.242826086956521 15.439565217391305 0
    endloop
  endfacet
  facet normal 0 0 -1
    outer loop
      vertex 20.34460514196883 14.075826680556588 0
      vertex 20.34460514196883 11.064173319443412 0
      vertex 20.274194379176784 11.025258663257826 0
    endloop
  endfacet
  facet normal 0 0 -1
    outer loop
      vertex 20.34460514196883 14.075826680556588 0
      vertex 20.274194379176784 11.025258663257826 0
      vertex 13.242826086956521 15.439565217391305 0
    endloop
  endfacet
  facet normal 0 0 -1
    outer loop
      vertex 20.274194379176784 14.114741336742174 0
      vertex 20.34460514196883 14.075826680556588 0
      vertex 13.242826086956521 15.439565217391305 0
    endloop
  endfacet
  facet normal 0 0 -1
    outer loop
      vertex 20.208583402853943 14.16129480564076 0
      vertex 20.274194379176784 14.114741336742174 0
      vertex 13.242826086956521 15.439565217391305 0
    endloop
  endfacet
  facet normal 0 0 -1
    outer loop
      vertex 20.14859731070373 14.21490165852982 0
      vertex 20.208583402853943 14.16129480564076 0
      vertex 13.242826086956521 15.439565217391305 0
    endloop
  endfacet
  facet normal 0 0 -1
    outer loop
      vertex 20.09499045781467 14.274887750680032 0
      vertex 20.14859731070373 14.21490165852982 0
      vertex 13.242826086956521 15.439565217391305 0
    endloop
  endfacet
  facet normal 0 0 -1
    outer loop
      vertex 20.048436988916087 14.34049872700287 0
      vertex 20.09499045781467 14.274887750680032 0
      vertex 13.242826086956521 15.439565217391305 0
    endloop
  endfacet
  facet normal 0 0 -1
    outer loop
      vertex 20.0095223327305 14.410909489794918 0
      vertex 20.048436988916087 14.34049872700287 0
      vertex 13.242826086956521 15.439565217391305 0
    endloop
  endfacet
  facet normal 0 0 -1
    outer loop
      vertex 19.97873587222203 14.485234585819038 0
      vertex 20.0095223327305 14.410909489794918 0
      vertex 13.242826086956521 15.439565217391305 0
    endloop
  endfacet
  facet normal 0 0 -1
    outer loop
      vertex 19.956464758670847 14.56253933099301 0
      vertex 19.97873587222203 14.485234585819038 0
      vertex 13.242826086956521 15.439565217391305 0
    endloop
  endfacet
  facet normal 0 0 -1
    outer loop
      vertex 19.94298906555642 14.641851572912673 0
      vertex 19.956464758670847 14.56253933099301 0
      vertex 13.242826086956521 15.439565217391305 0
    endloop
  endfacet
  facet normal 0 0 -1
    outer loop
      vertex 19.938478260869566 14.722173913043479 0
      vertex 19.94298906555642 14.641851572912673 0
      vertex 13.242826086956521 15.439565217391305 0
    endloop
  endfacet
  facet normal 0 0 -1
    outer loop
      vertex 19.938478260869566 15.678695652173914 0
      vertex 19.938478260869566 14.722173913043479 0
      vertex 13.242826086956521 15.439565217391305 0
    endloop
  endfacet
  facet normal 0 0 -1
    outer loop
      vertex 19.938478260869566 15.678695652173914 0
      vertex 13.242826086956521 15.439565217391305 0
      vertex 13.242826086956521 16.874347826086957 0
    endloop
  endfacet
  facet normal 0 0 -1
    outer loop
      vertex 19.94298906555642 15.75901799230472 0
      vertex 19.938478260869566 15.678695652173914 0
      vertex 13.242826086956521 16.874347826086957 0
    endloop
  endfacet
  facet normal 0 0 -1
    outer loop
      vertex 19.956464758670847 15.838330234224383 0
      vertex 19.94298906555642 15.75901799230472 0
      vertex 13.242826086956521 16.874347826086957 0
    endloop
  endfacet
  facet normal 0 0 -1
    outer loop
      vertex 19.97873587222203 15.915634979398355 0
      vertex 19.956464758670847 15.838330234224383 0
      vertex 13.242826086956521 16.874347826086957 0
    endloop
  endfacet
  facet normal 0 0 -1
    outer loop
      vertex 20.0095223327305 15.989960075422474 0
      vertex 19.97873587222203 15.915634979398355 0
      vertex 13.242826086956521 16.874347826086957 0
    endloop
  endfacet
  facet normal 0 0 -1
    outer loop
      vertex 20.048436988916087 16.06037083821452 0
      vertex 20.0095223327305 15.989960075422474 0
      vertex 13.242826086956521 16.874347826086957 0
    endloop
  endfacet
  facet normal 0 0 -1
    outer loop
      vertex 20.09499045781467 16.12598181453736 0
      vertex 20.048436988916087 16.06037083821452 0
      vertex 13.242826086956521 16.874347826086957 0
    endloop
  endfacet
  facet normal 0 0 -1
    outer loop
      vertex 20.14859731070373 16.185967906687573 0
      vertex 20.09499045781467 16.12598181453736 0
      vertex 13.242826086956521 16.874347826086957 0
    endloop
  endfacet
  facet normal 0 0 -1
    outer loop
      vertex 23.764565217391304 20.700434782608696 0
      vertex 20.65586956521739 16.39608695652174 0
      vertex 20.575547225086584 16.391576151834883 0
    endloop
  endfacet
  facet normal 0 0 -1
    outer loop
      vertex 20.208583402853943 16.239574759576634 0
      vertex 20.14859731070373 16.185967906687573 0
      vertex 13.242826086956521 16.874347826086957 0
    endloop
  endfacet
  facet normal 0 0 -1
    outer loop
      vertex 13.242826086956521 16.874347826086957 0
      vertex 9.895 20.700434782608696 0
      vertex 23.764565217391304 20.700434782608696 0
    endloop
  endfacet
  facet normal 0 0 -1
    outer loop
      vertex 13.242826086956521 16.874347826086957 0
      vertex 23.764565217391304 20.700434782608696 0
      vertex 20.575547225086584 16.391576151834883 0
    endloop
  endfacet
  facet normal 0 0 -1
    outer loop
      vertex 13.242826086956521 16.874347826086957 0
      vertex 20.575547225086584 16.391576151834883 0
      vertex 20.49623498316692 16.378100458720457 0
    endloop
  endfacet
  facet normal 0 0 -1
    outer loop
      vertex 13.242826086956521 16.874347826086957 0
      vertex 20.49623498316692 16.378100458720457 0
      vertex 20.41893023799295 16.355829345169276 0
    endloop
  endfacet
  facet normal 0 0 -1
    outer loop
      vertex 13.242826086956521 16.874347826086957 0
      vertex 20.41893023799295 16.355829345169276 0
      vertex 20.34460514196883 16.325042884660803 0
    endloop
  endfacet
  facet normal 0 0 -1
    outer loop
      vertex 13.242826086956521 16.874347826086957 0
      vertex 20.34460514196883 16.325042884660803 0
      vertex 20.274194379176784 16.286128228475217 0
    endloop
  endfacet
  facet normal 0 0 -1
    outer loop
      vertex 20.208583402853943 16.239574759576634 0
      vertex 13.242826086956521 16.874347826086957 0
      vertex 20.274194379176784 16.286128228475217 0
    endloop
  endfacet
endsolid OpenSCAD_Model
