solid OpenSCAD_Model
  facet normal 1 0 0
    outer loop
      vertex 9.061 23.131817603983343 2.5700735091368525
      vertex 9.061 23.131817603983343 0.6299264908631503
      vertex 9.061 23.31334874467058 2.473043092917674
    endloop
  endfacet
  facet normal 1 0 0
    outer loop
      vertex 9.061 22.934844838116934 2.6298245444233928
      vertex 9.061 22.879999997019766 2.635226289789953
      vertex 9.061 22.934844838116934 0.5701754555766101
    endloop
  endfacet
  facet normal 1 0 0
    outer loop
      vertex 9.061 23.131817603983343 2.5700735091368525
      vertex 9.061 22.934844838116934 2.6298245444233928
      vertex 9.061 22.934844838116934 0.5701754555766101
    endloop
  endfacet
  facet normal 1 0 0
    outer loop
      vertex 9.061 23.60304309291767 2.1833487446705835
      vertex 9.061 23.60304309291767 1.0166512553294194
      vertex 9.061 23.70007350913685 2.001817603983346
    endloop
  endfacet
  facet normal 1 0 0
    outer loop
      vertex 9.061 23.472462120245872 2.3424621202458766
      vertex 9.061 23.31334874467058 2.473043092917674
      vertex 9.061 23.31334874467058 0.7269569070823287
    endloop
  endfacet
  facet normal 1 0 0
    outer loop
      vertex 9.061 23.60304309291767 2.1833487446705835
      vertex 9.061 23.472462120245872 2.3424621202458766
      vertex 9.061 23.472462120245872 0.8575378797541262
    endloop
  endfacet
  facet normal 2.4643957757961535e-20 -0.09801714032955533 -0.9951847266721974
    outer loop
      vertex 9.061 22.934844838116934 2.6298245444233928
      vertex 16.761 22.879999997019766 2.635226289789953
      vertex 9.061 22.879999997019766 2.635226289789953
    endloop
  endfacet
  facet normal 0 -0.4713967368259981 -0.8819212643483548
    outer loop
      vertex 9.061 23.131817603983343 2.5700735091368525
      vertex 9.061 23.31334874467058 2.473043092917674
      vertex 16.761 23.131817603983343 2.5700735091368525
    endloop
  endfacet
  facet normal -4.817215763948458e-19 -0.29028467725446017 -0.9569403357322095
    outer loop
      vertex 9.061 23.131817603983343 2.5700735091368525
      vertex 16.761 22.934844838116934 2.6298245444233928
      vertex 9.061 22.934844838116934 2.6298245444233928
    endloop
  endfacet
  facet normal 0 -0.09801714032955533 -0.9951847266721974
    outer loop
      vertex 9.061 22.934844838116934 2.6298245444233928
      vertex 16.761 22.934844838116934 2.6298245444233928
      vertex 16.761 22.879999997019766 2.635226289789953
    endloop
  endfacet
  facet normal 0 -0.29028467725446017 -0.9569403357322095
    outer loop
      vertex 9.061 23.131817603983343 2.5700735091368525
      vertex 16.761 23.131817603983343 2.5700735091368525
      vertex 16.761 22.934844838116934 2.6298245444233928
    endloop
  endfacet
  facet normal -3.970941320853703e-19 -0.6343932841636479 -0.773010453362735
    outer loop
      vertex 9.061 23.472462120245872 2.3424621202458766
      vertex 16.761 23.31334874467058 2.473043092917674
      vertex 9.061 23.31334874467058 2.473043092917674
    endloop
  endfacet
  facet normal 0 -0.7730104533627384 -0.6343932841636437
    outer loop
      vertex 9.061 23.60304309291767 2.1833487446705835
      vertex 16.761 23.60304309291767 2.1833487446705835
      vertex 9.061 23.472462120245872 2.3424621202458766
    endloop
  endfacet
  facet normal 0 -0.4713967368259981 -0.8819212643483548
    outer loop
      vertex 9.061 23.31334874467058 2.473043092917674
      vertex 16.761 23.31334874467058 2.473043092917674
      vertex 16.761 23.131817603983343 2.5700735091368525
    endloop
  endfacet
  facet normal 0 -0.6343932841636479 -0.773010453362735
    outer loop
      vertex 9.061 23.472462120245872 2.3424621202458766
      vertex 16.761 23.472462120245872 2.3424621202458766
      vertex 16.761 23.31334874467058 2.473043092917674
    endloop
  endfacet
  facet normal 0 -0.8819212643483513 -0.4713967368260048
    outer loop
      vertex 9.061 23.60304309291767 2.1833487446705835
      vertex 16.761 23.70007350913685 2.001817603983346
      vertex 16.761 23.60304309291767 2.1833487446705835
    endloop
  endfacet
  facet normal 0 -0.7730104533627384 -0.6343932841636437
    outer loop
      vertex 9.061 23.472462120245872 2.3424621202458766
      vertex 16.761 23.60304309291767 2.1833487446705835
      vertex 16.761 23.472462120245872 2.3424621202458766
    endloop
  endfacet
  facet normal -1.0376454937930622e-18 -0.8819212643483513 -0.4713967368260048
    outer loop
      vertex 9.061 23.60304309291767 2.1833487446705835
      vertex 9.061 23.70007350913685 2.001817603983346
      vertex 16.761 23.70007350913685 2.001817603983346
    endloop
  endfacet
  facet normal -3.6397221767300946e-19 -0.9569403357322124 -0.2902846772544511
    outer loop
      vertex 9.061 23.70007350913685 2.001817603983346
      vertex 9.061 23.759824544423388 1.804844838116936
      vertex 16.761 23.759824544423388 1.804844838116936
    endloop
  endfacet
  facet normal 0 -0.9569403357322124 -0.2902846772544511
    outer loop
      vertex 9.061 23.70007350913685 2.001817603983346
      vertex 16.761 23.759824544423388 1.804844838116936
      vertex 16.761 23.70007350913685 2.001817603983346
    endloop
  endfacet
  facet normal 0 -0.9951847266721963 -0.09801714032956715
    outer loop
      vertex 9.061 23.759824544423388 1.804844838116936
      vertex 16.761 23.779999999999998 1.6000000000000014
      vertex 16.761 23.759824544423388 1.804844838116936
    endloop
  endfacet
  facet normal -1 0 0
    outer loop
      vertex 16.761 23.472462120245872 2.3424621202458766
      vertex 16.761 23.472462120245872 0.8575378797541262
      vertex 16.761 23.31334874467058 2.473043092917674
    endloop
  endfacet
  facet normal -1 0 0
    outer loop
      vertex 16.761 23.131817603983343 2.5700735091368525
      vertex 16.761 23.31334874467058 2.473043092917674
      vertex 16.761 23.31334874467058 0.7269569070823287
    endloop
  endfacet
  facet normal -1 0 0
    outer loop
      vertex 16.761 23.131817603983343 2.5700735091368525
      vertex 16.761 23.131817603983343 0.6299264908631503
      vertex 16.761 22.934844838116934 2.6298245444233928
    endloop
  endfacet
  facet normal -1 0 0
    outer loop
      vertex 16.761 22.934844838116934 2.6298245444233928
      vertex 16.761 22.879999997019766 0.5647737102100496
      vertex 16.761 22.879999997019766 2.635226289789953
    endloop
  endfacet
  facet normal -1 0 0
    outer loop
      vertex 16.761 23.60304309291767 2.1833487446705835
      vertex 16.761 23.70007350913685 2.001817603983346
      vertex 16.761 23.70007350913685 1.1981823960166569
    endloop
  endfacet
  facet normal -1 0 0
    outer loop
      vertex 16.761 23.70007350913685 2.001817603983346
      vertex 16.761 23.759824544423388 1.804844838116936
      vertex 16.761 23.759824544423388 1.3951551618830669
    endloop
  endfacet
  facet normal -1 0 0
    outer loop
      vertex 16.761 23.60304309291767 2.1833487446705835
      vertex 16.761 23.60304309291767 1.0166512553294194
      vertex 16.761 23.472462120245872 2.3424621202458766
    endloop
  endfacet
  facet normal 1 0 0
    outer loop
      vertex 9.061 23.70007350913685 2.001817603983346
      vertex 9.061 23.70007350913685 1.1981823960166569
      vertex 9.061 23.759824544423388 1.804844838116936
    endloop
  endfacet
  facet normal 1 0 0
    outer loop
      vertex 9.061 23.759824544423388 1.804844838116936
      vertex 9.061 23.759824544423388 1.3951551618830669
      vertex 9.061 23.779999999999998 1.6000000000000014
    endloop
  endfacet
  facet normal 1 0 0
    outer loop
      vertex 9.061 23.759824544423388 1.804844838116936
      vertex 9.061 23.70007350913685 1.1981823960166569
      vertex 9.061 23.759824544423388 1.3951551618830669
    endloop
  endfacet
  facet normal 1 0 0
    outer loop
      vertex 9.061 23.70007350913685 2.001817603983346
      vertex 9.061 23.60304309291767 1.0166512553294194
      vertex 9.061 23.70007350913685 1.1981823960166569
    endloop
  endfacet
  facet normal 1 0 0
    outer loop
      vertex 9.061 23.60304309291767 2.1833487446705835
      vertex 9.061 23.472462120245872 0.8575378797541262
      vertex 9.061 23.60304309291767 1.0166512553294194
    endloop
  endfacet
  facet normal 1 0 0
    outer loop
      vertex 9.061 23.472462120245872 2.3424621202458766
      vertex 9.061 23.31334874467058 0.7269569070823287
      vertex 9.061 23.472462120245872 0.8575378797541262
    endloop
  endfacet
  facet normal 1 0 0
    outer loop
      vertex 9.061 23.31334874467058 2.473043092917674
      vertex 9.061 23.131817603983343 0.6299264908631503
      vertex 9.061 23.31334874467058 0.7269569070823287
    endloop
  endfacet
  facet normal 1 0 0
    outer loop
      vertex 9.061 23.131817603983343 2.5700735091368525
      vertex 9.061 22.934844838116934 0.5701754555766101
      vertex 9.061 23.131817603983343 0.6299264908631503
    endloop
  endfacet
  facet normal 1 0 0
    outer loop
      vertex 9.061 22.879999997019766 2.635226289789953
      vertex 9.061 22.879999997019766 0.5647737102100496
      vertex 9.061 22.934844838116934 0.5701754555766101
    endloop
  endfacet
  facet normal 1.4146978927343293e-19 -0.9951847266721963 -0.09801714032956715
    outer loop
      vertex 9.061 23.759824544423388 1.804844838116936
      vertex 9.061 23.779999999999998 1.6000000000000014
      vertex 16.761 23.779999999999998 1.6000000000000014
    endloop
  endfacet
  facet normal -1.4146978927343293e-19 -0.9951847266721963 0.09801714032956715
    outer loop
      vertex 9.061 23.779999999999998 1.6000000000000014
      vertex 9.061 23.759824544423388 1.3951551618830669
      vertex 16.761 23.759824544423388 1.3951551618830669
    endloop
  endfacet
  facet normal 3.6397221767300946e-19 -0.9569403357322124 0.2902846772544511
    outer loop
      vertex 9.061 23.759824544423388 1.3951551618830669
      vertex 9.061 23.70007350913685 1.1981823960166569
      vertex 16.761 23.70007350913685 1.1981823960166569
    endloop
  endfacet
  facet normal 0 -0.9951847266721963 0.09801714032956715
    outer loop
      vertex 9.061 23.779999999999998 1.6000000000000014
      vertex 16.761 23.759824544423388 1.3951551618830669
      vertex 16.761 23.779999999999998 1.6000000000000014
    endloop
  endfacet
  facet normal 0 -0.9569403357322124 0.2902846772544511
    outer loop
      vertex 9.061 23.759824544423388 1.3951551618830669
      vertex 16.761 23.70007350913685 1.1981823960166569
      vertex 16.761 23.759824544423388 1.3951551618830669
    endloop
  endfacet
  facet normal 1.0376454937930622e-18 -0.8819212643483513 0.4713967368260048
    outer loop
      vertex 9.061 23.70007350913685 1.1981823960166569
      vertex 9.061 23.60304309291767 1.0166512553294194
      vertex 16.761 23.60304309291767 1.0166512553294194
    endloop
  endfacet
  facet normal 8.506795681461059e-20 -0.7730104533627384 0.6343932841636437
    outer loop
      vertex 9.061 23.60304309291767 1.0166512553294194
      vertex 9.061 23.472462120245872 0.8575378797541262
      vertex 16.761 23.472462120245872 0.8575378797541262
    endloop
  endfacet
  facet normal 0 -0.8819212643483513 0.4713967368260048
    outer loop
      vertex 9.061 23.70007350913685 1.1981823960166569
      vertex 16.761 23.60304309291767 1.0166512553294194
      vertex 16.761 23.70007350913685 1.1981823960166569
    endloop
  endfacet
  facet normal 0 -0.7730104533627384 0.6343932841636437
    outer loop
      vertex 9.061 23.60304309291767 1.0166512553294194
      vertex 16.761 23.472462120245872 0.8575378797541262
      vertex 16.761 23.60304309291767 1.0166512553294194
    endloop
  endfacet
  facet normal -1 0 0
    outer loop
      vertex 16.761 23.759824544423388 1.804844838116936
      vertex 16.761 23.779999999999998 1.6000000000000014
      vertex 16.761 23.759824544423388 1.3951551618830669
    endloop
  endfacet
  facet normal -1 0 0
    outer loop
      vertex 16.761 23.70007350913685 2.001817603983346
      vertex 16.761 23.759824544423388 1.3951551618830669
      vertex 16.761 23.70007350913685 1.1981823960166569
    endloop
  endfacet
  facet normal -1 0 0
    outer loop
      vertex 16.761 23.60304309291767 2.1833487446705835
      vertex 16.761 23.70007350913685 1.1981823960166569
      vertex 16.761 23.60304309291767 1.0166512553294194
    endloop
  endfacet
  facet normal -1 0 0
    outer loop
      vertex 16.761 23.472462120245872 2.3424621202458766
      vertex 16.761 23.60304309291767 1.0166512553294194
      vertex 16.761 23.472462120245872 0.8575378797541262
    endloop
  endfacet
  facet normal -1 0 0
    outer loop
      vertex 16.761 23.31334874467058 2.473043092917674
      vertex 16.761 23.472462120245872 0.8575378797541262
      vertex 16.761 23.31334874467058 0.7269569070823287
    endloop
  endfacet
  facet normal -1 0 0
    outer loop
      vertex 16.761 23.131817603983343 2.5700735091368525
      vertex 16.761 23.31334874467058 0.7269569070823287
      vertex 16.761 23.131817603983343 0.6299264908631503
    endloop
  endfacet
  facet normal -1 0 0
    outer loop
      vertex 16.761 22.934844838116934 2.6298245444233928
      vertex 16.761 23.131817603983343 0.6299264908631503
      vertex 16.761 22.934844838116934 0.5701754555766101
    endloop
  endfacet
  facet normal -1 0 0
    outer loop
      vertex 16.761 22.934844838116934 2.6298245444233928
      vertex 16.761 22.934844838116934 0.5701754555766101
      vertex 16.761 22.879999997019766 0.5647737102100496
    endloop
  endfacet
  facet normal 0 -0.6343932841636479 0.773010453362735
    outer loop
      vertex 9.061 23.472462120245872 0.8575378797541262
      vertex 9.061 23.31334874467058 0.7269569070823287
      vertex 16.761 23.472462120245872 0.8575378797541262
    endloop
  endfacet
  facet normal 0 -0.4713967368259981 0.8819212643483548
    outer loop
      vertex 9.061 23.31334874467058 0.7269569070823287
      vertex 9.061 23.131817603983343 0.6299264908631503
      vertex 16.761 23.31334874467058 0.7269569070823287
    endloop
  endfacet
  facet normal 0 -0.29028467725446017 0.9569403357322095
    outer loop
      vertex 9.061 23.131817603983343 0.6299264908631503
      vertex 9.061 22.934844838116934 0.5701754555766101
      vertex 16.761 23.131817603983343 0.6299264908631503
    endloop
  endfacet
  facet normal 0 -0.09801714032955533 0.9951847266721974
    outer loop
      vertex 9.061 22.934844838116934 0.5701754555766101
      vertex 9.061 22.879999997019766 0.5647737102100496
      vertex 16.761 22.934844838116934 0.5701754555766101
    endloop
  endfacet
  facet normal 0 -0.6343932841636479 0.773010453362735
    outer loop
      vertex 9.061 23.31334874467058 0.7269569070823287
      vertex 16.761 23.31334874467058 0.7269569070823287
      vertex 16.761 23.472462120245872 0.8575378797541262
    endloop
  endfacet
  facet normal 0 -0.4713967368259981 0.8819212643483548
    outer loop
      vertex 9.061 23.131817603983343 0.6299264908631503
      vertex 16.761 23.131817603983343 0.6299264908631503
      vertex 16.761 23.31334874467058 0.7269569070823287
    endloop
  endfacet
  facet normal 0 -0.29028467725446017 0.9569403357322095
    outer loop
      vertex 9.061 22.934844838116934 0.5701754555766101
      vertex 16.761 22.934844838116934 0.5701754555766101
      vertex 16.761 23.131817603983343 0.6299264908631503
    endloop
  endfacet
  facet normal 0 -0.09801714032955533 0.9951847266721974
    outer loop
      vertex 9.061 22.879999997019766 0.5647737102100496
      vertex 16.761 22.879999997019766 0.5647737102100496
      vertex 16.761 22.934844838116934 0.5701754555766101
    endloop
  endfacet
  facet normal 1 0 0
    outer loop
      vertex 9.061 1.4500000047683699 2.6352262899660692
      vertex 9.061 1.3951551618830678 2.6298245444233928
      vertex 9.061 1.4500000047683699 0.5647737100339327
    endloop
  endfacet
  facet normal 1 0 0
    outer loop
      vertex 9.061 1.3951551618830678 2.6298245444233928
      vertex 9.061 1.1981823960166587 2.5700735091368525
      vertex 9.061 1.1981823960166587 0.6299264908631503
    endloop
  endfacet
  facet normal 1 0 0
    outer loop
      vertex 9.061 1.1981823960166587 2.5700735091368525
      vertex 9.061 1.0166512553294176 2.473043092917674
      vertex 9.061 1.0166512553294176 0.7269569070823287
    endloop
  endfacet
  facet normal 1 0 0
    outer loop
      vertex 9.061 1.0166512553294176 2.473043092917674
      vertex 9.061 0.8575378797541262 2.3424621202458766
      vertex 9.061 0.8575378797541262 0.8575378797541262
    endloop
  endfacet
  facet normal 1 0 0
    outer loop
      vertex 9.061 0.8575378797541262 2.3424621202458766
      vertex 9.061 0.7269569070823287 2.1833487446705835
      vertex 9.061 0.7269569070823287 1.0166512553294194
    endloop
  endfacet
  facet normal 1 0 0
    outer loop
      vertex 9.061 0.7269569070823287 2.1833487446705835
      vertex 9.061 0.6299264908631521 2.001817603983346
      vertex 9.061 0.6299264908631521 1.1981823960166569
    endloop
  endfacet
  facet normal 1 0 0
    outer loop
      vertex 9.061 0.6299264908631521 2.001817603983346
      vertex 9.061 0.5701754555766101 1.804844838116936
      vertex 9.061 0.5701754555766101 1.3951551618830669
    endloop
  endfacet
  facet normal 5.982725111813158e-20 0.0980171403295585 -0.9951847266721972
    outer loop
      vertex 9.061 1.4500000047683699 2.6352262899660692
      vertex 16.761 1.3951551618830678 2.6298245444233928
      vertex 9.061 1.3951551618830678 2.6298245444233928
    endloop
  endfacet
  facet normal 4.817215763948458e-19 0.29028467725446017 -0.9569403357322095
    outer loop
      vertex 9.061 1.3951551618830678 2.6298245444233928
      vertex 16.761 1.1981823960166587 2.5700735091368525
      vertex 9.061 1.1981823960166587 2.5700735091368525
    endloop
  endfacet
  facet normal 0 0.0980171403295585 -0.9951847266721972
    outer loop
      vertex 9.061 1.4500000047683699 2.6352262899660692
      vertex 16.761 1.4500000047683699 2.6352262899660692
      vertex 16.761 1.3951551618830678 2.6298245444233928
    endloop
  endfacet
  facet normal 0 0.29028467725446017 -0.9569403357322095
    outer loop
      vertex 9.061 1.3951551618830678 2.6298245444233928
      vertex 16.761 1.3951551618830678 2.6298245444233928
      vertex 16.761 1.1981823960166587 2.5700735091368525
    endloop
  endfacet
  facet normal 0 0.47139673682599087 -0.8819212643483586
    outer loop
      vertex 9.061 1.1981823960166587 2.5700735091368525
      vertex 16.761 1.1981823960166587 2.5700735091368525
      vertex 16.761 1.0166512553294176 2.473043092917674
    endloop
  endfacet
  facet normal -2.4248414056584533e-19 0.47139673682599087 -0.8819212643483586
    outer loop
      vertex 9.061 1.1981823960166587 2.5700735091368525
      vertex 16.761 1.0166512553294176 2.473043092917674
      vertex 9.061 1.0166512553294176 2.473043092917674
    endloop
  endfacet
  facet normal 3.970941320853703e-19 0.6343932841636479 -0.773010453362735
    outer loop
      vertex 9.061 1.0166512553294176 2.473043092917674
      vertex 16.761 0.8575378797541262 2.3424621202458766
      vertex 9.061 0.8575378797541262 2.3424621202458766
    endloop
  endfacet
  facet normal 0 0.7730104533627384 -0.6343932841636437
    outer loop
      vertex 9.061 0.8575378797541262 2.3424621202458766
      vertex 16.761 0.8575378797541262 2.3424621202458766
      vertex 9.061 0.7269569070823287 2.1833487446705835
    endloop
  endfacet
  facet normal 0 0.8819212643483584 -0.47139673682599137
    outer loop
      vertex 9.061 0.7269569070823287 2.1833487446705835
      vertex 16.761 0.7269569070823287 2.1833487446705835
      vertex 9.061 0.6299264908631521 2.001817603983346
    endloop
  endfacet
  facet normal 0 0.6343932841636479 -0.773010453362735
    outer loop
      vertex 9.061 1.0166512553294176 2.473043092917674
      vertex 16.761 1.0166512553294176 2.473043092917674
      vertex 16.761 0.8575378797541262 2.3424621202458766
    endloop
  endfacet
  facet normal 0 0.7730104533627384 -0.6343932841636437
    outer loop
      vertex 9.061 0.7269569070823287 2.1833487446705835
      vertex 16.761 0.8575378797541262 2.3424621202458766
      vertex 16.761 0.7269569070823287 2.1833487446705835
    endloop
  endfacet
  facet normal 0 0.9569403357322075 -0.29028467725446694
    outer loop
      vertex 9.061 0.6299264908631521 2.001817603983346
      vertex 16.761 0.6299264908631521 2.001817603983346
      vertex 9.061 0.5701754555766101 1.804844838116936
    endloop
  endfacet
  facet normal 0 0.9951847266721963 -0.09801714032956715
    outer loop
      vertex 9.061 0.5701754555766101 1.804844838116936
      vertex 16.761 0.5701754555766101 1.804844838116936
      vertex 9.061 0.5500000000000007 1.6000000000000014
    endloop
  endfacet
  facet normal 0 0.8819212643483584 -0.47139673682599137
    outer loop
      vertex 9.061 0.6299264908631521 2.001817603983346
      vertex 16.761 0.7269569070823287 2.1833487446705835
      vertex 16.761 0.6299264908631521 2.001817603983346
    endloop
  endfacet
  facet normal 0 0.9569403357322075 -0.29028467725446694
    outer loop
      vertex 9.061 0.5701754555766101 1.804844838116936
      vertex 16.761 0.6299264908631521 2.001817603983346
      vertex 16.761 0.5701754555766101 1.804844838116936
    endloop
  endfacet
  facet normal -1 0 0
    outer loop
      vertex 16.761 1.4500000047683699 2.6352262899660692
      vertex 16.761 1.3951551618830678 0.5701754555766101
      vertex 16.761 1.3951551618830678 2.6298245444233928
    endloop
  endfacet
  facet normal -1 0 0
    outer loop
      vertex 16.761 1.3951551618830678 2.6298245444233928
      vertex 16.761 1.3951551618830678 0.5701754555766101
      vertex 16.761 1.1981823960166587 2.5700735091368525
    endloop
  endfacet
  facet normal -1 0 0
    outer loop
      vertex 16.761 1.1981823960166587 2.5700735091368525
      vertex 16.761 1.1981823960166587 0.6299264908631503
      vertex 16.761 1.0166512553294176 2.473043092917674
    endloop
  endfacet
  facet normal -1 0 0
    outer loop
      vertex 16.761 1.0166512553294176 2.473043092917674
      vertex 16.761 1.0166512553294176 0.7269569070823287
      vertex 16.761 0.8575378797541262 2.3424621202458766
    endloop
  endfacet
  facet normal -1 0 0
    outer loop
      vertex 16.761 0.8575378797541262 2.3424621202458766
      vertex 16.761 0.8575378797541262 0.8575378797541262
      vertex 16.761 0.7269569070823287 2.1833487446705835
    endloop
  endfacet
  facet normal -1 0 0
    outer loop
      vertex 16.761 0.7269569070823287 2.1833487446705835
      vertex 16.761 0.7269569070823287 1.0166512553294194
      vertex 16.761 0.6299264908631521 2.001817603983346
    endloop
  endfacet
  facet normal 1 0 0
    outer loop
      vertex 9.061 0.5701754555766101 1.804844838116936
      vertex 9.061 0.5500000000000007 1.6000000000000014
      vertex 9.061 0.5701754555766101 1.3951551618830669
    endloop
  endfacet
  facet normal 1 0 0
    outer loop
      vertex 9.061 0.6299264908631521 2.001817603983346
      vertex 9.061 0.5701754555766101 1.3951551618830669
      vertex 9.061 0.6299264908631521 1.1981823960166569
    endloop
  endfacet
  facet normal 1 0 0
    outer loop
      vertex 9.061 0.8575378797541262 2.3424621202458766
      vertex 9.061 0.7269569070823287 1.0166512553294194
      vertex 9.061 0.8575378797541262 0.8575378797541262
    endloop
  endfacet
  facet normal 1 0 0
    outer loop
      vertex 9.061 1.3951551618830678 2.6298245444233928
      vertex 9.061 1.1981823960166587 0.6299264908631503
      vertex 9.061 1.3951551618830678 0.5701754555766101
    endloop
  endfacet
  facet normal 1 0 0
    outer loop
      vertex 9.061 1.0166512553294176 2.473043092917674
      vertex 9.061 0.8575378797541262 0.8575378797541262
      vertex 9.061 1.0166512553294176 0.7269569070823287
    endloop
  endfacet
  facet normal 1 0 0
    outer loop
      vertex 9.061 1.1981823960166587 2.5700735091368525
      vertex 9.061 1.0166512553294176 0.7269569070823287
      vertex 9.061 1.1981823960166587 0.6299264908631503
    endloop
  endfacet
  facet normal 1 0 0
    outer loop
      vertex 9.061 0.7269569070823287 2.1833487446705835
      vertex 9.061 0.6299264908631521 1.1981823960166569
      vertex 9.061 0.7269569070823287 1.0166512553294194
    endloop
  endfacet
  facet normal 1 0 0
    outer loop
      vertex 9.061 1.3951551618830678 2.6298245444233928
      vertex 9.061 1.3951551618830678 0.5701754555766101
      vertex 9.061 1.4500000047683699 0.5647737100339327
    endloop
  endfacet
  facet normal 0 0.9951847266721963 0.09801714032956715
    outer loop
      vertex 9.061 0.5500000000000007 1.6000000000000014
      vertex 16.761 0.5500000000000007 1.6000000000000014
      vertex 9.061 0.5701754555766101 1.3951551618830669
    endloop
  endfacet
  facet normal 0 0.9569403357322075 0.29028467725446694
    outer loop
      vertex 9.061 0.5701754555766101 1.3951551618830669
      vertex 16.761 0.5701754555766101 1.3951551618830669
      vertex 9.061 0.6299264908631521 1.1981823960166569
    endloop
  endfacet
  facet normal 0 0.9951847266721963 -0.09801714032956715
    outer loop
      vertex 9.061 0.5500000000000007 1.6000000000000014
      vertex 16.761 0.5701754555766101 1.804844838116936
      vertex 16.761 0.5500000000000007 1.6000000000000014
    endloop
  endfacet
  facet normal 0 0.9951847266721963 0.09801714032956715
    outer loop
      vertex 9.061 0.5701754555766101 1.3951551618830669
      vertex 16.761 0.5500000000000007 1.6000000000000014
      vertex 16.761 0.5701754555766101 1.3951551618830669
    endloop
  endfacet
  facet normal 0 0.9569403357322075 0.29028467725446694
    outer loop
      vertex 9.061 0.6299264908631521 1.1981823960166569
      vertex 16.761 0.5701754555766101 1.3951551618830669
      vertex 16.761 0.6299264908631521 1.1981823960166569
    endloop
  endfacet
  facet normal 0 0.8819212643483584 0.47139673682599137
    outer loop
      vertex 9.061 0.6299264908631521 1.1981823960166569
      vertex 16.761 0.6299264908631521 1.1981823960166569
      vertex 9.061 0.7269569070823287 1.0166512553294194
    endloop
  endfacet
  facet normal 0 0.7730104533627384 0.6343932841636437
    outer loop
      vertex 9.061 0.7269569070823287 1.0166512553294194
      vertex 16.761 0.7269569070823287 1.0166512553294194
      vertex 9.061 0.8575378797541262 0.8575378797541262
    endloop
  endfacet
  facet normal 0 0.8819212643483584 0.47139673682599137
    outer loop
      vertex 9.061 0.7269569070823287 1.0166512553294194
      vertex 16.761 0.6299264908631521 1.1981823960166569
      vertex 16.761 0.7269569070823287 1.0166512553294194
    endloop
  endfacet
  facet normal 0 0.7730104533627384 0.6343932841636437
    outer loop
      vertex 9.061 0.8575378797541262 0.8575378797541262
      vertex 16.761 0.7269569070823287 1.0166512553294194
      vertex 16.761 0.8575378797541262 0.8575378797541262
    endloop
  endfacet
  facet normal -1 0 0
    outer loop
      vertex 16.761 0.6299264908631521 2.001817603983346
      vertex 16.761 0.6299264908631521 1.1981823960166569
      vertex 16.761 0.5701754555766101 1.804844838116936
    endloop
  endfacet
  facet normal -1 0 0
    outer loop
      vertex 16.761 0.5701754555766101 1.804844838116936
      vertex 16.761 0.5701754555766101 1.3951551618830669
      vertex 16.761 0.5500000000000007 1.6000000000000014
    endloop
  endfacet
  facet normal -1 0 0
    outer loop
      vertex 16.761 0.7269569070823287 2.1833487446705835
      vertex 16.761 0.8575378797541262 0.8575378797541262
      vertex 16.761 0.7269569070823287 1.0166512553294194
    endloop
  endfacet
  facet normal -1 0 0
    outer loop
      vertex 16.761 1.0166512553294176 2.473043092917674
      vertex 16.761 1.1981823960166587 0.6299264908631503
      vertex 16.761 1.0166512553294176 0.7269569070823287
    endloop
  endfacet
  facet normal -1 0 0
    outer loop
      vertex 16.761 0.8575378797541262 2.3424621202458766
      vertex 16.761 1.0166512553294176 0.7269569070823287
      vertex 16.761 0.8575378797541262 0.8575378797541262
    endloop
  endfacet
  facet normal -1 0 0
    outer loop
      vertex 16.761 0.5701754555766101 1.804844838116936
      vertex 16.761 0.6299264908631521 1.1981823960166569
      vertex 16.761 0.5701754555766101 1.3951551618830669
    endloop
  endfacet
  facet normal -1 0 0
    outer loop
      vertex 16.761 0.6299264908631521 2.001817603983346
      vertex 16.761 0.7269569070823287 1.0166512553294194
      vertex 16.761 0.6299264908631521 1.1981823960166569
    endloop
  endfacet
  facet normal -1 0 0
    outer loop
      vertex 16.761 1.4500000047683699 2.6352262899660692
      vertex 16.761 1.4500000047683699 0.5647737100339327
      vertex 16.761 1.3951551618830678 0.5701754555766101
    endloop
  endfacet
  facet normal -1 0 0
    outer loop
      vertex 16.761 1.1981823960166587 2.5700735091368525
      vertex 16.761 1.3951551618830678 0.5701754555766101
      vertex 16.761 1.1981823960166587 0.6299264908631503
    endloop
  endfacet
  facet normal -3.970941320853703e-19 0.6343932841636479 0.773010453362735
    outer loop
      vertex 9.061 0.8575378797541262 0.8575378797541262
      vertex 16.761 1.0166512553294176 0.7269569070823287
      vertex 9.061 1.0166512553294176 0.7269569070823287
    endloop
  endfacet
  facet normal 0 0.47139673682599087 0.8819212643483586
    outer loop
      vertex 9.061 1.1981823960166587 0.6299264908631503
      vertex 9.061 1.0166512553294176 0.7269569070823287
      vertex 16.761 1.1981823960166587 0.6299264908631503
    endloop
  endfacet
  facet normal 0 0.29028467725446017 0.9569403357322095
    outer loop
      vertex 9.061 1.3951551618830678 0.5701754555766101
      vertex 9.061 1.1981823960166587 0.6299264908631503
      vertex 16.761 1.3951551618830678 0.5701754555766101
    endloop
  endfacet
  facet normal 0 0.09801714032957444 0.9951847266721956
    outer loop
      vertex 9.061 1.4500000047683699 0.5647737100339327
      vertex 9.061 1.3951551618830678 0.5701754555766101
      vertex 16.761 1.4500000047683699 0.5647737100339327
    endloop
  endfacet
  facet normal 0 0.6343932841636479 0.773010453362735
    outer loop
      vertex 9.061 0.8575378797541262 0.8575378797541262
      vertex 16.761 0.8575378797541262 0.8575378797541262
      vertex 16.761 1.0166512553294176 0.7269569070823287
    endloop
  endfacet
  facet normal 0 0.47139673682599087 0.8819212643483586
    outer loop
      vertex 9.061 1.0166512553294176 0.7269569070823287
      vertex 16.761 1.0166512553294176 0.7269569070823287
      vertex 16.761 1.1981823960166587 0.6299264908631503
    endloop
  endfacet
  facet normal 0 0.29028467725446017 0.9569403357322095
    outer loop
      vertex 9.061 1.1981823960166587 0.6299264908631503
      vertex 16.761 1.1981823960166587 0.6299264908631503
      vertex 16.761 1.3951551618830678 0.5701754555766101
    endloop
  endfacet
  facet normal 0 0.09801714032957444 0.9951847266721956
    outer loop
      vertex 9.061 1.3951551618830678 0.5701754555766101
      vertex 16.761 1.3951551618830678 0.5701754555766101
      vertex 16.761 1.4500000047683699 0.5647737100339327
    endloop
  endfacet
  facet normal 2.4643957757961523e-20 -0.09801714032955533 -0.9951847266721974
    outer loop
      vertex 23.608999999999995 22.934844838116934 2.6298245444233928
      vertex 31.308999999999997 22.879999997019766 2.635226289789953
      vertex 23.608999999999995 22.879999997019766 2.635226289789953
    endloop
  endfacet
  facet normal 0 -0.47139673682599803 -0.8819212643483548
    outer loop
      vertex 23.608999999999995 23.131817603983343 2.5700735091368525
      vertex 23.608999999999995 23.31334874467058 2.473043092917674
      vertex 31.308999999999997 23.131817603983343 2.5700735091368525
    endloop
  endfacet
  facet normal -4.817215763948455e-19 -0.29028467725446017 -0.9569403357322095
    outer loop
      vertex 23.608999999999995 23.131817603983343 2.5700735091368525
      vertex 31.308999999999997 22.934844838116934 2.6298245444233928
      vertex 23.608999999999995 22.934844838116934 2.6298245444233928
    endloop
  endfacet
  facet normal 0 -0.09801714032955533 -0.9951847266721974
    outer loop
      vertex 23.608999999999995 22.934844838116934 2.6298245444233928
      vertex 31.308999999999997 22.934844838116934 2.6298245444233928
      vertex 31.308999999999997 22.879999997019766 2.635226289789953
    endloop
  endfacet
  facet normal 0 -0.29028467725446017 -0.9569403357322095
    outer loop
      vertex 23.608999999999995 23.131817603983343 2.5700735091368525
      vertex 31.308999999999997 23.131817603983343 2.5700735091368525
      vertex 31.308999999999997 22.934844838116934 2.6298245444233928
    endloop
  endfacet
  facet normal 1 0 0
    outer loop
      vertex 23.608999999999995 23.131817603983343 2.5700735091368525
      vertex 23.608999999999995 23.131817603983343 0.6299264908631503
      vertex 23.608999999999995 23.31334874467058 2.473043092917674
    endloop
  endfacet
  facet normal 1 0 0
    outer loop
      vertex 23.608999999999995 22.934844838116934 2.6298245444233928
      vertex 23.608999999999995 22.879999997019766 2.635226289789953
      vertex 23.608999999999995 22.934844838116934 0.5701754555766101
    endloop
  endfacet
  facet normal 1 0 0
    outer loop
      vertex 23.608999999999995 23.131817603983343 2.5700735091368525
      vertex 23.608999999999995 22.934844838116934 2.6298245444233928
      vertex 23.608999999999995 22.934844838116934 0.5701754555766101
    endloop
  endfacet
  facet normal 1 0 0
    outer loop
      vertex 23.608999999999995 23.60304309291767 2.1833487446705835
      vertex 23.608999999999995 23.60304309291767 1.0166512553294194
      vertex 23.608999999999995 23.70007350913685 2.001817603983346
    endloop
  endfacet
  facet normal 1 0 0
    outer loop
      vertex 23.608999999999995 23.472462120245872 2.3424621202458766
      vertex 23.608999999999995 23.31334874467058 2.473043092917674
      vertex 23.608999999999995 23.31334874467058 0.7269569070823287
    endloop
  endfacet
  facet normal 1 0 0
    outer loop
      vertex 23.608999999999995 23.60304309291767 2.1833487446705835
      vertex 23.608999999999995 23.472462120245872 2.3424621202458766
      vertex 23.608999999999995 23.472462120245872 0.8575378797541262
    endloop
  endfacet
  facet normal -3.9709413208537004e-19 -0.6343932841636479 -0.773010453362735
    outer loop
      vertex 23.608999999999995 23.472462120245872 2.3424621202458766
      vertex 31.308999999999997 23.31334874467058 2.473043092917674
      vertex 23.608999999999995 23.31334874467058 2.473043092917674
    endloop
  endfacet
  facet normal 0 -0.7730104533627384 -0.6343932841636437
    outer loop
      vertex 23.608999999999995 23.60304309291767 2.1833487446705835
      vertex 31.308999999999997 23.60304309291767 2.1833487446705835
      vertex 23.608999999999995 23.472462120245872 2.3424621202458766
    endloop
  endfacet
  facet normal 0 -0.47139673682599803 -0.8819212643483548
    outer loop
      vertex 23.608999999999995 23.31334874467058 2.473043092917674
      vertex 31.308999999999997 23.31334874467058 2.473043092917674
      vertex 31.308999999999997 23.131817603983343 2.5700735091368525
    endloop
  endfacet
  facet normal 0 -0.6343932841636479 -0.773010453362735
    outer loop
      vertex 23.608999999999995 23.472462120245872 2.3424621202458766
      vertex 31.308999999999997 23.472462120245872 2.3424621202458766
      vertex 31.308999999999997 23.31334874467058 2.473043092917674
    endloop
  endfacet
  facet normal 0 -0.8819212643483512 -0.47139673682600475
    outer loop
      vertex 23.608999999999995 23.60304309291767 2.1833487446705835
      vertex 31.308999999999997 23.70007350913685 2.001817603983346
      vertex 31.308999999999997 23.60304309291767 2.1833487446705835
    endloop
  endfacet
  facet normal 0 -0.7730104533627384 -0.6343932841636437
    outer loop
      vertex 23.608999999999995 23.472462120245872 2.3424621202458766
      vertex 31.308999999999997 23.60304309291767 2.1833487446705835
      vertex 31.308999999999997 23.472462120245872 2.3424621202458766
    endloop
  endfacet
  facet normal -1.0376454937930617e-18 -0.8819212643483512 -0.47139673682600475
    outer loop
      vertex 23.608999999999995 23.60304309291767 2.1833487446705835
      vertex 23.608999999999995 23.70007350913685 2.001817603983346
      vertex 31.308999999999997 23.70007350913685 2.001817603983346
    endloop
  endfacet
  facet normal -3.6397221767300917e-19 -0.9569403357322123 -0.29028467725445106
    outer loop
      vertex 23.608999999999995 23.70007350913685 2.001817603983346
      vertex 23.608999999999995 23.759824544423388 1.804844838116936
      vertex 31.308999999999997 23.759824544423388 1.804844838116936
    endloop
  endfacet
  facet normal 0 -0.9569403357322123 -0.29028467725445106
    outer loop
      vertex 23.608999999999995 23.70007350913685 2.001817603983346
      vertex 31.308999999999997 23.759824544423388 1.804844838116936
      vertex 31.308999999999997 23.70007350913685 2.001817603983346
    endloop
  endfacet
  facet normal 0 -0.9951847266721963 -0.09801714032956717
    outer loop
      vertex 23.608999999999995 23.759824544423388 1.804844838116936
      vertex 31.308999999999997 23.779999999999998 1.6000000000000014
      vertex 31.308999999999997 23.759824544423388 1.804844838116936
    endloop
  endfacet
  facet normal -1 0 0
    outer loop
      vertex 31.308999999999997 23.472462120245872 2.3424621202458766
      vertex 31.308999999999997 23.472462120245872 0.8575378797541262
      vertex 31.308999999999997 23.31334874467058 2.473043092917674
    endloop
  endfacet
  facet normal -1 0 0
    outer loop
      vertex 31.308999999999997 23.131817603983343 2.5700735091368525
      vertex 31.308999999999997 23.31334874467058 2.473043092917674
      vertex 31.308999999999997 23.31334874467058 0.7269569070823287
    endloop
  endfacet
  facet normal -1 0 0
    outer loop
      vertex 31.308999999999997 23.131817603983343 2.5700735091368525
      vertex 31.308999999999997 23.131817603983343 0.6299264908631503
      vertex 31.308999999999997 22.934844838116934 2.6298245444233928
    endloop
  endfacet
  facet normal -1 0 0
    outer loop
      vertex 31.308999999999997 22.934844838116934 2.6298245444233928
      vertex 31.308999999999997 22.879999997019766 0.5647737102100496
      vertex 31.308999999999997 22.879999997019766 2.635226289789953
    endloop
  endfacet
  facet normal -1 0 0
    outer loop
      vertex 31.308999999999997 23.60304309291767 2.1833487446705835
      vertex 31.308999999999997 23.70007350913685 2.001817603983346
      vertex 31.308999999999997 23.70007350913685 1.1981823960166569
    endloop
  endfacet
  facet normal -1 0 0
    outer loop
      vertex 31.308999999999997 23.70007350913685 2.001817603983346
      vertex 31.308999999999997 23.759824544423388 1.804844838116936
      vertex 31.308999999999997 23.759824544423388 1.3951551618830669
    endloop
  endfacet
  facet normal -1 0 0
    outer loop
      vertex 31.308999999999997 23.60304309291767 2.1833487446705835
      vertex 31.308999999999997 23.60304309291767 1.0166512553294194
      vertex 31.308999999999997 23.472462120245872 2.3424621202458766
    endloop
  endfacet
  facet normal 1 0 0
    outer loop
      vertex 23.608999999999995 23.70007350913685 2.001817603983346
      vertex 23.608999999999995 23.70007350913685 1.1981823960166569
      vertex 23.608999999999995 23.759824544423388 1.804844838116936
    endloop
  endfacet
  facet normal 1 0 0
    outer loop
      vertex 23.608999999999995 23.759824544423388 1.804844838116936
      vertex 23.608999999999995 23.759824544423388 1.3951551618830669
      vertex 23.608999999999995 23.779999999999998 1.6000000000000014
    endloop
  endfacet
  facet normal 1 0 0
    outer loop
      vertex 23.608999999999995 23.759824544423388 1.804844838116936
      vertex 23.608999999999995 23.70007350913685 1.1981823960166569
      vertex 23.608999999999995 23.759824544423388 1.3951551618830669
    endloop
  endfacet
  facet normal 1 0 0
    outer loop
      vertex 23.608999999999995 23.70007350913685 2.001817603983346
      vertex 23.608999999999995 23.60304309291767 1.0166512553294194
      vertex 23.608999999999995 23.70007350913685 1.1981823960166569
    endloop
  endfacet
  facet normal 1 0 0
    outer loop
      vertex 23.608999999999995 23.60304309291767 2.1833487446705835
      vertex 23.608999999999995 23.472462120245872 0.8575378797541262
      vertex 23.608999999999995 23.60304309291767 1.0166512553294194
    endloop
  endfacet
  facet normal 1 0 0
    outer loop
      vertex 23.608999999999995 23.472462120245872 2.3424621202458766
      vertex 23.608999999999995 23.31334874467058 0.7269569070823287
      vertex 23.608999999999995 23.472462120245872 0.8575378797541262
    endloop
  endfacet
  facet normal 1 0 0
    outer loop
      vertex 23.608999999999995 23.31334874467058 2.473043092917674
      vertex 23.608999999999995 23.131817603983343 0.6299264908631503
      vertex 23.608999999999995 23.31334874467058 0.7269569070823287
    endloop
  endfacet
  facet normal 1 0 0
    outer loop
      vertex 23.608999999999995 23.131817603983343 2.5700735091368525
      vertex 23.608999999999995 22.934844838116934 0.5701754555766101
      vertex 23.608999999999995 23.131817603983343 0.6299264908631503
    endloop
  endfacet
  facet normal 1 0 0
    outer loop
      vertex 23.608999999999995 22.879999997019766 2.635226289789953
      vertex 23.608999999999995 22.879999997019766 0.5647737102100496
      vertex 23.608999999999995 22.934844838116934 0.5701754555766101
    endloop
  endfacet
  facet normal 1.4146978927343286e-19 -0.9951847266721963 -0.09801714032956717
    outer loop
      vertex 23.608999999999995 23.759824544423388 1.804844838116936
      vertex 23.608999999999995 23.779999999999998 1.6000000000000014
      vertex 31.308999999999997 23.779999999999998 1.6000000000000014
    endloop
  endfacet
  facet normal -1.4146978927343286e-19 -0.9951847266721963 0.09801714032956717
    outer loop
      vertex 23.608999999999995 23.779999999999998 1.6000000000000014
      vertex 23.608999999999995 23.759824544423388 1.3951551618830669
      vertex 31.308999999999997 23.759824544423388 1.3951551618830669
    endloop
  endfacet
  facet normal 3.6397221767300917e-19 -0.9569403357322123 0.29028467725445106
    outer loop
      vertex 23.608999999999995 23.759824544423388 1.3951551618830669
      vertex 23.608999999999995 23.70007350913685 1.1981823960166569
      vertex 31.308999999999997 23.70007350913685 1.1981823960166569
    endloop
  endfacet
  facet normal 0 -0.9951847266721963 0.09801714032956717
    outer loop
      vertex 23.608999999999995 23.779999999999998 1.6000000000000014
      vertex 31.308999999999997 23.759824544423388 1.3951551618830669
      vertex 31.308999999999997 23.779999999999998 1.6000000000000014
    endloop
  endfacet
  facet normal 0 -0.9569403357322123 0.29028467725445106
    outer loop
      vertex 23.608999999999995 23.759824544423388 1.3951551618830669
      vertex 31.308999999999997 23.70007350913685 1.1981823960166569
      vertex 31.308999999999997 23.759824544423388 1.3951551618830669
    endloop
  endfacet
  facet normal 1.0376454937930617e-18 -0.8819212643483512 0.47139673682600475
    outer loop
      vertex 23.608999999999995 23.70007350913685 1.1981823960166569
      vertex 23.608999999999995 23.60304309291767 1.0166512553294194
      vertex 31.308999999999997 23.60304309291767 1.0166512553294194
    endloop
  endfacet
  facet normal 8.506795681461055e-20 -0.7730104533627384 0.6343932841636437
    outer loop
      vertex 23.608999999999995 23.60304309291767 1.0166512553294194
      vertex 23.608999999999995 23.472462120245872 0.8575378797541262
      vertex 31.308999999999997 23.472462120245872 0.8575378797541262
    endloop
  endfacet
  facet normal 0 -0.8819212643483512 0.47139673682600475
    outer loop
      vertex 23.608999999999995 23.70007350913685 1.1981823960166569
      vertex 31.308999999999997 23.60304309291767 1.0166512553294194
      vertex 31.308999999999997 23.70007350913685 1.1981823960166569
    endloop
  endfacet
  facet normal 0 -0.7730104533627384 0.6343932841636437
    outer loop
      vertex 23.608999999999995 23.60304309291767 1.0166512553294194
      vertex 31.308999999999997 23.472462120245872 0.8575378797541262
      vertex 31.308999999999997 23.60304309291767 1.0166512553294194
    endloop
  endfacet
  facet normal 0 -0.6343932841636479 0.773010453362735
    outer loop
      vertex 23.608999999999995 23.472462120245872 0.8575378797541262
      vertex 23.608999999999995 23.31334874467058 0.7269569070823287
      vertex 31.308999999999997 23.472462120245872 0.8575378797541262
    endloop
  endfacet
  facet normal 0 -0.47139673682599803 0.8819212643483548
    outer loop
      vertex 23.608999999999995 23.31334874467058 0.7269569070823287
      vertex 23.608999999999995 23.131817603983343 0.6299264908631503
      vertex 31.308999999999997 23.31334874467058 0.7269569070823287
    endloop
  endfacet
  facet normal 0 -0.29028467725446017 0.9569403357322095
    outer loop
      vertex 23.608999999999995 23.131817603983343 0.6299264908631503
      vertex 23.608999999999995 22.934844838116934 0.5701754555766101
      vertex 31.308999999999997 23.131817603983343 0.6299264908631503
    endloop
  endfacet
  facet normal 0 -0.09801714032955533 0.9951847266721974
    outer loop
      vertex 23.608999999999995 22.934844838116934 0.5701754555766101
      vertex 23.608999999999995 22.879999997019766 0.5647737102100496
      vertex 31.308999999999997 22.934844838116934 0.5701754555766101
    endloop
  endfacet
  facet normal 0 -0.6343932841636479 0.773010453362735
    outer loop
      vertex 23.608999999999995 23.31334874467058 0.7269569070823287
      vertex 31.308999999999997 23.31334874467058 0.7269569070823287
      vertex 31.308999999999997 23.472462120245872 0.8575378797541262
    endloop
  endfacet
  facet normal 0 -0.47139673682599803 0.8819212643483548
    outer loop
      vertex 23.608999999999995 23.131817603983343 0.6299264908631503
      vertex 31.308999999999997 23.131817603983343 0.6299264908631503
      vertex 31.308999999999997 23.31334874467058 0.7269569070823287
    endloop
  endfacet
  facet normal 0 -0.29028467725446017 0.9569403357322095
    outer loop
      vertex 23.608999999999995 22.934844838116934 0.5701754555766101
      vertex 31.308999999999997 22.934844838116934 0.5701754555766101
      vertex 31.308999999999997 23.131817603983343 0.6299264908631503
    endloop
  endfacet
  facet normal 0 -0.09801714032955533 0.9951847266721974
    outer loop
      vertex 23.608999999999995 22.879999997019766 0.5647737102100496
      vertex 31.308999999999997 22.879999997019766 0.5647737102100496
      vertex 31.308999999999997 22.934844838116934 0.5701754555766101
    endloop
  endfacet
  facet normal -1 0 0
    outer loop
      vertex 31.308999999999997 23.759824544423388 1.804844838116936
      vertex 31.308999999999997 23.779999999999998 1.6000000000000014
      vertex 31.308999999999997 23.759824544423388 1.3951551618830669
    endloop
  endfacet
  facet normal -1 0 0
    outer loop
      vertex 31.308999999999997 23.70007350913685 2.001817603983346
      vertex 31.308999999999997 23.759824544423388 1.3951551618830669
      vertex 31.308999999999997 23.70007350913685 1.1981823960166569
    endloop
  endfacet
  facet normal -1 0 0
    outer loop
      vertex 31.308999999999997 23.60304309291767 2.1833487446705835
      vertex 31.308999999999997 23.70007350913685 1.1981823960166569
      vertex 31.308999999999997 23.60304309291767 1.0166512553294194
    endloop
  endfacet
  facet normal -1 0 0
    outer loop
      vertex 31.308999999999997 23.472462120245872 2.3424621202458766
      vertex 31.308999999999997 23.60304309291767 1.0166512553294194
      vertex 31.308999999999997 23.472462120245872 0.8575378797541262
    endloop
  endfacet
  facet normal -1 0 0
    outer loop
      vertex 31.308999999999997 23.31334874467058 2.473043092917674
      vertex 31.308999999999997 23.472462120245872 0.8575378797541262
      vertex 31.308999999999997 23.31334874467058 0.7269569070823287
    endloop
  endfacet
  facet normal -1 0 0
    outer loop
      vertex 31.308999999999997 23.131817603983343 2.5700735091368525
      vertex 31.308999999999997 23.31334874467058 0.7269569070823287
      vertex 31.308999999999997 23.131817603983343 0.6299264908631503
    endloop
  endfacet
  facet normal -1 0 0
    outer loop
      vertex 31.308999999999997 22.934844838116934 2.6298245444233928
      vertex 31.308999999999997 23.131817603983343 0.6299264908631503
      vertex 31.308999999999997 22.934844838116934 0.5701754555766101
    endloop
  endfacet
  facet normal -1 0 0
    outer loop
      vertex 31.308999999999997 22.934844838116934 2.6298245444233928
      vertex 31.308999999999997 22.934844838116934 0.5701754555766101
      vertex 31.308999999999997 22.879999997019766 0.5647737102100496
    endloop
  endfacet
  facet normal 5.982725111813155e-20 0.09801714032955848 -0.9951847266721972
    outer loop
      vertex 23.608999999999995 1.4500000047683699 2.6352262899660692
      vertex 31.308999999999997 1.3951551618830678 2.6298245444233928
      vertex 23.608999999999995 1.3951551618830678 2.6298245444233928
    endloop
  endfacet
  facet normal 4.817215763948455e-19 0.29028467725446017 -0.9569403357322095
    outer loop
      vertex 23.608999999999995 1.3951551618830678 2.6298245444233928
      vertex 31.308999999999997 1.1981823960166587 2.5700735091368525
      vertex 23.608999999999995 1.1981823960166587 2.5700735091368525
    endloop
  endfacet
  facet normal 0 0.09801714032955848 -0.9951847266721972
    outer loop
      vertex 23.608999999999995 1.4500000047683699 2.6352262899660692
      vertex 31.308999999999997 1.4500000047683699 2.6352262899660692
      vertex 31.308999999999997 1.3951551618830678 2.6298245444233928
    endloop
  endfacet
  facet normal 0 0.29028467725446017 -0.9569403357322095
    outer loop
      vertex 23.608999999999995 1.3951551618830678 2.6298245444233928
      vertex 31.308999999999997 1.3951551618830678 2.6298245444233928
      vertex 31.308999999999997 1.1981823960166587 2.5700735091368525
    endloop
  endfacet
  facet normal 0 0.4713967368259909 -0.8819212643483587
    outer loop
      vertex 23.608999999999995 1.1981823960166587 2.5700735091368525
      vertex 31.308999999999997 1.1981823960166587 2.5700735091368525
      vertex 31.308999999999997 1.0166512553294176 2.473043092917674
    endloop
  endfacet
  facet normal 1 0 0
    outer loop
      vertex 23.608999999999995 1.4500000047683699 2.6352262899660692
      vertex 23.608999999999995 1.3951551618830678 2.6298245444233928
      vertex 23.608999999999995 1.4500000047683699 0.5647737100339327
    endloop
  endfacet
  facet normal 1 0 0
    outer loop
      vertex 23.608999999999995 1.3951551618830678 2.6298245444233928
      vertex 23.608999999999995 1.1981823960166587 2.5700735091368525
      vertex 23.608999999999995 1.1981823960166587 0.6299264908631503
    endloop
  endfacet
  facet normal 1 0 0
    outer loop
      vertex 23.608999999999995 1.1981823960166587 2.5700735091368525
      vertex 23.608999999999995 1.0166512553294176 2.473043092917674
      vertex 23.608999999999995 1.0166512553294176 0.7269569070823287
    endloop
  endfacet
  facet normal 1 0 0
    outer loop
      vertex 23.608999999999995 1.0166512553294176 2.473043092917674
      vertex 23.608999999999995 0.8575378797541262 2.3424621202458766
      vertex 23.608999999999995 0.8575378797541262 0.8575378797541262
    endloop
  endfacet
  facet normal 1 0 0
    outer loop
      vertex 23.608999999999995 0.8575378797541262 2.3424621202458766
      vertex 23.608999999999995 0.7269569070823287 2.1833487446705835
      vertex 23.608999999999995 0.7269569070823287 1.0166512553294194
    endloop
  endfacet
  facet normal 1 0 0
    outer loop
      vertex 23.608999999999995 0.7269569070823287 2.1833487446705835
      vertex 23.608999999999995 0.6299264908631521 2.001817603983346
      vertex 23.608999999999995 0.6299264908631521 1.1981823960166569
    endloop
  endfacet
  facet normal 1 0 0
    outer loop
      vertex 23.608999999999995 0.6299264908631521 2.001817603983346
      vertex 23.608999999999995 0.5701754555766101 1.804844838116936
      vertex 23.608999999999995 0.5701754555766101 1.3951551618830669
    endloop
  endfacet
  facet normal -2.4248414056584523e-19 0.4713967368259909 -0.8819212643483587
    outer loop
      vertex 23.608999999999995 1.1981823960166587 2.5700735091368525
      vertex 31.308999999999997 1.0166512553294176 2.473043092917674
      vertex 23.608999999999995 1.0166512553294176 2.473043092917674
    endloop
  endfacet
  facet normal 3.9709413208537004e-19 0.6343932841636479 -0.773010453362735
    outer loop
      vertex 23.608999999999995 1.0166512553294176 2.473043092917674
      vertex 31.308999999999997 0.8575378797541262 2.3424621202458766
      vertex 23.608999999999995 0.8575378797541262 2.3424621202458766
    endloop
  endfacet
  facet normal 0 0.7730104533627384 -0.6343932841636437
    outer loop
      vertex 23.608999999999995 0.8575378797541262 2.3424621202458766
      vertex 31.308999999999997 0.8575378797541262 2.3424621202458766
      vertex 23.608999999999995 0.7269569070823287 2.1833487446705835
    endloop
  endfacet
  facet normal 0 0.8819212643483584 -0.4713967368259913
    outer loop
      vertex 23.608999999999995 0.7269569070823287 2.1833487446705835
      vertex 31.308999999999997 0.7269569070823287 2.1833487446705835
      vertex 23.608999999999995 0.6299264908631521 2.001817603983346
    endloop
  endfacet
  facet normal 0 0.6343932841636479 -0.773010453362735
    outer loop
      vertex 23.608999999999995 1.0166512553294176 2.473043092917674
      vertex 31.308999999999997 1.0166512553294176 2.473043092917674
      vertex 31.308999999999997 0.8575378797541262 2.3424621202458766
    endloop
  endfacet
  facet normal 0 0.7730104533627384 -0.6343932841636437
    outer loop
      vertex 23.608999999999995 0.7269569070823287 2.1833487446705835
      vertex 31.308999999999997 0.8575378797541262 2.3424621202458766
      vertex 31.308999999999997 0.7269569070823287 2.1833487446705835
    endloop
  endfacet
  facet normal 0 0.9569403357322076 -0.2902846772544669
    outer loop
      vertex 23.608999999999995 0.6299264908631521 2.001817603983346
      vertex 31.308999999999997 0.6299264908631521 2.001817603983346
      vertex 23.608999999999995 0.5701754555766101 1.804844838116936
    endloop
  endfacet
  facet normal 0 0.9951847266721963 -0.09801714032956717
    outer loop
      vertex 23.608999999999995 0.5701754555766101 1.804844838116936
      vertex 31.308999999999997 0.5701754555766101 1.804844838116936
      vertex 23.608999999999995 0.5500000000000007 1.6000000000000014
    endloop
  endfacet
  facet normal 0 0.8819212643483584 -0.4713967368259913
    outer loop
      vertex 23.608999999999995 0.6299264908631521 2.001817603983346
      vertex 31.308999999999997 0.7269569070823287 2.1833487446705835
      vertex 31.308999999999997 0.6299264908631521 2.001817603983346
    endloop
  endfacet
  facet normal -2.9248576482432633e-19 0.9569403357322076 -0.2902846772544669
    outer loop
      vertex 31.308999999999997 0.6299264908631521 2.001817603983346
      vertex 31.308999999999997 0.5701754555766101 1.804844838116936
      vertex 23.608999999999995 0.5701754555766101 1.804844838116936
    endloop
  endfacet
  facet normal -1 0 0
    outer loop
      vertex 31.308999999999997 1.4500000047683699 2.6352262899660692
      vertex 31.308999999999997 1.3951551618830678 0.5701754555766101
      vertex 31.308999999999997 1.3951551618830678 2.6298245444233928
    endloop
  endfacet
  facet normal -1 0 0
    outer loop
      vertex 31.308999999999997 1.3951551618830678 2.6298245444233928
      vertex 31.308999999999997 1.3951551618830678 0.5701754555766101
      vertex 31.308999999999997 1.1981823960166587 2.5700735091368525
    endloop
  endfacet
  facet normal -1 0 0
    outer loop
      vertex 31.308999999999997 1.1981823960166587 2.5700735091368525
      vertex 31.308999999999997 1.1981823960166587 0.6299264908631503
      vertex 31.308999999999997 1.0166512553294176 2.473043092917674
    endloop
  endfacet
  facet normal -1 0 0
    outer loop
      vertex 31.308999999999997 1.0166512553294176 2.473043092917674
      vertex 31.308999999999997 1.0166512553294176 0.7269569070823287
      vertex 31.308999999999997 0.8575378797541262 2.3424621202458766
    endloop
  endfacet
  facet normal -1 0 0
    outer loop
      vertex 31.308999999999997 0.8575378797541262 2.3424621202458766
      vertex 31.308999999999997 0.8575378797541262 0.8575378797541262
      vertex 31.308999999999997 0.7269569070823287 2.1833487446705835
    endloop
  endfacet
  facet normal -1 0 0
    outer loop
      vertex 31.308999999999997 0.7269569070823287 2.1833487446705835
      vertex 31.308999999999997 0.7269569070823287 1.0166512553294194
      vertex 31.308999999999997 0.6299264908631521 2.001817603983346
    endloop
  endfacet
  facet normal 1 0 0
    outer loop
      vertex 23.608999999999995 0.5701754555766101 1.804844838116936
      vertex 23.608999999999995 0.5500000000000007 1.6000000000000014
      vertex 23.608999999999995 0.5701754555766101 1.3951551618830669
    endloop
  endfacet
  facet normal 1 0 0
    outer loop
      vertex 23.608999999999995 0.6299264908631521 2.001817603983346
      vertex 23.608999999999995 0.5701754555766101 1.3951551618830669
      vertex 23.608999999999995 0.6299264908631521 1.1981823960166569
    endloop
  endfacet
  facet normal 1 0 0
    outer loop
      vertex 23.608999999999995 0.8575378797541262 2.3424621202458766
      vertex 23.608999999999995 0.7269569070823287 1.0166512553294194
      vertex 23.608999999999995 0.8575378797541262 0.8575378797541262
    endloop
  endfacet
  facet normal 1 0 0
    outer loop
      vertex 23.608999999999995 1.3951551618830678 2.6298245444233928
      vertex 23.608999999999995 1.1981823960166587 0.6299264908631503
      vertex 23.608999999999995 1.3951551618830678 0.5701754555766101
    endloop
  endfacet
  facet normal 1 0 0
    outer loop
      vertex 23.608999999999995 1.0166512553294176 2.473043092917674
      vertex 23.608999999999995 0.8575378797541262 0.8575378797541262
      vertex 23.608999999999995 1.0166512553294176 0.7269569070823287
    endloop
  endfacet
  facet normal 1 0 0
    outer loop
      vertex 23.608999999999995 1.1981823960166587 2.5700735091368525
      vertex 23.608999999999995 1.0166512553294176 0.7269569070823287
      vertex 23.608999999999995 1.1981823960166587 0.6299264908631503
    endloop
  endfacet
  facet normal 1 0 0
    outer loop
      vertex 23.608999999999995 0.7269569070823287 2.1833487446705835
      vertex 23.608999999999995 0.6299264908631521 1.1981823960166569
      vertex 23.608999999999995 0.7269569070823287 1.0166512553294194
    endloop
  endfacet
  facet normal 1 0 0
    outer loop
      vertex 23.608999999999995 1.3951551618830678 2.6298245444233928
      vertex 23.608999999999995 1.3951551618830678 0.5701754555766101
      vertex 23.608999999999995 1.4500000047683699 0.5647737100339327
    endloop
  endfacet
  facet normal 0 0.9951847266721963 0.09801714032956717
    outer loop
      vertex 23.608999999999995 0.5500000000000007 1.6000000000000014
      vertex 31.308999999999997 0.5500000000000007 1.6000000000000014
      vertex 23.608999999999995 0.5701754555766101 1.3951551618830669
    endloop
  endfacet
  facet normal 0 0.9569403357322076 0.2902846772544669
    outer loop
      vertex 23.608999999999995 0.5701754555766101 1.3951551618830669
      vertex 31.308999999999997 0.5701754555766101 1.3951551618830669
      vertex 23.608999999999995 0.6299264908631521 1.1981823960166569
    endloop
  endfacet
  facet normal 0 0.9951847266721963 -0.09801714032956717
    outer loop
      vertex 23.608999999999995 0.5500000000000007 1.6000000000000014
      vertex 31.308999999999997 0.5701754555766101 1.804844838116936
      vertex 31.308999999999997 0.5500000000000007 1.6000000000000014
    endloop
  endfacet
  facet normal 0 0.9951847266721963 0.09801714032956717
    outer loop
      vertex 23.608999999999995 0.5701754555766101 1.3951551618830669
      vertex 31.308999999999997 0.5500000000000007 1.6000000000000014
      vertex 31.308999999999997 0.5701754555766101 1.3951551618830669
    endloop
  endfacet
  facet normal 0 0.9569403357322076 0.2902846772544669
    outer loop
      vertex 23.608999999999995 0.6299264908631521 1.1981823960166569
      vertex 31.308999999999997 0.5701754555766101 1.3951551618830669
      vertex 31.308999999999997 0.6299264908631521 1.1981823960166569
    endloop
  endfacet
  facet normal 0 0.8819212643483584 0.4713967368259913
    outer loop
      vertex 23.608999999999995 0.6299264908631521 1.1981823960166569
      vertex 31.308999999999997 0.6299264908631521 1.1981823960166569
      vertex 23.608999999999995 0.7269569070823287 1.0166512553294194
    endloop
  endfacet
  facet normal 0 0.7730104533627384 0.6343932841636437
    outer loop
      vertex 23.608999999999995 0.7269569070823287 1.0166512553294194
      vertex 31.308999999999997 0.7269569070823287 1.0166512553294194
      vertex 23.608999999999995 0.8575378797541262 0.8575378797541262
    endloop
  endfacet
  facet normal 0 0.8819212643483584 0.4713967368259913
    outer loop
      vertex 23.608999999999995 0.7269569070823287 1.0166512553294194
      vertex 31.308999999999997 0.6299264908631521 1.1981823960166569
      vertex 31.308999999999997 0.7269569070823287 1.0166512553294194
    endloop
  endfacet
  facet normal 0 0.7730104533627384 0.6343932841636437
    outer loop
      vertex 23.608999999999995 0.8575378797541262 0.8575378797541262
      vertex 31.308999999999997 0.7269569070823287 1.0166512553294194
      vertex 31.308999999999997 0.8575378797541262 0.8575378797541262
    endloop
  endfacet
  facet normal -3.9709413208537004e-19 0.6343932841636479 0.773010453362735
    outer loop
      vertex 23.608999999999995 0.8575378797541262 0.8575378797541262
      vertex 31.308999999999997 1.0166512553294176 0.7269569070823287
      vertex 23.608999999999995 1.0166512553294176 0.7269569070823287
    endloop
  endfacet
  facet normal 0 0.4713967368259909 0.8819212643483587
    outer loop
      vertex 23.608999999999995 1.1981823960166587 0.6299264908631503
      vertex 23.608999999999995 1.0166512553294176 0.7269569070823287
      vertex 31.308999999999997 1.1981823960166587 0.6299264908631503
    endloop
  endfacet
  facet normal 0 0.29028467725446017 0.9569403357322095
    outer loop
      vertex 23.608999999999995 1.3951551618830678 0.5701754555766101
      vertex 23.608999999999995 1.1981823960166587 0.6299264908631503
      vertex 31.308999999999997 1.3951551618830678 0.5701754555766101
    endloop
  endfacet
  facet normal 0 0.09801714032957444 0.9951847266721956
    outer loop
      vertex 23.608999999999995 1.4500000047683699 0.5647737100339327
      vertex 23.608999999999995 1.3951551618830678 0.5701754555766101
      vertex 31.308999999999997 1.4500000047683699 0.5647737100339327
    endloop
  endfacet
  facet normal 0 0.6343932841636479 0.773010453362735
    outer loop
      vertex 23.608999999999995 0.8575378797541262 0.8575378797541262
      vertex 31.308999999999997 0.8575378797541262 0.8575378797541262
      vertex 31.308999999999997 1.0166512553294176 0.7269569070823287
    endloop
  endfacet
  facet normal 0 0.4713967368259909 0.8819212643483587
    outer loop
      vertex 23.608999999999995 1.0166512553294176 0.7269569070823287
      vertex 31.308999999999997 1.0166512553294176 0.7269569070823287
      vertex 31.308999999999997 1.1981823960166587 0.6299264908631503
    endloop
  endfacet
  facet normal 0 0.29028467725446017 0.9569403357322095
    outer loop
      vertex 23.608999999999995 1.1981823960166587 0.6299264908631503
      vertex 31.308999999999997 1.1981823960166587 0.6299264908631503
      vertex 31.308999999999997 1.3951551618830678 0.5701754555766101
    endloop
  endfacet
  facet normal 0 0.09801714032957444 0.9951847266721956
    outer loop
      vertex 23.608999999999995 1.3951551618830678 0.5701754555766101
      vertex 31.308999999999997 1.3951551618830678 0.5701754555766101
      vertex 31.308999999999997 1.4500000047683699 0.5647737100339327
    endloop
  endfacet
  facet normal -1 0 0
    outer loop
      vertex 31.308999999999997 0.6299264908631521 2.001817603983346
      vertex 31.308999999999997 0.6299264908631521 1.1981823960166569
      vertex 31.308999999999997 0.5701754555766101 1.804844838116936
    endloop
  endfacet
  facet normal -1 0 0
    outer loop
      vertex 31.308999999999997 0.5701754555766101 1.804844838116936
      vertex 31.308999999999997 0.5701754555766101 1.3951551618830669
      vertex 31.308999999999997 0.5500000000000007 1.6000000000000014
    endloop
  endfacet
  facet normal -1 0 0
    outer loop
      vertex 31.308999999999997 0.7269569070823287 2.1833487446705835
      vertex 31.308999999999997 0.8575378797541262 0.8575378797541262
      vertex 31.308999999999997 0.7269569070823287 1.0166512553294194
    endloop
  endfacet
  facet normal -1 0 0
    outer loop
      vertex 31.308999999999997 1.0166512553294176 2.473043092917674
      vertex 31.308999999999997 1.1981823960166587 0.6299264908631503
      vertex 31.308999999999997 1.0166512553294176 0.7269569070823287
    endloop
  endfacet
  facet normal -1 0 0
    outer loop
      vertex 31.308999999999997 0.8575378797541262 2.3424621202458766
      vertex 31.308999999999997 1.0166512553294176 0.7269569070823287
      vertex 31.308999999999997 0.8575378797541262 0.8575378797541262
    endloop
  endfacet
  facet normal -1 0 0
    outer loop
      vertex 31.308999999999997 0.5701754555766101 1.804844838116936
      vertex 31.308999999999997 0.6299264908631521 1.1981823960166569
      vertex 31.308999999999997 0.5701754555766101 1.3951551618830669
    endloop
  endfacet
  facet normal -1 0 0
    outer loop
      vertex 31.308999999999997 0.6299264908631521 2.001817603983346
      vertex 31.308999999999997 0.7269569070823287 1.0166512553294194
      vertex 31.308999999999997 0.6299264908631521 1.1981823960166569
    endloop
  endfacet
  facet normal -1 0 0
    outer loop
      vertex 31.308999999999997 1.4500000047683699 2.6352262899660692
      vertex 31.308999999999997 1.4500000047683699 0.5647737100339327
      vertex 31.308999999999997 1.3951551618830678 0.5701754555766101
    endloop
  endfacet
  facet normal -1 0 0
    outer loop
      vertex 31.308999999999997 1.1981823960166587 2.5700735091368525
      vertex 31.308999999999997 1.3951551618830678 0.5701754555766101
      vertex 31.308999999999997 1.1981823960166587 0.6299264908631503
    endloop
  endfacet
  facet normal 0 0 1
    outer loop
      vertex 1.415290653705597 24.082422168850897 3.360000000000001
      vertex 1.9658758092465578 22.729999999999997 3.360000000000001
      vertex 1.6743023470044136 24.189708324074743 3.360000000000001
    endloop
  endfacet
  facet normal 0 0 1
    outer loop
      vertex 1.6743023470044136 24.189708324074743 3.360000000000001
      vertex 1.9658758092465578 22.729999999999997 3.360000000000001
      vertex 1.9436976686120033 24.26731977790594 3.360000000000001
    endloop
  endfacet
  facet normal 0 0 1
    outer loop
      vertex 1.9436976686120033 24.26731977790594 3.360000000000001
      vertex 2.2668614611029625 22.851446891129015 3.360000000000001
      vertex 2.2200888097286224 24.31428052663803 3.360000000000001
    endloop
  endfacet
  facet normal 0 0 1
    outer loop
      vertex 2.2200888097286224 24.31428052663803 3.360000000000001
      vertex 2.5406829938292503 22.879999997019766 3.360000000000001
      vertex 2.5 24.33 3.360000000000001
    endloop
  endfacet
  facet normal 0 0 1
    outer loop
      vertex 1.415290653705597 24.082422168850897 3.360000000000001
      vertex 1.4785531088709831 22.063138538897036 3.360000000000001
      vertex 1.6 22.729999999999997 3.360000000000001
    endloop
  endfacet
  facet normal 0 0 1
    outer loop
      vertex 1.415290653705597 24.082422168850897 3.360000000000001
      vertex 1.6 22.729999999999997 3.360000000000001
      vertex 1.9658758092465578 22.729999999999997 3.360000000000001
    endloop
  endfacet
  facet normal 0 0 1
    outer loop
      vertex 1.9436976686120033 24.26731977790594 3.360000000000001
      vertex 2.045413389801979 22.77395887106657 3.360000000000001
      vertex 2.1539615467190742 22.818920986652373 3.360000000000001
    endloop
  endfacet
  facet normal 0 0 1
    outer loop
      vertex 1.9436976686120033 24.26731977790594 3.360000000000001
      vertex 1.9658758092465578 22.729999999999997 3.360000000000001
      vertex 2.045413389801979 22.77395887106657 3.360000000000001
    endloop
  endfacet
  facet normal 0 0 1
    outer loop
      vertex 1.9436976686120033 24.26731977790594 3.360000000000001
      vertex 2.1539615467190742 22.818920986652373 3.360000000000001
      vertex 2.2668614611029625 22.851446891129015 3.360000000000001
    endloop
  endfacet
  facet normal 0 0 1
    outer loop
      vertex 2.2200888097286224 24.31428052663803 3.360000000000001
      vertex 2.2668614611029625 22.851446891129015 3.360000000000001
      vertex 2.3826930969953537 22.8711274805665 3.360000000000001
    endloop
  endfacet
  facet normal 0 0 1
    outer loop
      vertex 2.2200888097286224 24.31428052663803 3.360000000000001
      vertex 2.3826930969953537 22.8711274805665 3.360000000000001
      vertex 2.5406829938292503 22.879999997019766 3.360000000000001
    endloop
  endfacet
  facet normal 0 0 1
    outer loop
      vertex 1.415290653705597 24.082422168850897 3.360000000000001
      vertex 1.4588725194334984 21.947306903004645 3.360000000000001
      vertex 1.4785531088709831 22.063138538897036 3.360000000000001
    endloop
  endfacet
  facet normal 0 0 1
    outer loop
      vertex 1.415290653705597 24.082422168850897 3.360000000000001
      vertex 1.4500000029802322 21.78931701362133 3.360000000000001
      vertex 1.4588725194334984 21.947306903004645 3.360000000000001
    endloop
  endfacet
  facet normal 0 0 1
    outer loop
      vertex 1.6 22.729999999999997 3.360000000000001
      vertex 1.5560411289334297 22.28458661019802 3.360000000000001
      vertex 1.6 22.36412419075344 3.360000000000001
    endloop
  endfacet
  facet normal 0 0 1
    outer loop
      vertex 1.6 22.729999999999997 3.360000000000001
      vertex 1.5110790133476257 22.176038453280924 3.360000000000001
      vertex 1.5560411289334297 22.28458661019802 3.360000000000001
    endloop
  endfacet
  facet normal 0 0 1
    outer loop
      vertex 1.6 22.729999999999997 3.360000000000001
      vertex 1.4785531088709831 22.063138538897036 3.360000000000001
      vertex 1.5110790133476257 22.176038453280924 3.360000000000001
    endloop
  endfacet
  facet normal -0.48371887913857353 0.8752234263117745 0
    outer loop
      vertex 1.1699198111891747 23.946810500621794 3.360000000000001
      vertex 1.415290653705597 24.082422168850897 3.360000000000001
      vertex 1.1699198111891747 23.946810500621794 0
    endloop
  endfacet
  facet normal -0.6663465829820945 0.7456421603880019 0
    outer loop
      vertex 0.941275492310524 23.784578705132006 3.360000000000001
      vertex 0.7322330474853516 23.597766952514647 0
      vertex 0.7322330474853516 23.597766952514647 3.360000000000001
    endloop
  endfacet
  facet normal -0.5786712954025489 0.8155608695107532 0
    outer loop
      vertex 0.941275492310524 23.784578705132006 3.360000000000001
      vertex 1.1699198111891747 23.946810500621794 3.360000000000001
      vertex 0.941275492310524 23.784578705132006 0
    endloop
  endfacet
  facet normal -0.7456421603880019 0.6663465829820945 0
    outer loop
      vertex 0.7322330474853516 23.597766952514647 3.360000000000001
      vertex 0.5454212948679924 23.388724507689474 0
      vertex 0.5454212948679924 23.388724507689474 3.360000000000001
    endloop
  endfacet
  facet normal -0.8155608695107532 0.5786712954025489 0
    outer loop
      vertex 0.5454212948679924 23.388724507689474 3.360000000000001
      vertex 0.38318949937820435 23.160080188810824 0
      vertex 0.38318949937820435 23.160080188810824 3.360000000000001
    endloop
  endfacet
  facet normal -0.8752234263117745 0.48371887913857353 0
    outer loop
      vertex 0.24757783114910126 22.9147093462944 3.360000000000001
      vertex 0.38318949937820435 23.160080188810824 3.360000000000001
      vertex 0.24757783114910126 22.9147093462944 0
    endloop
  endfacet
  facet normal -0.3826834294613449 0.9238795337140572 0
    outer loop
      vertex 1.415290653705597 24.082422168850897 3.360000000000001
      vertex 1.6743023470044136 24.189708324074743 3.360000000000001
      vertex 1.415290653705597 24.082422168850897 0
    endloop
  endfacet
  facet normal -0.27683550708915217 0.9609173231941923 0
    outer loop
      vertex 1.6743023470044136 24.189708324074743 3.360000000000001
      vertex 1.9436976686120033 24.26731977790594 3.360000000000001
      vertex 1.6743023470044136 24.189708324074743 0
    endloop
  endfacet
  facet normal -0.1675062408155553 0.985871015543028 0
    outer loop
      vertex 1.9436976686120033 24.26731977790594 3.360000000000001
      vertex 2.2200888097286224 24.31428052663803 3.360000000000001
      vertex 1.9436976686120033 24.26731977790594 0
    endloop
  endfacet
  facet normal -0.05607044046118207 0.9984268153983491 0
    outer loop
      vertex 2.2200888097286224 24.31428052663803 3.360000000000001
      vertex 2.5 24.33 3.360000000000001
      vertex 2.2200888097286224 24.31428052663803 0
    endloop
  endfacet
  facet normal -0.9238795337140572 0.3826834294613449 0
    outer loop
      vertex 0.24757783114910126 22.9147093462944 3.360000000000001
      vertex 0.14029167592525482 22.655697652995585 0
      vertex 0.14029167592525482 22.655697652995585 3.360000000000001
    endloop
  endfacet
  facet normal -0.9609173231941923 0.27683550708915217 0
    outer loop
      vertex 0.14029167592525482 22.655697652995585 3.360000000000001
      vertex 0.06268022209405899 22.386302331387995 0
      vertex 0.06268022209405899 22.386302331387995 3.360000000000001
    endloop
  endfacet
  facet normal -0.985871015543028 0.1675062408155553 0
    outer loop
      vertex 0.06268022209405899 22.386302331387995 3.360000000000001
      vertex 0.015719473361968994 22.109911190271376 0
      vertex 0.015719473361968994 22.109911190271376 3.360000000000001
    endloop
  endfacet
  facet normal -0.9984268153983491 0.05607044046118207 0
    outer loop
      vertex 0.015719473361968994 22.109911190271376 3.360000000000001
      vertex 0 21.83 0
      vertex 0 21.83 3.360000000000001
    endloop
  endfacet
  facet normal 0 0 1
    outer loop
      vertex 0.7322330474853516 23.597766952514647 3.360000000000001
      vertex 0.5454212948679924 23.388724507689474 3.360000000000001
      vertex 0.5454212948679924 0.9412754940986616 3.360000000000001
    endloop
  endfacet
  facet normal 0 0 1
    outer loop
      vertex 0.941275492310524 23.784578705132006 3.360000000000001
      vertex 0.7322330474853516 23.597766952514647 3.360000000000001
      vertex 0.7322330474853516 0.7322330492734892 3.360000000000001
    endloop
  endfacet
  facet normal 0 0 1
    outer loop
      vertex 0.941275492310524 23.784578705132006 3.360000000000001
      vertex 0.941275492310524 0.54542129665613 3.360000000000001
      vertex 1.1699198111891747 23.946810500621794 3.360000000000001
    endloop
  endfacet
  facet normal 0 0 1
    outer loop
      vertex 1.1699198111891747 23.946810500621794 3.360000000000001
      vertex 1.1699198111891747 0.383189501166342 3.360000000000001
      vertex 1.415290653705597 24.082422168850897 3.360000000000001
    endloop
  endfacet
  facet normal 0 0 1
    outer loop
      vertex 0.24757783114910126 22.9147093462944 3.360000000000001
      vertex 0.24757783114910126 1.4152906554937346 3.360000000000001
      vertex 0.38318949937820435 23.160080188810824 3.360000000000001
    endloop
  endfacet
  facet normal 0 0 1
    outer loop
      vertex 0.14029167592525482 22.655697652995585 3.360000000000001
      vertex 0.06268022209405899 22.386302331387995 3.360000000000001
      vertex 0.06268022209405899 1.9436976629495604 3.360000000000001
    endloop
  endfacet
  facet normal 0 0 1
    outer loop
      vertex 0.24757783114910126 22.9147093462944 3.360000000000001
      vertex 0.14029167592525482 22.655697652995585 3.360000000000001
      vertex 0.14029167592525482 1.6743023487925512 3.360000000000001
    endloop
  endfacet
  facet normal 0 0 1
    outer loop
      vertex 0.5454212948679924 23.388724507689474 3.360000000000001
      vertex 0.38318949937820435 23.160080188810824 3.360000000000001
      vertex 0.38318949937820435 1.1699198055267317 3.360000000000001
    endloop
  endfacet
  facet normal 0 0 1
    outer loop
      vertex 0.06268022209405899 22.386302331387995 3.360000000000001
      vertex 0.015719473361968994 22.109911190271376 3.360000000000001
      vertex 0.015719473361968994 2.22008881151676 3.360000000000001
    endloop
  endfacet
  facet normal 0 0 1
    outer loop
      vertex 0.015719473361968994 22.109911190271376 3.360000000000001
      vertex 0 21.83 3.360000000000001
      vertex 0 2.5000000017881376 3.360000000000001
    endloop
  endfacet
  facet normal 0 0 1
    outer loop
      vertex 1.415290653705597 24.082422168850897 3.360000000000001
      vertex 1.415290653705597 0.2475778329372389 3.360000000000001
      vertex 1.4500000029802322 21.78931701362133 3.360000000000001
    endloop
  endfacet
  facet normal 0 0 1
    outer loop
      vertex 2.5 24.33 3.360000000000001
      vertex 2.5406829938292503 22.879999997019766 3.360000000000001
      vertex 37.82931700348854 22.879999997019766 3.360000000000001
    endloop
  endfacet
  facet normal 0 1 0
    outer loop
      vertex 2.5 24.33 3.360000000000001
      vertex 37.86999999731779 24.33 3.360000000000001
      vertex 2.5 24.33 0
    endloop
  endfacet
  facet normal -0.6663465829820945 0.7456421603880019 0
    outer loop
      vertex 0.941275492310524 23.784578705132006 3.360000000000001
      vertex 0.941275492310524 23.784578705132006 0
      vertex 0.7322330474853516 23.597766952514647 0
    endloop
  endfacet
  facet normal -0.5786712954025489 0.8155608695107532 0
    outer loop
      vertex 1.1699198111891747 23.946810500621794 3.360000000000001
      vertex 1.1699198111891747 23.946810500621794 0
      vertex 0.941275492310524 23.784578705132006 0
    endloop
  endfacet
  facet normal -0.8155608695107532 0.5786712954025489 0
    outer loop
      vertex 0.5454212948679924 23.388724507689474 3.360000000000001
      vertex 0.5454212948679924 23.388724507689474 0
      vertex 0.38318949937820435 23.160080188810824 0
    endloop
  endfacet
  facet normal -0.9238795337140572 0.3826834294613449 0
    outer loop
      vertex 0.24757783114910126 22.9147093462944 3.360000000000001
      vertex 0.24757783114910126 22.9147093462944 0
      vertex 0.14029167592525482 22.655697652995585 0
    endloop
  endfacet
  facet normal -0.8752234263117745 0.48371887913857353 0
    outer loop
      vertex 0.38318949937820435 23.160080188810824 3.360000000000001
      vertex 0.38318949937820435 23.160080188810824 0
      vertex 0.24757783114910126 22.9147093462944 0
    endloop
  endfacet
  facet normal -0.7456421603880019 0.6663465829820945 0
    outer loop
      vertex 0.7322330474853516 23.597766952514647 3.360000000000001
      vertex 0.7322330474853516 23.597766952514647 0
      vertex 0.5454212948679924 23.388724507689474 0
    endloop
  endfacet
  facet normal -0.48371887913857353 0.8752234263117745 0
    outer loop
      vertex 1.415290653705597 24.082422168850897 3.360000000000001
      vertex 1.415290653705597 24.082422168850897 0
      vertex 1.1699198111891747 23.946810500621794 0
    endloop
  endfacet
  facet normal -0.3826834294613449 0.9238795337140572 0
    outer loop
      vertex 1.6743023470044136 24.189708324074743 3.360000000000001
      vertex 1.6743023470044136 24.189708324074743 0
      vertex 1.415290653705597 24.082422168850897 0
    endloop
  endfacet
  facet normal -0.27683550708915217 0.9609173231941923 0
    outer loop
      vertex 1.9436976686120033 24.26731977790594 3.360000000000001
      vertex 1.9436976686120033 24.26731977790594 0
      vertex 1.6743023470044136 24.189708324074743 0
    endloop
  endfacet
  facet normal -0.1675062408155553 0.985871015543028 0
    outer loop
      vertex 2.2200888097286224 24.31428052663803 3.360000000000001
      vertex 2.2200888097286224 24.31428052663803 0
      vertex 1.9436976686120033 24.26731977790594 0
    endloop
  endfacet
  facet normal -0.05607044046118207 0.9984268153983491 0
    outer loop
      vertex 2.5 24.33 3.360000000000001
      vertex 2.5 24.33 0
      vertex 2.2200888097286224 24.31428052663803 0
    endloop
  endfacet
  facet normal -0.9609173231941923 0.27683550708915217 0
    outer loop
      vertex 0.14029167592525482 22.655697652995585 3.360000000000001
      vertex 0.14029167592525482 22.655697652995585 0
      vertex 0.06268022209405899 22.386302331387995 0
    endloop
  endfacet
  facet normal -0.985871015543028 0.1675062408155553 0
    outer loop
      vertex 0.06268022209405899 22.386302331387995 3.360000000000001
      vertex 0.06268022209405899 22.386302331387995 0
      vertex 0.015719473361968994 22.109911190271376 0
    endloop
  endfacet
  facet normal -0.9984268153983491 0.05607044046118207 0
    outer loop
      vertex 0.015719473361968994 22.109911190271376 3.360000000000001
      vertex 0.015719473361968994 22.109911190271376 0
      vertex 0 21.83 0
    endloop
  endfacet
  facet normal -1 0 0
    outer loop
      vertex 0 21.83 3.360000000000001
      vertex 0 21.83 0
      vertex 0 2.5000000017881376 0
    endloop
  endfacet
  facet normal 0 0 -1
    outer loop
      vertex 0.7322330474853516 23.597766952514647 0
      vertex 0.5454212948679924 0.9412754940986616 0
      vertex 0.5454212948679924 23.388724507689474 0
    endloop
  endfacet
  facet normal 0 0 -1
    outer loop
      vertex 0.941275492310524 23.784578705132006 0
      vertex 0.7322330474853516 0.7322330492734892 0
      vertex 0.7322330474853516 23.597766952514647 0
    endloop
  endfacet
  facet normal 0 0 -1
    outer loop
      vertex 0.941275492310524 23.784578705132006 0
      vertex 1.1699198111891747 23.946810500621794 0
      vertex 0.941275492310524 0.54542129665613 0
    endloop
  endfacet
  facet normal 0 0 -1
    outer loop
      vertex 1.1699198111891747 23.946810500621794 0
      vertex 1.415290653705597 24.082422168850897 0
      vertex 1.1699198111891747 0.383189501166342 0
    endloop
  endfacet
  facet normal 0 0 -1
    outer loop
      vertex 0.24757783114910126 22.9147093462944 0
      vertex 0.38318949937820435 23.160080188810824 0
      vertex 0.24757783114910126 1.4152906554937346 0
    endloop
  endfacet
  facet normal 0 0 -1
    outer loop
      vertex 0.14029167592525482 22.655697652995585 0
      vertex 0.06268022209405899 1.9436976629495604 0
      vertex 0.06268022209405899 22.386302331387995 0
    endloop
  endfacet
  facet normal 0 0 -1
    outer loop
      vertex 0.24757783114910126 22.9147093462944 0
      vertex 0.14029167592525482 1.6743023487925512 0
      vertex 0.14029167592525482 22.655697652995585 0
    endloop
  endfacet
  facet normal 0 0 -1
    outer loop
      vertex 0.5454212948679924 23.388724507689474 0
      vertex 0.38318949937820435 1.1699198055267317 0
      vertex 0.38318949937820435 23.160080188810824 0
    endloop
  endfacet
  facet normal 0 0 -1
    outer loop
      vertex 0.06268022209405899 22.386302331387995 0
      vertex 0.015719473361968994 2.22008881151676 0
      vertex 0.015719473361968994 22.109911190271376 0
    endloop
  endfacet
  facet normal 0 0 -1
    outer loop
      vertex 0.015719473361968994 22.109911190271376 0
      vertex 0 2.5000000017881376 0
      vertex 0 21.83 0
    endloop
  endfacet
  facet normal 0 0 -1
    outer loop
      vertex 1.415290653705597 24.082422168850897 0
      vertex 1.6743023470044136 24.189708324074743 0
      vertex 1.415290653705597 0.2475778329372389 0
    endloop
  endfacet
  facet normal 0 0 -1
    outer loop
      vertex 1.6743023470044136 24.189708324074743 0
      vertex 1.9436976686120033 24.26731977790594 0
      vertex 1.6743023470044136 0.14029167771339246 0
    endloop
  endfacet
  facet normal 0 0 -1
    outer loop
      vertex 1.9436976686120033 24.26731977790594 0
      vertex 2.2200888097286224 24.31428052663803 0
      vertex 1.9436976686120033 0.06268021643161603 0
    endloop
  endfacet
  facet normal 0 0 -1
    outer loop
      vertex 2.2200888097286224 24.31428052663803 0
      vertex 2.5 24.33 0
      vertex 2.2200888097286224 0.015719475150106632 0
    endloop
  endfacet
  facet normal 0 0 -1
    outer loop
      vertex 2.5 24.33 0
      vertex 3.609999999999998 21.259999999999998 0
      vertex 2.5 1.788137637959153e-9 0
    endloop
  endfacet
  facet normal 0 0 -1
    outer loop
      vertex 2.5 24.33 0
      vertex 37.86999999731779 24.33 0
      vertex 3.609999999999998 21.259999999999998 0
    endloop
  endfacet
  facet normal 0 0 1
    outer loop
      vertex 0.015719473361968994 22.109911190271376 3.360000000000001
      vertex 0 2.5000000017881376 3.360000000000001
      vertex 0.015719473361968994 2.22008881151676 3.360000000000001
    endloop
  endfacet
  facet normal 0 0 1
    outer loop
      vertex 0.06268022209405899 22.386302331387995 3.360000000000001
      vertex 0.015719473361968994 2.22008881151676 3.360000000000001
      vertex 0.06268022209405899 1.9436976629495604 3.360000000000001
    endloop
  endfacet
  facet normal 0 0 1
    outer loop
      vertex 0.14029167592525482 22.655697652995585 3.360000000000001
      vertex 0.06268022209405899 1.9436976629495604 3.360000000000001
      vertex 0.14029167592525482 1.6743023487925512 3.360000000000001
    endloop
  endfacet
  facet normal 0 0 1
    outer loop
      vertex 0.24757783114910126 22.9147093462944 3.360000000000001
      vertex 0.14029167592525482 1.6743023487925512 3.360000000000001
      vertex 0.24757783114910126 1.4152906554937346 3.360000000000001
    endloop
  endfacet
  facet normal 0 0 1
    outer loop
      vertex 0.38318949937820435 23.160080188810824 3.360000000000001
      vertex 0.24757783114910126 1.4152906554937346 3.360000000000001
      vertex 0.38318949937820435 1.1699198055267317 3.360000000000001
    endloop
  endfacet
  facet normal 0 0 1
    outer loop
      vertex 0.5454212948679924 23.388724507689474 3.360000000000001
      vertex 0.38318949937820435 1.1699198055267317 3.360000000000001
      vertex 0.5454212948679924 0.9412754940986616 3.360000000000001
    endloop
  endfacet
  facet normal 0 0 1
    outer loop
      vertex 0.7322330474853516 23.597766952514647 3.360000000000001
      vertex 0.5454212948679924 0.9412754940986616 3.360000000000001
      vertex 0.7322330474853516 0.7322330492734892 3.360000000000001
    endloop
  endfacet
  facet normal 0 0 1
    outer loop
      vertex 0.941275492310524 23.784578705132006 3.360000000000001
      vertex 0.7322330474853516 0.7322330492734892 3.360000000000001
      vertex 0.941275492310524 0.54542129665613 3.360000000000001
    endloop
  endfacet
  facet normal 0 0 1
    outer loop
      vertex 1.1699198111891747 23.946810500621794 3.360000000000001
      vertex 0.941275492310524 0.54542129665613 3.360000000000001
      vertex 1.1699198111891747 0.383189501166342 3.360000000000001
    endloop
  endfacet
  facet normal 0 0 1
    outer loop
      vertex 1.415290653705597 24.082422168850897 3.360000000000001
      vertex 1.1699198111891747 0.383189501166342 3.360000000000001
      vertex 1.415290653705597 0.2475778329372389 3.360000000000001
    endloop
  endfacet
  facet normal 0 0 1
    outer loop
      vertex 1.415290653705597 0.2475778329372389 3.360000000000001
      vertex 1.4500000029802322 2.540682995617388 3.360000000000001
      vertex 1.4500000029802322 21.78931701362133 3.360000000000001
    endloop
  endfacet
  facet normal -1 0 0
    outer loop
      vertex 0 21.83 3.360000000000001
      vertex 0 2.5000000017881376 0
      vertex 0 2.5000000017881376 3.360000000000001
    endloop
  endfacet
  facet normal 0 0 1
    outer loop
      vertex 1.5110789984464645 2.153961600661276 3.360000000000001
      vertex 1.6 1.5999999999999979 3.360000000000001
      vertex 1.5560411363840103 2.045413384139536 3.360000000000001
    endloop
  endfacet
  facet normal 0 0 1
    outer loop
      vertex 1.415290653705597 0.2475778329372389 3.360000000000001
      vertex 1.4588725194334984 2.3826930913329107 3.360000000000001
      vertex 1.4500000029802322 2.540682995617388 3.360000000000001
    endloop
  endfacet
  facet normal 0 0 1
    outer loop
      vertex 1.415290653705597 0.2475778329372389 3.360000000000001
      vertex 1.4785531163215637 2.2668614330887777 3.360000000000001
      vertex 1.4588725194334984 2.3826930913329107 3.360000000000001
    endloop
  endfacet
  facet normal 0 0 1
    outer loop
      vertex 1.415290653705597 0.2475778329372389 3.360000000000001
      vertex 1.5110789984464645 2.153961600661276 3.360000000000001
      vertex 1.4785531163215637 2.2668614330887777 3.360000000000001
    endloop
  endfacet
  facet normal 0 0 1
    outer loop
      vertex 1.5560411363840103 2.045413384139536 3.360000000000001
      vertex 1.6 1.5999999999999979 3.360000000000001
      vertex 1.6 1.9658758134993022 3.360000000000001
    endloop
  endfacet
  facet normal 0 0 1
    outer loop
      vertex 1.415290653705597 0.2475778329372389 3.360000000000001
      vertex 1.6 1.5999999999999979 3.360000000000001
      vertex 1.5110789984464645 2.153961600661276 3.360000000000001
    endloop
  endfacet
  facet normal 0 0 1
    outer loop
      vertex 1.9436976686120033 0.06268021643161603 3.360000000000001
      vertex 1.965875825962762 1.5999999999999979 3.360000000000001
      vertex 1.6 1.5999999999999979 3.360000000000001
    endloop
  endfacet
  facet normal 0 0 1
    outer loop
      vertex 1.9436976686120033 0.06268021643161603 3.360000000000001
      vertex 2.045413389801979 1.556041138172148 3.360000000000001
      vertex 1.965875825962762 1.5999999999999979 3.360000000000001
    endloop
  endfacet
  facet normal 0 0 1
    outer loop
      vertex 1.9436976686120033 0.06268021643161603 3.360000000000001
      vertex 2.153961554169655 1.511079022586344 3.360000000000001
      vertex 2.045413389801979 1.556041138172148 3.360000000000001
    endloop
  endfacet
  facet normal 0 0 1
    outer loop
      vertex 2.2200888097286224 0.015719475150106632 3.360000000000001
      vertex 2.2668614611029625 1.4785531106591208 3.360000000000001
      vertex 2.153961554169655 1.511079022586344 3.360000000000001
    endloop
  endfacet
  facet normal 0 0 1
    outer loop
      vertex 2.2200888097286224 0.015719475150106632 3.360000000000001
      vertex 2.382693089544773 1.4588725286722166 3.360000000000001
      vertex 2.2668614611029625 1.4785531106591208 3.360000000000001
    endloop
  endfacet
  facet normal 0 0 1
    outer loop
      vertex 2.5 1.788137637959153e-9 3.360000000000001
      vertex 2.5406829938292503 1.4500000047683699 3.360000000000001
      vertex 2.382693089544773 1.4588725286722166 3.360000000000001
    endloop
  endfacet
  facet normal 0 0 1
    outer loop
      vertex 1.415290653705597 0.2475778329372389 3.360000000000001
      vertex 1.6743023470044136 0.14029167771339246 3.360000000000001
      vertex 1.6 1.5999999999999979 3.360000000000001
    endloop
  endfacet
  facet normal 0 0 1
    outer loop
      vertex 1.6743023470044136 0.14029167771339246 3.360000000000001
      vertex 1.9436976686120033 0.06268021643161603 3.360000000000001
      vertex 1.6 1.5999999999999979 3.360000000000001
    endloop
  endfacet
  facet normal 0 0 1
    outer loop
      vertex 1.9436976686120033 0.06268021643161603 3.360000000000001
      vertex 2.2200888097286224 0.015719475150106632 3.360000000000001
      vertex 2.153961554169655 1.511079022586344 3.360000000000001
    endloop
  endfacet
  facet normal 0 0 1
    outer loop
      vertex 2.2200888097286224 0.015719475150106632 3.360000000000001
      vertex 2.5 1.788137637959153e-9 3.360000000000001
      vertex 2.382693089544773 1.4588725286722166 3.360000000000001
    endloop
  endfacet
  facet normal -0.9984268153983491 -0.05607044046118207 0
    outer loop
      vertex 0 2.5000000017881376 3.360000000000001
      vertex 0.015719473361968994 2.22008881151676 0
      vertex 0.015719473361968994 2.22008881151676 3.360000000000001
    endloop
  endfacet
  facet normal -0.9858710162887002 -0.16750623642684231 0
    outer loop
      vertex 0.015719473361968994 2.22008881151676 3.360000000000001
      vertex 0.06268022209405899 1.9436976629495604 0
      vertex 0.06268022209405899 1.9436976629495604 3.360000000000001
    endloop
  endfacet
  facet normal -0.9609173211574801 -0.27683551415873714 0
    outer loop
      vertex 0.06268022209405899 1.9436976629495604 3.360000000000001
      vertex 0.14029167592525482 1.6743023487925512 0
      vertex 0.14029167592525482 1.6743023487925512 3.360000000000001
    endloop
  endfacet
  facet normal -0.9238795337140572 -0.3826834294613449 0
    outer loop
      vertex 0.14029167592525482 1.6743023487925512 3.360000000000001
      vertex 0.24757783114910126 1.4152906554937346 0
      vertex 0.24757783114910126 1.4152906554937346 3.360000000000001
    endloop
  endfacet
  facet normal -0.8752234325300814 -0.4837188678873938 0
    outer loop
      vertex 0.24757783114910126 1.4152906554937346 3.360000000000001
      vertex 0.38318949937820435 1.1699198055267317 0
      vertex 0.38318949937820435 1.1699198055267317 3.360000000000001
    endloop
  endfacet
  facet normal -0.8155608606115735 -0.5786713079447687 0
    outer loop
      vertex 0.38318949937820435 1.1699198055267317 3.360000000000001
      vertex 0.5454212948679924 0.9412754940986616 0
      vertex 0.5454212948679924 0.9412754940986616 3.360000000000001
    endloop
  endfacet
  facet normal -0.7456421603880019 -0.6663465829820945 0
    outer loop
      vertex 0.5454212948679924 0.9412754940986616 3.360000000000001
      vertex 0.7322330474853516 0.7322330492734892 0
      vertex 0.7322330474853516 0.7322330492734892 3.360000000000001
    endloop
  endfacet
  facet normal -0.6663465829820945 -0.7456421603880019 0
    outer loop
      vertex 0.7322330474853516 0.7322330492734892 3.360000000000001
      vertex 0.941275492310524 0.54542129665613 0
      vertex 0.941275492310524 0.54542129665613 3.360000000000001
    endloop
  endfacet
  facet normal -0.5786712954025489 -0.8155608695107532 0
    outer loop
      vertex 0.941275492310524 0.54542129665613 3.360000000000001
      vertex 1.1699198111891747 0.383189501166342 0
      vertex 1.1699198111891747 0.383189501166342 3.360000000000001
    endloop
  endfacet
  facet normal -0.48371887913857353 -0.8752234263117745 0
    outer loop
      vertex 1.1699198111891747 0.383189501166342 3.360000000000001
      vertex 1.415290653705597 0.2475778329372389 0
      vertex 1.415290653705597 0.2475778329372389 3.360000000000001
    endloop
  endfacet
  facet normal -0.3826834294613449 -0.9238795337140572 0
    outer loop
      vertex 1.415290653705597 0.2475778329372389 3.360000000000001
      vertex 1.6743023470044136 0.14029167771339246 0
      vertex 1.6743023470044136 0.14029167771339246 3.360000000000001
    endloop
  endfacet
  facet normal -0.276835531628224 -0.9609173161246073 0
    outer loop
      vertex 1.6743023470044136 0.14029167771339246 3.360000000000001
      vertex 1.9436976686120033 0.06268021643161603 0
      vertex 1.9436976686120033 0.06268021643161603 3.360000000000001
    endloop
  endfacet
  facet normal -0.16750621498544283 -0.9858710199317406 0
    outer loop
      vertex 1.9436976686120033 0.06268021643161603 3.360000000000001
      vertex 2.2200888097286224 0.015719475150106632 0
      vertex 2.2200888097286224 0.015719475150106632 3.360000000000001
    endloop
  endfacet
  facet normal -0.05607044046118207 -0.9984268153983491 0
    outer loop
      vertex 2.2200888097286224 0.015719475150106632 3.360000000000001
      vertex 2.5 1.788137637959153e-9 0
      vertex 2.5 1.788137637959153e-9 3.360000000000001
    endloop
  endfacet
  facet normal 0 0 1
    outer loop
      vertex 2.5 1.788137637959153e-9 3.360000000000001
      vertex 37.86999999731779 1.788137637959153e-9 3.360000000000001
      vertex 2.5406829938292503 1.4500000047683699 3.360000000000001
    endloop
  endfacet
  facet normal 0 0 -1
    outer loop
      vertex 0.015719473361968994 22.109911190271376 0
      vertex 0.015719473361968994 2.22008881151676 0
      vertex 0 2.5000000017881376 0
    endloop
  endfacet
  facet normal 0 0 -1
    outer loop
      vertex 0.06268022209405899 22.386302331387995 0
      vertex 0.06268022209405899 1.9436976629495604 0
      vertex 0.015719473361968994 2.22008881151676 0
    endloop
  endfacet
  facet normal 0 0 -1
    outer loop
      vertex 0.14029167592525482 22.655697652995585 0
      vertex 0.14029167592525482 1.6743023487925512 0
      vertex 0.06268022209405899 1.9436976629495604 0
    endloop
  endfacet
  facet normal 0 0 -1
    outer loop
      vertex 0.24757783114910126 22.9147093462944 0
      vertex 0.24757783114910126 1.4152906554937346 0
      vertex 0.14029167592525482 1.6743023487925512 0
    endloop
  endfacet
  facet normal 0 0 -1
    outer loop
      vertex 0.38318949937820435 23.160080188810824 0
      vertex 0.38318949937820435 1.1699198055267317 0
      vertex 0.24757783114910126 1.4152906554937346 0
    endloop
  endfacet
  facet normal 0 0 -1
    outer loop
      vertex 0.5454212948679924 23.388724507689474 0
      vertex 0.5454212948679924 0.9412754940986616 0
      vertex 0.38318949937820435 1.1699198055267317 0
    endloop
  endfacet
  facet normal 0 0 -1
    outer loop
      vertex 0.7322330474853516 23.597766952514647 0
      vertex 0.7322330474853516 0.7322330492734892 0
      vertex 0.5454212948679924 0.9412754940986616 0
    endloop
  endfacet
  facet normal 0 0 -1
    outer loop
      vertex 0.941275492310524 23.784578705132006 0
      vertex 0.941275492310524 0.54542129665613 0
      vertex 0.7322330474853516 0.7322330492734892 0
    endloop
  endfacet
  facet normal 0 0 -1
    outer loop
      vertex 1.1699198111891747 23.946810500621794 0
      vertex 1.1699198111891747 0.383189501166342 0
      vertex 0.941275492310524 0.54542129665613 0
    endloop
  endfacet
  facet normal 0 0 -1
    outer loop
      vertex 1.415290653705597 24.082422168850897 0
      vertex 1.415290653705597 0.2475778329372389 0
      vertex 1.1699198111891747 0.383189501166342 0
    endloop
  endfacet
  facet normal 0 0 -1
    outer loop
      vertex 1.6743023470044136 24.189708324074743 0
      vertex 1.6743023470044136 0.14029167771339246 0
      vertex 1.415290653705597 0.2475778329372389 0
    endloop
  endfacet
  facet normal 0 0 -1
    outer loop
      vertex 1.9436976686120033 24.26731977790594 0
      vertex 1.9436976686120033 0.06268021643161603 0
      vertex 1.6743023470044136 0.14029167771339246 0
    endloop
  endfacet
  facet normal 0 0 -1
    outer loop
      vertex 2.2200888097286224 24.31428052663803 0
      vertex 2.2200888097286224 0.015719475150106632 0
      vertex 1.9436976686120033 0.06268021643161603 0
    endloop
  endfacet
  facet normal 0 0 -1
    outer loop
      vertex 2.5 24.33 0
      vertex 2.5 1.788137637959153e-9 0
      vertex 2.2200888097286224 0.015719475150106632 0
    endloop
  endfacet
  facet normal 0 0 -1
    outer loop
      vertex 2.5 1.788137637959153e-9 0
      vertex 3.609999999999998 21.259999999999998 0
      vertex 3.609999999999998 3.0699999999999967 0
    endloop
  endfacet
  facet normal -0.9984268153983491 -0.05607044046118207 0
    outer loop
      vertex 0 2.5000000017881376 3.360000000000001
      vertex 0 2.5000000017881376 0
      vertex 0.015719473361968994 2.22008881151676 0
    endloop
  endfacet
  facet normal -0.9858710162887002 -0.16750623642684231 0
    outer loop
      vertex 0.015719473361968994 2.22008881151676 3.360000000000001
      vertex 0.015719473361968994 2.22008881151676 0
      vertex 0.06268022209405899 1.9436976629495604 0
    endloop
  endfacet
  facet normal -0.9609173211574801 -0.27683551415873714 0
    outer loop
      vertex 0.06268022209405899 1.9436976629495604 3.360000000000001
      vertex 0.06268022209405899 1.9436976629495604 0
      vertex 0.14029167592525482 1.6743023487925512 0
    endloop
  endfacet
  facet normal -0.9238795337140572 -0.3826834294613449 0
    outer loop
      vertex 0.14029167592525482 1.6743023487925512 3.360000000000001
      vertex 0.14029167592525482 1.6743023487925512 0
      vertex 0.24757783114910126 1.4152906554937346 0
    endloop
  endfacet
  facet normal -0.8752234325300814 -0.4837188678873938 0
    outer loop
      vertex 0.24757783114910126 1.4152906554937346 3.360000000000001
      vertex 0.24757783114910126 1.4152906554937346 0
      vertex 0.38318949937820435 1.1699198055267317 0
    endloop
  endfacet
  facet normal -0.8155608606115735 -0.5786713079447687 0
    outer loop
      vertex 0.38318949937820435 1.1699198055267317 3.360000000000001
      vertex 0.38318949937820435 1.1699198055267317 0
      vertex 0.5454212948679924 0.9412754940986616 0
    endloop
  endfacet
  facet normal -0.7456421603880019 -0.6663465829820945 0
    outer loop
      vertex 0.5454212948679924 0.9412754940986616 3.360000000000001
      vertex 0.5454212948679924 0.9412754940986616 0
      vertex 0.7322330474853516 0.7322330492734892 0
    endloop
  endfacet
  facet normal -0.6663465829820945 -0.7456421603880019 0
    outer loop
      vertex 0.7322330474853516 0.7322330492734892 3.360000000000001
      vertex 0.7322330474853516 0.7322330492734892 0
      vertex 0.941275492310524 0.54542129665613 0
    endloop
  endfacet
  facet normal -0.5786712954025489 -0.8155608695107532 0
    outer loop
      vertex 0.941275492310524 0.54542129665613 3.360000000000001
      vertex 0.941275492310524 0.54542129665613 0
      vertex 1.1699198111891747 0.383189501166342 0
    endloop
  endfacet
  facet normal -0.48371887913857353 -0.8752234263117745 0
    outer loop
      vertex 1.1699198111891747 0.383189501166342 3.360000000000001
      vertex 1.1699198111891747 0.383189501166342 0
      vertex 1.415290653705597 0.2475778329372389 0
    endloop
  endfacet
  facet normal -0.3826834294613449 -0.9238795337140572 0
    outer loop
      vertex 1.415290653705597 0.2475778329372389 3.360000000000001
      vertex 1.415290653705597 0.2475778329372389 0
      vertex 1.6743023470044136 0.14029167771339246 0
    endloop
  endfacet
  facet normal -0.276835531628224 -0.9609173161246073 0
    outer loop
      vertex 1.6743023470044136 0.14029167771339246 3.360000000000001
      vertex 1.6743023470044136 0.14029167771339246 0
      vertex 1.9436976686120033 0.06268021643161603 0
    endloop
  endfacet
  facet normal -0.16750621498544283 -0.9858710199317406 0
    outer loop
      vertex 1.9436976686120033 0.06268021643161603 3.360000000000001
      vertex 1.9436976686120033 0.06268021643161603 0
      vertex 2.2200888097286224 0.015719475150106632 0
    endloop
  endfacet
  facet normal -0.05607044046118207 -0.9984268153983491 0
    outer loop
      vertex 2.2200888097286224 0.015719475150106632 3.360000000000001
      vertex 2.2200888097286224 0.015719475150106632 0
      vertex 2.5 1.788137637959153e-9 0
    endloop
  endfacet
  facet normal 0 -1 0
    outer loop
      vertex 2.5 1.788137637959153e-9 3.360000000000001
      vertex 2.5 1.788137637959153e-9 0
      vertex 37.86999999731779 1.788137637959153e-9 0
    endloop
  endfacet
  facet normal 0 0 -1
    outer loop
      vertex 2.5 1.788137637959153e-9 0
      vertex 3.609999999999998 3.0699999999999967 0
      vertex 36.76 3.0699999999999967 0
    endloop
  endfacet
  facet normal 0 0 1
    outer loop
      vertex 2.5 24.33 3.360000000000001
      vertex 37.82931700348854 22.879999997019766 3.360000000000001
      vertex 37.86999999731779 24.33 3.360000000000001
    endloop
  endfacet
  facet normal 0 0 1
    outer loop
      vertex 37.86999999731779 24.33 3.360000000000001
      vertex 37.98730690777302 22.8711274805665 3.360000000000001
      vertex 38.14991118758917 24.31428052663803 3.360000000000001
    endloop
  endfacet
  facet normal 0 0 1
    outer loop
      vertex 38.14991118758917 24.31428052663803 3.360000000000001
      vertex 38.21603845059872 22.818920986652373 3.360000000000001
      vertex 38.42630233615637 24.26731977790594 3.360000000000001
    endloop
  endfacet
  facet normal 0 0 1
    outer loop
      vertex 38.42630233615637 24.26731977790594 3.360000000000001
      vertex 38.769999999999996 22.729999999999997 3.360000000000001
      vertex 38.69569765776396 24.189708324074743 3.360000000000001
    endloop
  endfacet
  facet normal 0 0 1
    outer loop
      vertex 38.69569765776396 24.189708324074743 3.360000000000001
      vertex 38.769999999999996 22.729999999999997 3.360000000000001
      vertex 38.954709351062775 24.082422168850897 3.360000000000001
    endloop
  endfacet
  facet normal 0 0 1
    outer loop
      vertex 37.86999999731779 24.33 3.360000000000001
      vertex 37.82931700348854 22.879999997019766 3.360000000000001
      vertex 37.98730690777302 22.8711274805665 3.360000000000001
    endloop
  endfacet
  facet normal 0 0 1
    outer loop
      vertex 38.14991118758917 24.31428052663803 3.360000000000001
      vertex 37.98730690777302 22.8711274805665 3.360000000000001
      vertex 38.10313852876425 22.851446891129015 3.360000000000001
    endloop
  endfacet
  facet normal 0 0 1
    outer loop
      vertex 38.14991118758917 24.31428052663803 3.360000000000001
      vertex 38.10313852876425 22.851446891129015 3.360000000000001
      vertex 38.21603845059872 22.818920986652373 3.360000000000001
    endloop
  endfacet
  facet normal 0 0 1
    outer loop
      vertex 38.42630233615637 24.26731977790594 3.360000000000001
      vertex 38.21603845059872 22.818920986652373 3.360000000000001
      vertex 38.32458660751581 22.77395887106657 3.360000000000001
    endloop
  endfacet
  facet normal 0 0 1
    outer loop
      vertex 38.42630233615637 24.26731977790594 3.360000000000001
      vertex 38.32458660751581 22.77395887106657 3.360000000000001
      vertex 38.40412419739969 22.729999999999997 3.360000000000001
    endloop
  endfacet
  facet normal 0 0 1
    outer loop
      vertex 38.42630233615637 24.26731977790594 3.360000000000001
      vertex 38.40412419739969 22.729999999999997 3.360000000000001
      vertex 38.769999999999996 22.729999999999997 3.360000000000001
    endloop
  endfacet
  facet normal 0 0 1
    outer loop
      vertex 38.954709351062775 24.082422168850897 3.360000000000001
      vertex 38.769999999999996 22.729999999999997 3.360000000000001
      vertex 38.858920998871326 22.17603840112686 3.360000000000001
    endloop
  endfacet
  facet normal 0 0 1
    outer loop
      vertex 38.954709351062775 24.082422168850897 3.360000000000001
      vertex 40.36999999731779 20.865 3.360000000000001
      vertex 39.2000801935792 23.946810500621794 3.360000000000001
    endloop
  endfacet
  facet normal 0 0 1
    outer loop
      vertex 39.2000801935792 23.946810500621794 3.360000000000001
      vertex 40.36999999731779 20.865 3.360000000000001
      vertex 39.42872450500727 23.784578705132006 3.360000000000001
    endloop
  endfacet
  facet normal 0 0 1
    outer loop
      vertex 38.769999999999996 22.364124169687543 3.360000000000001
      vertex 38.81395884603262 22.28458662509918 3.360000000000001
      vertex 38.769999999999996 22.729999999999997 3.360000000000001
    endloop
  endfacet
  facet normal 0 0 1
    outer loop
      vertex 38.954709351062775 24.082422168850897 3.360000000000001
      vertex 38.858920998871326 22.17603840112686 3.360000000000001
      vertex 38.89144688099623 22.063138561248778 3.360000000000001
    endloop
  endfacet
  facet normal 0 0 1
    outer loop
      vertex 38.954709351062775 24.082422168850897 3.360000000000001
      vertex 38.89144688099623 22.063138561248778 3.360000000000001
      vertex 38.91112747043371 21.947306910455225 3.360000000000001
    endloop
  endfacet
  facet normal 0 0 1
    outer loop
      vertex 38.954709351062775 24.082422168850897 3.360000000000001
      vertex 38.91112747043371 21.947306910455225 3.360000000000001
      vertex 38.91999999433756 21.78931701362133 3.360000000000001
    endloop
  endfacet
  facet normal 0 0 1
    outer loop
      vertex 38.769999999999996 22.729999999999997 3.360000000000001
      vertex 38.81395884603262 22.28458662509918 3.360000000000001
      vertex 38.858920998871326 22.17603840112686 3.360000000000001
    endloop
  endfacet
  facet normal 0 0 1
    outer loop
      vertex 38.954709351062775 24.082422168850897 3.360000000000001
      vertex 38.91999999433756 21.78931701362133 3.360000000000001
      vertex 38.91999999433756 20.865 3.360000000000001
    endloop
  endfacet
  facet normal 0 0 1
    outer loop
      vertex 39.42872450500727 23.784578705132006 3.360000000000001
      vertex 40.36999999731779 20.865 3.360000000000001
      vertex 39.63776694983244 23.597766952514647 3.360000000000001
    endloop
  endfacet
  facet normal 0 0 1
    outer loop
      vertex 39.63776694983244 23.597766952514647 3.360000000000001
      vertex 40.36999999731779 20.865 3.360000000000001
      vertex 39.8245787024498 23.388724507689474 3.360000000000001
    endloop
  endfacet
  facet normal 0 0 1
    outer loop
      vertex 39.8245787024498 23.388724507689474 3.360000000000001
      vertex 40.36999999731779 20.865 3.360000000000001
      vertex 39.98681049793959 23.160080188810824 3.360000000000001
    endloop
  endfacet
  facet normal 0 0 1
    outer loop
      vertex 39.98681049793959 23.160080188810824 3.360000000000001
      vertex 40.36999999731779 20.865 3.360000000000001
      vertex 40.12242216616869 22.9147093462944 3.360000000000001
    endloop
  endfacet
  facet normal 0 0 1
    outer loop
      vertex 40.12242216616869 22.9147093462944 3.360000000000001
      vertex 40.36999999731779 20.865 3.360000000000001
      vertex 40.22970832884312 22.655697652995585 3.360000000000001
    endloop
  endfacet
  facet normal 0 0 1
    outer loop
      vertex 38.954709351062775 24.082422168850897 3.360000000000001
      vertex 38.91999999433756 20.865 3.360000000000001
      vertex 40.36999999731779 20.865 3.360000000000001
    endloop
  endfacet
  facet normal 0 0 1
    outer loop
      vertex 40.22970832884312 22.655697652995585 3.360000000000001
      vertex 40.36999999731779 20.865 3.360000000000001
      vertex 40.30731978267431 22.386302331387995 3.360000000000001
    endloop
  endfacet
  facet normal 0 0 1
    outer loop
      vertex 40.30731978267431 22.386302331387995 3.360000000000001
      vertex 40.36999999731779 20.865 3.360000000000001
      vertex 40.35428052395582 22.109911190271376 3.360000000000001
    endloop
  endfacet
  facet normal 0 0 1
    outer loop
      vertex 40.35428052395582 22.109911190271376 3.360000000000001
      vertex 40.36999999731779 20.865 3.360000000000001
      vertex 40.36999999731779 21.83 3.360000000000001
    endloop
  endfacet
  facet normal 0.05607044046118207 0.9984268153983491 0
    outer loop
      vertex 37.86999999731779 24.33 3.360000000000001
      vertex 38.14991118758917 24.31428052663803 3.360000000000001
      vertex 37.86999999731779 24.33 0
    endloop
  endfacet
  facet normal 0.16750623642684231 0.9858710162887002 0
    outer loop
      vertex 38.14991118758917 24.31428052663803 3.360000000000001
      vertex 38.42630233615637 24.26731977790594 3.360000000000001
      vertex 38.14991118758917 24.31428052663803 0
    endloop
  endfacet
  facet normal 0.27683550708915217 0.9609173231941923 0
    outer loop
      vertex 38.42630233615637 24.26731977790594 3.360000000000001
      vertex 38.69569765776396 24.189708324074743 3.360000000000001
      vertex 38.42630233615637 24.26731977790594 0
    endloop
  endfacet
  facet normal 0.3826834294613449 0.9238795337140572 0
    outer loop
      vertex 38.69569765776396 24.189708324074743 3.360000000000001
      vertex 38.954709351062775 24.082422168850897 3.360000000000001
      vertex 38.69569765776396 24.189708324074743 0
    endloop
  endfacet
  facet normal 0.48371887913857353 0.8752234263117745 0
    outer loop
      vertex 38.954709351062775 24.082422168850897 3.360000000000001
      vertex 39.2000801935792 23.946810500621794 3.360000000000001
      vertex 38.954709351062775 24.082422168850897 0
    endloop
  endfacet
  facet normal 0.5786713079447687 0.8155608606115735 0
    outer loop
      vertex 39.2000801935792 23.946810500621794 3.360000000000001
      vertex 39.42872450500727 23.784578705132006 3.360000000000001
      vertex 39.2000801935792 23.946810500621794 0
    endloop
  endfacet
  facet normal 0.6663465829820945 0.7456421603880019 0
    outer loop
      vertex 39.42872450500727 23.784578705132006 3.360000000000001
      vertex 39.63776694983244 23.597766952514647 3.360000000000001
      vertex 39.42872450500727 23.784578705132006 0
    endloop
  endfacet
  facet normal 0.7456421603880019 0.6663465829820945 0
    outer loop
      vertex 39.63776694983244 23.597766952514647 3.360000000000001
      vertex 39.8245787024498 23.388724507689474 3.360000000000001
      vertex 39.63776694983244 23.597766952514647 0
    endloop
  endfacet
  facet normal 0.8155608695107532 0.5786712954025489 0
    outer loop
      vertex 39.8245787024498 23.388724507689474 3.360000000000001
      vertex 39.98681049793959 23.160080188810824 3.360000000000001
      vertex 39.8245787024498 23.388724507689474 0
    endloop
  endfacet
  facet normal 0.8752234263117745 0.48371887913857353 0
    outer loop
      vertex 39.98681049793959 23.160080188810824 3.360000000000001
      vertex 40.12242216616869 22.9147093462944 3.360000000000001
      vertex 39.98681049793959 23.160080188810824 0
    endloop
  endfacet
  facet normal 0.9238795243180984 0.38268345214519556 0
    outer loop
      vertex 40.12242216616869 22.9147093462944 3.360000000000001
      vertex 40.22970832884312 22.655697652995585 3.360000000000001
      vertex 40.12242216616869 22.9147093462944 0
    endloop
  endfacet
  facet normal 0.9609173231941923 0.27683550708915217 0
    outer loop
      vertex 40.22970832884312 22.655697652995585 3.360000000000001
      vertex 40.30731978267431 22.386302331387995 3.360000000000001
      vertex 40.22970832884312 22.655697652995585 0
    endloop
  endfacet
  facet normal 0.9858710199317406 0.16750621498544283 0
    outer loop
      vertex 40.30731978267431 22.386302331387995 3.360000000000001
      vertex 40.35428052395582 22.109911190271376 3.360000000000001
      vertex 40.30731978267431 22.386302331387995 0
    endloop
  endfacet
  facet normal 0.9984268153983491 0.05607044046118207 0
    outer loop
      vertex 40.35428052395582 22.109911190271376 3.360000000000001
      vertex 40.36999999731779 21.83 3.360000000000001
      vertex 40.35428052395582 22.109911190271376 0
    endloop
  endfacet
  facet normal 1 0 0
    outer loop
      vertex 40.36999999731779 21.83 3.360000000000001
      vertex 40.36999999731779 20.865 3.360000000000001
      vertex 40.36999999731779 20.865 0
    endloop
  endfacet
  facet normal 0 1 0
    outer loop
      vertex 2.5 24.33 0
      vertex 37.86999999731779 24.33 3.360000000000001
      vertex 37.86999999731779 24.33 0
    endloop
  endfacet
  facet normal 0 0 -1
    outer loop
      vertex 37.86999999731779 24.33 0
      vertex 36.76 21.259999999999998 0
      vertex 3.609999999999998 21.259999999999998 0
    endloop
  endfacet
  facet normal 0.05607044046118207 0.9984268153983491 0
    outer loop
      vertex 38.14991118758917 24.31428052663803 3.360000000000001
      vertex 38.14991118758917 24.31428052663803 0
      vertex 37.86999999731779 24.33 0
    endloop
  endfacet
  facet normal 0.16750623642684231 0.9858710162887002 0
    outer loop
      vertex 38.42630233615637 24.26731977790594 3.360000000000001
      vertex 38.42630233615637 24.26731977790594 0
      vertex 38.14991118758917 24.31428052663803 0
    endloop
  endfacet
  facet normal 0.27683550708915217 0.9609173231941923 0
    outer loop
      vertex 38.69569765776396 24.189708324074743 3.360000000000001
      vertex 38.69569765776396 24.189708324074743 0
      vertex 38.42630233615637 24.26731977790594 0
    endloop
  endfacet
  facet normal 0.3826834294613449 0.9238795337140572 0
    outer loop
      vertex 38.954709351062775 24.082422168850897 3.360000000000001
      vertex 38.954709351062775 24.082422168850897 0
      vertex 38.69569765776396 24.189708324074743 0
    endloop
  endfacet
  facet normal 0.48371887913857353 0.8752234263117745 0
    outer loop
      vertex 39.2000801935792 23.946810500621794 3.360000000000001
      vertex 39.2000801935792 23.946810500621794 0
      vertex 38.954709351062775 24.082422168850897 0
    endloop
  endfacet
  facet normal 0.5786713079447687 0.8155608606115735 0
    outer loop
      vertex 39.42872450500727 23.784578705132006 3.360000000000001
      vertex 39.42872450500727 23.784578705132006 0
      vertex 39.2000801935792 23.946810500621794 0
    endloop
  endfacet
  facet normal 0.6663465829820945 0.7456421603880019 0
    outer loop
      vertex 39.63776694983244 23.597766952514647 3.360000000000001
      vertex 39.63776694983244 23.597766952514647 0
      vertex 39.42872450500727 23.784578705132006 0
    endloop
  endfacet
  facet normal 0.7456421603880019 0.6663465829820945 0
    outer loop
      vertex 39.8245787024498 23.388724507689474 3.360000000000001
      vertex 39.8245787024498 23.388724507689474 0
      vertex 39.63776694983244 23.597766952514647 0
    endloop
  endfacet
  facet normal 0.8155608695107532 0.5786712954025489 0
    outer loop
      vertex 39.98681049793959 23.160080188810824 3.360000000000001
      vertex 39.98681049793959 23.160080188810824 0
      vertex 39.8245787024498 23.388724507689474 0
    endloop
  endfacet
  facet normal 0.8752234263117745 0.48371887913857353 0
    outer loop
      vertex 40.12242216616869 22.9147093462944 3.360000000000001
      vertex 40.12242216616869 22.9147093462944 0
      vertex 39.98681049793959 23.160080188810824 0
    endloop
  endfacet
  facet normal 0.9238795243180984 0.38268345214519556 0
    outer loop
      vertex 40.22970832884312 22.655697652995585 3.360000000000001
      vertex 40.22970832884312 22.655697652995585 0
      vertex 40.12242216616869 22.9147093462944 0
    endloop
  endfacet
  facet normal 0.9609173231941923 0.27683550708915217 0
    outer loop
      vertex 40.30731978267431 22.386302331387995 3.360000000000001
      vertex 40.30731978267431 22.386302331387995 0
      vertex 40.22970832884312 22.655697652995585 0
    endloop
  endfacet
  facet normal 0.9858710199317406 0.16750621498544283 0
    outer loop
      vertex 40.35428052395582 22.109911190271376 3.360000000000001
      vertex 40.35428052395582 22.109911190271376 0
      vertex 40.30731978267431 22.386302331387995 0
    endloop
  endfacet
  facet normal 0.9984268153983491 0.05607044046118207 0
    outer loop
      vertex 40.36999999731779 21.83 3.360000000000001
      vertex 40.36999999731779 21.83 0
      vertex 40.35428052395582 22.109911190271376 0
    endloop
  endfacet
  facet normal 1 0 0
    outer loop
      vertex 40.36999999731779 21.83 3.360000000000001
      vertex 40.36999999731779 20.865 0
      vertex 40.36999999731779 21.83 0
    endloop
  endfacet
  facet normal 0 0 -1
    outer loop
      vertex 38.69569765776396 24.189708324074743 0
      vertex 38.954709351062775 24.082422168850897 0
      vertex 38.669999999999995 20.865 0
    endloop
  endfacet
  facet normal 0 0 -1
    outer loop
      vertex 38.954709351062775 24.082422168850897 0
      vertex 39.2000801935792 23.946810500621794 0
      vertex 38.669999999999995 20.865 0
    endloop
  endfacet
  facet normal 0 0 -1
    outer loop
      vertex 39.2000801935792 23.946810500621794 0
      vertex 39.42872450500727 23.784578705132006 0
      vertex 40.36999999731779 20.865 0
    endloop
  endfacet
  facet normal 0 0 -1
    outer loop
      vertex 39.42872450500727 23.784578705132006 0
      vertex 39.63776694983244 23.597766952514647 0
      vertex 40.36999999731779 20.865 0
    endloop
  endfacet
  facet normal 0 0 -1
    outer loop
      vertex 39.63776694983244 23.597766952514647 0
      vertex 39.8245787024498 23.388724507689474 0
      vertex 40.36999999731779 20.865 0
    endloop
  endfacet
  facet normal 0 0 -1
    outer loop
      vertex 39.8245787024498 23.388724507689474 0
      vertex 39.98681049793959 23.160080188810824 0
      vertex 40.36999999731779 20.865 0
    endloop
  endfacet
  facet normal 0 0 -1
    outer loop
      vertex 39.98681049793959 23.160080188810824 0
      vertex 40.12242216616869 22.9147093462944 0
      vertex 40.36999999731779 20.865 0
    endloop
  endfacet
  facet normal 0 0 -1
    outer loop
      vertex 40.12242216616869 22.9147093462944 0
      vertex 40.22970832884312 22.655697652995585 0
      vertex 40.36999999731779 20.865 0
    endloop
  endfacet
  facet normal 0 0 -1
    outer loop
      vertex 39.2000801935792 23.946810500621794 0
      vertex 40.36999999731779 20.865 0
      vertex 38.669999999999995 20.865 0
    endloop
  endfacet
  facet normal 0 0 -1
    outer loop
      vertex 40.22970832884312 22.655697652995585 0
      vertex 40.30731978267431 22.386302331387995 0
      vertex 40.36999999731779 20.865 0
    endloop
  endfacet
  facet normal 0 0 -1
    outer loop
      vertex 40.30731978267431 22.386302331387995 0
      vertex 40.35428052395582 22.109911190271376 0
      vertex 40.36999999731779 20.865 0
    endloop
  endfacet
  facet normal 0 0 -1
    outer loop
      vertex 40.35428052395582 22.109911190271376 0
      vertex 40.36999999731779 21.83 0
      vertex 40.36999999731779 20.865 0
    endloop
  endfacet
  facet normal 0 0 -1
    outer loop
      vertex 37.86999999731779 24.33 0
      vertex 36.76 3.0699999999999967 0
      vertex 36.76 21.259999999999998 0
    endloop
  endfacet
  facet normal 0 0 -1
    outer loop
      vertex 37.86999999731779 24.33 0
      vertex 38.14991118758917 24.31428052663803 0
      vertex 37.86999999731779 1.788137637959153e-9 0
    endloop
  endfacet
  facet normal 0 0 -1
    outer loop
      vertex 38.14991118758917 24.31428052663803 0
      vertex 38.42630233615637 24.26731977790594 0
      vertex 38.14991118758917 0.015719475150106632 0
    endloop
  endfacet
  facet normal 0 0 -1
    outer loop
      vertex 38.42630233615637 24.26731977790594 0
      vertex 38.69569765776396 24.189708324074743 0
      vertex 38.42630233615637 0.06268021643161603 0
    endloop
  endfacet
  facet normal 0 0 -1
    outer loop
      vertex 38.69569765776396 24.189708324074743 0
      vertex 38.669999999999995 20.865 0
      vertex 38.42630233615637 0.06268021643161603 0
    endloop
  endfacet
  facet normal 0 0 1
    outer loop
      vertex 37.86999999731779 1.788137637959153e-9 3.360000000000001
      vertex 37.82931700348854 1.4500000047683699 3.360000000000001
      vertex 2.5406829938292503 1.4500000047683699 3.360000000000001
    endloop
  endfacet
  facet normal 0 -1 0
    outer loop
      vertex 2.5 1.788137637959153e-9 3.360000000000001
      vertex 37.86999999731779 1.788137637959153e-9 0
      vertex 37.86999999731779 1.788137637959153e-9 3.360000000000001
    endloop
  endfacet
  facet normal 0 0 1
    outer loop
      vertex 38.954709351062775 0.2475778329372389 3.360000000000001
      vertex 38.91999999433756 3.465 3.360000000000001
      vertex 38.91999999433756 2.540682995617388 3.360000000000001
    endloop
  endfacet
  facet normal 0 0 1
    outer loop
      vertex 38.81395883858204 2.045413369238375 3.360000000000001
      vertex 38.769999999999996 1.5999999999999979 3.360000000000001
      vertex 38.85892102122307 2.1539616528153402 3.360000000000001
    endloop
  endfacet
  facet normal 0 0 1
    outer loop
      vertex 38.769999999999996 1.5999999999999979 3.360000000000001
      vertex 38.81395883858204 2.045413369238375 3.360000000000001
      vertex 38.769999999999996 1.9658758345652032 3.360000000000001
    endloop
  endfacet
  facet normal 0 0 1
    outer loop
      vertex 38.954709351062775 0.2475778329372389 3.360000000000001
      vertex 38.91999999433756 2.540682995617388 3.360000000000001
      vertex 38.91112747043371 2.38269308388233 3.360000000000001
    endloop
  endfacet
  facet normal 0 0 1
    outer loop
      vertex 38.954709351062775 0.2475778329372389 3.360000000000001
      vertex 38.91112747043371 2.38269308388233 3.360000000000001
      vertex 38.89144687354565 2.2668614032864554 3.360000000000001
    endloop
  endfacet
  facet normal 0 0 1
    outer loop
      vertex 38.954709351062775 0.2475778329372389 3.360000000000001
      vertex 38.89144687354565 2.2668614032864554 3.360000000000001
      vertex 38.85892102122307 2.1539616528153402 3.360000000000001
    endloop
  endfacet
  facet normal 0 0 1
    outer loop
      vertex 39.8245787024498 0.9412754940986616 3.360000000000001
      vertex 40.36999999731779 3.465 3.360000000000001
      vertex 38.91999999433756 3.465 3.360000000000001
    endloop
  endfacet
  facet normal 0 0 1
    outer loop
      vertex 40.36999999731779 2.5000000017881376 3.360000000000001
      vertex 40.36999999731779 3.465 3.360000000000001
      vertex 40.35428052395582 2.22008881151676 3.360000000000001
    endloop
  endfacet
  facet normal 0 0 1
    outer loop
      vertex 40.35428052395582 2.22008881151676 3.360000000000001
      vertex 40.36999999731779 3.465 3.360000000000001
      vertex 40.30731978267431 1.9436976629495604 3.360000000000001
    endloop
  endfacet
  facet normal 0 0 1
    outer loop
      vertex 40.30731978267431 1.9436976629495604 3.360000000000001
      vertex 40.36999999731779 3.465 3.360000000000001
      vertex 40.22970832884312 1.6743023487925512 3.360000000000001
    endloop
  endfacet
  facet normal 0 0 1
    outer loop
      vertex 39.63776694983244 0.7322330492734892 3.360000000000001
      vertex 38.91999999433756 3.465 3.360000000000001
      vertex 39.42872450500727 0.54542129665613 3.360000000000001
    endloop
  endfacet
  facet normal 0 0 1
    outer loop
      vertex 39.8245787024498 0.9412754940986616 3.360000000000001
      vertex 38.91999999433756 3.465 3.360000000000001
      vertex 39.63776694983244 0.7322330492734892 3.360000000000001
    endloop
  endfacet
  facet normal 0 0 1
    outer loop
      vertex 40.22970832884312 1.6743023487925512 3.360000000000001
      vertex 40.36999999731779 3.465 3.360000000000001
      vertex 40.12242216616869 1.4152906554937346 3.360000000000001
    endloop
  endfacet
  facet normal 0 0 1
    outer loop
      vertex 39.98681049793959 1.1699198055267317 3.360000000000001
      vertex 40.12242216616869 1.4152906554937346 3.360000000000001
      vertex 40.36999999731779 3.465 3.360000000000001
    endloop
  endfacet
  facet normal 0 0 1
    outer loop
      vertex 39.98681049793959 1.1699198055267317 3.360000000000001
      vertex 40.36999999731779 3.465 3.360000000000001
      vertex 39.8245787024498 0.9412754940986616 3.360000000000001
    endloop
  endfacet
  facet normal 0 0 1
    outer loop
      vertex 38.14991118758917 0.015719475150106632 3.360000000000001
      vertex 37.9873069152236 1.4588725286722166 3.360000000000001
      vertex 37.82931700348854 1.4500000047683699 3.360000000000001
    endloop
  endfacet
  facet normal 0 0 1
    outer loop
      vertex 38.14991118758917 0.015719475150106632 3.360000000000001
      vertex 38.10313852876425 1.4785531106591208 3.360000000000001
      vertex 37.9873069152236 1.4588725286722166 3.360000000000001
    endloop
  endfacet
  facet normal 0 0 1
    outer loop
      vertex 38.42630233615637 0.06268021643161603 3.360000000000001
      vertex 38.216038443148136 1.511079022586344 3.360000000000001
      vertex 38.10313852876425 1.4785531106591208 3.360000000000001
    endloop
  endfacet
  facet normal 0 0 1
    outer loop
      vertex 38.42630233615637 0.06268021643161603 3.360000000000001
      vertex 38.40412418068348 1.5999999999999979 3.360000000000001
      vertex 38.32458660751581 1.556041138172148 3.360000000000001
    endloop
  endfacet
  facet normal 0 0 1
    outer loop
      vertex 38.42630233615637 0.06268021643161603 3.360000000000001
      vertex 38.32458660751581 1.556041138172148 3.360000000000001
      vertex 38.216038443148136 1.511079022586344 3.360000000000001
    endloop
  endfacet
  facet normal 0 0 1
    outer loop
      vertex 38.954709351062775 0.2475778329372389 3.360000000000001
      vertex 38.769999999999996 1.5999999999999979 3.360000000000001
      vertex 38.40412418068348 1.5999999999999979 3.360000000000001
    endloop
  endfacet
  facet normal 0 0 1
    outer loop
      vertex 38.954709351062775 0.2475778329372389 3.360000000000001
      vertex 38.85892102122307 2.1539616528153402 3.360000000000001
      vertex 38.769999999999996 1.5999999999999979 3.360000000000001
    endloop
  endfacet
  facet normal 0 0 1
    outer loop
      vertex 38.954709351062775 0.2475778329372389 3.360000000000001
      vertex 39.2000801935792 0.383189501166342 3.360000000000001
      vertex 38.91999999433756 3.465 3.360000000000001
    endloop
  endfacet
  facet normal 0 0 1
    outer loop
      vertex 37.86999999731779 1.788137637959153e-9 3.360000000000001
      vertex 38.14991118758917 0.015719475150106632 3.360000000000001
      vertex 37.82931700348854 1.4500000047683699 3.360000000000001
    endloop
  endfacet
  facet normal 0 0 1
    outer loop
      vertex 38.14991118758917 0.015719475150106632 3.360000000000001
      vertex 38.42630233615637 0.06268021643161603 3.360000000000001
      vertex 38.10313852876425 1.4785531106591208 3.360000000000001
    endloop
  endfacet
  facet normal 0 0 1
    outer loop
      vertex 38.42630233615637 0.06268021643161603 3.360000000000001
      vertex 38.69569765776396 0.14029167771339246 3.360000000000001
      vertex 38.40412418068348 1.5999999999999979 3.360000000000001
    endloop
  endfacet
  facet normal 0 0 1
    outer loop
      vertex 38.69569765776396 0.14029167771339246 3.360000000000001
      vertex 38.954709351062775 0.2475778329372389 3.360000000000001
      vertex 38.40412418068348 1.5999999999999979 3.360000000000001
    endloop
  endfacet
  facet normal 0 0 1
    outer loop
      vertex 39.2000801935792 0.383189501166342 3.360000000000001
      vertex 39.42872450500727 0.54542129665613 3.360000000000001
      vertex 38.91999999433756 3.465 3.360000000000001
    endloop
  endfacet
  facet normal 1 0 0
    outer loop
      vertex 40.36999999731779 2.5000000017881376 3.360000000000001
      vertex 40.36999999731779 2.5000000017881376 0
      vertex 40.36999999731779 3.465 3.360000000000001
    endloop
  endfacet
  facet normal 0.9984268153983491 -0.05607044046118207 0
    outer loop
      vertex 40.36999999731779 2.5000000017881376 3.360000000000001
      vertex 40.35428052395582 2.22008881151676 3.360000000000001
      vertex 40.36999999731779 2.5000000017881376 0
    endloop
  endfacet
  facet normal 0.9858710206774128 -0.1675062105967305 0
    outer loop
      vertex 40.35428052395582 2.22008881151676 3.360000000000001
      vertex 40.30731978267431 1.9436976629495604 3.360000000000001
      vertex 40.35428052395582 2.22008881151676 0
    endloop
  endfacet
  facet normal 0.9609173211574801 -0.27683551415873714 0
    outer loop
      vertex 40.30731978267431 1.9436976629495604 3.360000000000001
      vertex 40.22970832884312 1.6743023487925512 3.360000000000001
      vertex 40.30731978267431 1.9436976629495604 0
    endloop
  endfacet
  facet normal 0.9238795243180984 -0.38268345214519556 0
    outer loop
      vertex 40.22970832884312 1.6743023487925512 3.360000000000001
      vertex 40.12242216616869 1.4152906554937346 3.360000000000001
      vertex 40.22970832884312 1.6743023487925512 0
    endloop
  endfacet
  facet normal 0.05607044046118207 -0.9984268153983491 0
    outer loop
      vertex 37.86999999731779 1.788137637959153e-9 3.360000000000001
      vertex 38.14991118758917 0.015719475150106632 0
      vertex 38.14991118758917 0.015719475150106632 3.360000000000001
    endloop
  endfacet
  facet normal 0.1675062105967305 -0.9858710206774128 0
    outer loop
      vertex 38.14991118758917 0.015719475150106632 3.360000000000001
      vertex 38.42630233615637 0.06268021643161603 0
      vertex 38.42630233615637 0.06268021643161603 3.360000000000001
    endloop
  endfacet
  facet normal 0.276835531628224 -0.9609173161246073 0
    outer loop
      vertex 38.42630233615637 0.06268021643161603 3.360000000000001
      vertex 38.69569765776396 0.14029167771339246 0
      vertex 38.69569765776396 0.14029167771339246 3.360000000000001
    endloop
  endfacet
  facet normal 0.3826834294613449 -0.9238795337140572 0
    outer loop
      vertex 38.69569765776396 0.14029167771339246 3.360000000000001
      vertex 38.954709351062775 0.2475778329372389 0
      vertex 38.954709351062775 0.2475778329372389 3.360000000000001
    endloop
  endfacet
  facet normal 0.8752234325300814 -0.4837188678873938 0
    outer loop
      vertex 39.98681049793959 1.1699198055267317 3.360000000000001
      vertex 40.12242216616869 1.4152906554937346 0
      vertex 40.12242216616869 1.4152906554937346 3.360000000000001
    endloop
  endfacet
  facet normal 0.8155608606115735 -0.5786713079447687 0
    outer loop
      vertex 39.98681049793959 1.1699198055267317 3.360000000000001
      vertex 39.8245787024498 0.9412754940986616 3.360000000000001
      vertex 39.98681049793959 1.1699198055267317 0
    endloop
  endfacet
  facet normal 0.7456421603880019 -0.6663465829820945 0
    outer loop
      vertex 39.8245787024498 0.9412754940986616 3.360000000000001
      vertex 39.63776694983244 0.7322330492734892 3.360000000000001
      vertex 39.8245787024498 0.9412754940986616 0
    endloop
  endfacet
  facet normal 0.5786713079447687 -0.8155608606115735 0
    outer loop
      vertex 39.2000801935792 0.383189501166342 3.360000000000001
      vertex 39.42872450500727 0.54542129665613 0
      vertex 39.42872450500727 0.54542129665613 3.360000000000001
    endloop
  endfacet
  facet normal 0.6663465829820945 -0.7456421603880019 0
    outer loop
      vertex 39.63776694983244 0.7322330492734892 3.360000000000001
      vertex 39.42872450500727 0.54542129665613 3.360000000000001
      vertex 39.63776694983244 0.7322330492734892 0
    endloop
  endfacet
  facet normal 0.48371887913857353 -0.8752234263117745 0
    outer loop
      vertex 38.954709351062775 0.2475778329372389 3.360000000000001
      vertex 39.2000801935792 0.383189501166342 0
      vertex 39.2000801935792 0.383189501166342 3.360000000000001
    endloop
  endfacet
  facet normal 0 0 -1
    outer loop
      vertex 2.5 1.788137637959153e-9 0
      vertex 36.76 3.0699999999999967 0
      vertex 37.86999999731779 1.788137637959153e-9 0
    endloop
  endfacet
  facet normal 0 0 -1
    outer loop
      vertex 37.86999999731779 24.33 0
      vertex 37.86999999731779 1.788137637959153e-9 0
      vertex 36.76 3.0699999999999967 0
    endloop
  endfacet
  facet normal 0 0 -1
    outer loop
      vertex 38.14991118758917 24.31428052663803 0
      vertex 38.14991118758917 0.015719475150106632 0
      vertex 37.86999999731779 1.788137637959153e-9 0
    endloop
  endfacet
  facet normal 0 0 -1
    outer loop
      vertex 38.42630233615637 24.26731977790594 0
      vertex 38.42630233615637 0.06268021643161603 0
      vertex 38.14991118758917 0.015719475150106632 0
    endloop
  endfacet
  facet normal 0 0 -1
    outer loop
      vertex 38.42630233615637 0.06268021643161603 0
      vertex 38.669999999999995 20.865 0
      vertex 38.669999999999995 3.465 0
    endloop
  endfacet
  facet normal 1 0 0
    outer loop
      vertex 40.36999999731779 2.5000000017881376 0
      vertex 40.36999999731779 3.465 0
      vertex 40.36999999731779 3.465 3.360000000000001
    endloop
  endfacet
  facet normal 0.9984268153983491 -0.05607044046118207 0
    outer loop
      vertex 40.35428052395582 2.22008881151676 3.360000000000001
      vertex 40.35428052395582 2.22008881151676 0
      vertex 40.36999999731779 2.5000000017881376 0
    endloop
  endfacet
  facet normal 0.9858710206774128 -0.1675062105967305 0
    outer loop
      vertex 40.30731978267431 1.9436976629495604 3.360000000000001
      vertex 40.30731978267431 1.9436976629495604 0
      vertex 40.35428052395582 2.22008881151676 0
    endloop
  endfacet
  facet normal 0.9609173211574801 -0.27683551415873714 0
    outer loop
      vertex 40.22970832884312 1.6743023487925512 3.360000000000001
      vertex 40.22970832884312 1.6743023487925512 0
      vertex 40.30731978267431 1.9436976629495604 0
    endloop
  endfacet
  facet normal 0.05607044046118207 -0.9984268153983491 0
    outer loop
      vertex 37.86999999731779 1.788137637959153e-9 3.360000000000001
      vertex 37.86999999731779 1.788137637959153e-9 0
      vertex 38.14991118758917 0.015719475150106632 0
    endloop
  endfacet
  facet normal 0.1675062105967305 -0.9858710206774128 0
    outer loop
      vertex 38.14991118758917 0.015719475150106632 3.360000000000001
      vertex 38.14991118758917 0.015719475150106632 0
      vertex 38.42630233615637 0.06268021643161603 0
    endloop
  endfacet
  facet normal 0.276835531628224 -0.9609173161246073 0
    outer loop
      vertex 38.42630233615637 0.06268021643161603 3.360000000000001
      vertex 38.42630233615637 0.06268021643161603 0
      vertex 38.69569765776396 0.14029167771339246 0
    endloop
  endfacet
  facet normal 0.3826834294613449 -0.9238795337140572 0
    outer loop
      vertex 38.69569765776396 0.14029167771339246 3.360000000000001
      vertex 38.69569765776396 0.14029167771339246 0
      vertex 38.954709351062775 0.2475778329372389 0
    endloop
  endfacet
  facet normal 0.48371887913857353 -0.8752234263117745 0
    outer loop
      vertex 38.954709351062775 0.2475778329372389 3.360000000000001
      vertex 38.954709351062775 0.2475778329372389 0
      vertex 39.2000801935792 0.383189501166342 0
    endloop
  endfacet
  facet normal 0.7456421603880019 -0.6663465829820945 0
    outer loop
      vertex 39.63776694983244 0.7322330492734892 3.360000000000001
      vertex 39.63776694983244 0.7322330492734892 0
      vertex 39.8245787024498 0.9412754940986616 0
    endloop
  endfacet
  facet normal 0.8752234325300814 -0.4837188678873938 0
    outer loop
      vertex 39.98681049793959 1.1699198055267317 3.360000000000001
      vertex 39.98681049793959 1.1699198055267317 0
      vertex 40.12242216616869 1.4152906554937346 0
    endloop
  endfacet
  facet normal 0.9238795243180984 -0.38268345214519556 0
    outer loop
      vertex 40.12242216616869 1.4152906554937346 3.360000000000001
      vertex 40.12242216616869 1.4152906554937346 0
      vertex 40.22970832884312 1.6743023487925512 0
    endloop
  endfacet
  facet normal 0.8155608606115735 -0.5786713079447687 0
    outer loop
      vertex 39.8245787024498 0.9412754940986616 3.360000000000001
      vertex 39.8245787024498 0.9412754940986616 0
      vertex 39.98681049793959 1.1699198055267317 0
    endloop
  endfacet
  facet normal 0.5786713079447687 -0.8155608606115735 0
    outer loop
      vertex 39.2000801935792 0.383189501166342 3.360000000000001
      vertex 39.2000801935792 0.383189501166342 0
      vertex 39.42872450500727 0.54542129665613 0
    endloop
  endfacet
  facet normal 0.6663465829820945 -0.7456421603880019 0
    outer loop
      vertex 39.42872450500727 0.54542129665613 3.360000000000001
      vertex 39.42872450500727 0.54542129665613 0
      vertex 39.63776694983244 0.7322330492734892 0
    endloop
  endfacet
  facet normal 0 0 -1
    outer loop
      vertex 38.69569765776396 0.14029167771339246 0
      vertex 38.669999999999995 3.465 0
      vertex 40.36999999731779 3.465 0
    endloop
  endfacet
  facet normal 0 0 -1
    outer loop
      vertex 40.36999999731779 2.5000000017881376 0
      vertex 40.35428052395582 2.22008881151676 0
      vertex 40.36999999731779 3.465 0
    endloop
  endfacet
  facet normal 0 0 -1
    outer loop
      vertex 40.35428052395582 2.22008881151676 0
      vertex 40.30731978267431 1.9436976629495604 0
      vertex 40.36999999731779 3.465 0
    endloop
  endfacet
  facet normal 0 0 -1
    outer loop
      vertex 40.30731978267431 1.9436976629495604 0
      vertex 40.22970832884312 1.6743023487925512 0
      vertex 40.36999999731779 3.465 0
    endloop
  endfacet
  facet normal 0 0 -1
    outer loop
      vertex 40.22970832884312 1.6743023487925512 0
      vertex 40.12242216616869 1.4152906554937346 0
      vertex 40.36999999731779 3.465 0
    endloop
  endfacet
  facet normal 0 0 -1
    outer loop
      vertex 39.98681049793959 1.1699198055267317 0
      vertex 40.36999999731779 3.465 0
      vertex 40.12242216616869 1.4152906554937346 0
    endloop
  endfacet
  facet normal 0 0 -1
    outer loop
      vertex 39.8245787024498 0.9412754940986616 0
      vertex 39.63776694983244 0.7322330492734892 0
      vertex 40.36999999731779 3.465 0
    endloop
  endfacet
  facet normal 0 0 -1
    outer loop
      vertex 39.63776694983244 0.7322330492734892 0
      vertex 39.42872450500727 0.54542129665613 0
      vertex 40.36999999731779 3.465 0
    endloop
  endfacet
  facet normal 0 0 -1
    outer loop
      vertex 39.98681049793959 1.1699198055267317 0
      vertex 39.8245787024498 0.9412754940986616 0
      vertex 40.36999999731779 3.465 0
    endloop
  endfacet
  facet normal 0 0 -1
    outer loop
      vertex 38.42630233615637 0.06268021643161603 0
      vertex 38.669999999999995 3.465 0
      vertex 38.69569765776396 0.14029167771339246 0
    endloop
  endfacet
  facet normal 0 0 -1
    outer loop
      vertex 38.69569765776396 0.14029167771339246 0
      vertex 40.36999999731779 3.465 0
      vertex 38.954709351062775 0.2475778329372389 0
    endloop
  endfacet
  facet normal 0 0 -1
    outer loop
      vertex 38.954709351062775 0.2475778329372389 0
      vertex 40.36999999731779 3.465 0
      vertex 39.2000801935792 0.383189501166342 0
    endloop
  endfacet
  facet normal 0 0 -1
    outer loop
      vertex 39.2000801935792 0.383189501166342 0
      vertex 40.36999999731779 3.465 0
      vertex 39.42872450500727 0.54542129665613 0
    endloop
  endfacet
  facet normal 0 -1 0
    outer loop
      vertex 1.6 22.729999999999997 1.5900000000000007
      vertex 1.9658758092465578 22.729999999999997 3.360000000000001
      vertex 1.6 22.729999999999997 3.360000000000001
    endloop
  endfacet
  facet normal 1 0 0
    outer loop
      vertex 1.6 22.36412419075344 1.5900000000000007
      vertex 1.6 22.729999999999997 3.360000000000001
      vertex 1.6 22.36412419075344 3.360000000000001
    endloop
  endfacet
  facet normal 0 -1 0
    outer loop
      vertex 1.6 22.729999999999997 1.5900000000000007
      vertex 1.9658758092465578 22.729999999999997 1.5900000000000007
      vertex 1.9658758092465578 22.729999999999997 3.360000000000001
    endloop
  endfacet
  facet normal 1 0 0
    outer loop
      vertex 1.6 22.729999999999997 1.5900000000000007
      vertex 1.6 22.729999999999997 3.360000000000001
      vertex 1.6 22.36412419075344 1.5900000000000007
    endloop
  endfacet
  facet normal 0 0 1
    outer loop
      vertex 1.6 22.729999999999997 1.5900000000000007
      vertex 1.9425818175077438 22.717125864624975 1.5900000000000007
      vertex 1.9658758092465578 22.729999999999997 1.5900000000000007
    endloop
  endfacet
  facet normal 0 0 1
    outer loop
      vertex 1.6 22.729999999999997 1.5900000000000007
      vertex 1.8467601910233498 22.649136798381804 1.5900000000000007
      vertex 1.9425818175077438 22.717125864624975 1.5900000000000007
    endloop
  endfacet
  facet normal 0 0 1
    outer loop
      vertex 1.6 22.729999999999997 1.5900000000000007
      vertex 1.7591534107923508 22.570846589207648 1.5900000000000007
      vertex 1.8467601910233498 22.649136798381804 1.5900000000000007
    endloop
  endfacet
  facet normal 0 0 1
    outer loop
      vertex 1.6 22.729999999999997 1.5900000000000007
      vertex 1.6128741353750229 22.387418182492254 1.5900000000000007
      vertex 1.6808632016181946 22.48323980897665 1.5900000000000007
    endloop
  endfacet
  facet normal 0 0 1
    outer loop
      vertex 1.6 22.729999999999997 1.5900000000000007
      vertex 1.6808632016181946 22.48323980897665 1.5900000000000007
      vertex 1.7591534107923508 22.570846589207648 1.5900000000000007
    endloop
  endfacet
  facet normal 0 0 1
    outer loop
      vertex 1.6 22.729999999999997 1.5900000000000007
      vertex 1.6 22.36412419075344 1.5900000000000007
      vertex 1.6128741353750229 22.387418182492254 1.5900000000000007
    endloop
  endfacet
  facet normal 0 0 1
    outer loop
      vertex 2.649999998509884 21.680000001490114 1.5900000000000007
      vertex 2.649999998509884 2.6500000002980215 1.5900000000000007
      vertex 3.609999999999998 21.259999999999998 1.5900000000000007
    endloop
  endfacet
  facet normal 0 0 1
    outer loop
      vertex 2.649999998509884 21.680000001490114 1.5900000000000007
      vertex 3.609999999999998 21.259999999999998 1.5900000000000007
      vertex 36.76 21.259999999999998 1.5900000000000007
    endloop
  endfacet
  facet normal 1 0 0
    outer loop
      vertex 1.6 1.5999999999999979 1.5900000000000007
      vertex 1.6 1.9658758134993022 3.360000000000001
      vertex 1.6 1.5999999999999979 3.360000000000001
    endloop
  endfacet
  facet normal 0 1 0
    outer loop
      vertex 1.965875825962762 1.5999999999999979 1.5900000000000007
      vertex 1.6 1.5999999999999979 3.360000000000001
      vertex 1.965875825962762 1.5999999999999979 3.360000000000001
    endloop
  endfacet
  facet normal 1 0 0
    outer loop
      vertex 1.6 1.9658758134993022 1.5900000000000007
      vertex 1.6 1.9658758134993022 3.360000000000001
      vertex 1.6 1.5999999999999979 1.5900000000000007
    endloop
  endfacet
  facet normal 0 1 0
    outer loop
      vertex 1.6 1.5999999999999979 1.5900000000000007
      vertex 1.6 1.5999999999999979 3.360000000000001
      vertex 1.965875825962762 1.5999999999999979 1.5900000000000007
    endloop
  endfacet
  facet normal 0 0 1
    outer loop
      vertex 3.609999999999998 21.259999999999998 1.5900000000000007
      vertex 2.649999998509884 2.6500000002980215 1.5900000000000007
      vertex 3.609999999999998 3.0699999999999967 1.5900000000000007
    endloop
  endfacet
  facet normal 0 0 1
    outer loop
      vertex 1.6 1.9658758134993022 1.5900000000000007
      vertex 1.6 1.5999999999999979 1.5900000000000007
      vertex 1.6128741279244423 1.9425818341970427 1.5900000000000007
    endloop
  endfacet
  facet normal 0 0 1
    outer loop
      vertex 1.6128741279244423 1.9425818341970427 1.5900000000000007
      vertex 1.6 1.5999999999999979 1.5900000000000007
      vertex 1.680863194167614 1.8467602077126486 1.5900000000000007
    endloop
  endfacet
  facet normal 0 0 1
    outer loop
      vertex 1.680863194167614 1.8467602077126486 1.5900000000000007
      vertex 1.6 1.5999999999999979 1.5900000000000007
      vertex 1.7591534107923508 1.759153420031069 1.5900000000000007
    endloop
  endfacet
  facet normal 0 0 1
    outer loop
      vertex 1.7591534107923508 1.759153420031069 1.5900000000000007
      vertex 1.6 1.5999999999999979 1.5900000000000007
      vertex 1.8467601910233498 1.6808632108569128 1.5900000000000007
    endloop
  endfacet
  facet normal 0 0 1
    outer loop
      vertex 1.8467601910233498 1.6808632108569128 1.5900000000000007
      vertex 1.6 1.5999999999999979 1.5900000000000007
      vertex 1.9425818175077438 1.6128741446137411 1.5900000000000007
    endloop
  endfacet
  facet normal 0 0 1
    outer loop
      vertex 1.6 1.5999999999999979 1.5900000000000007
      vertex 1.965875825962762 1.5999999999999979 1.5900000000000007
      vertex 1.9425818175077438 1.6128741446137411 1.5900000000000007
    endloop
  endfacet
  facet normal 0 0 1
    outer loop
      vertex 2.649999998509884 2.6500000002980215 1.5900000000000007
      vertex 37.71999999880791 2.6500000002980215 1.5900000000000007
      vertex 3.609999999999998 3.0699999999999967 1.5900000000000007
    endloop
  endfacet
  facet normal 0 -1 0
    outer loop
      vertex 38.40412419739969 22.729999999999997 1.5900000000000007
      vertex 38.769999999999996 22.729999999999997 3.360000000000001
      vertex 38.40412419739969 22.729999999999997 3.360000000000001
    endloop
  endfacet
  facet normal -1 0 0
    outer loop
      vertex 38.769999999999996 22.729999999999997 1.5900000000000007
      vertex 38.769999999999996 22.364124169687543 3.360000000000001
      vertex 38.769999999999996 22.729999999999997 3.360000000000001
    endloop
  endfacet
  facet normal 0 -1 0
    outer loop
      vertex 38.40412419739969 22.729999999999997 1.5900000000000007
      vertex 38.769999999999996 22.729999999999997 1.5900000000000007
      vertex 38.769999999999996 22.729999999999997 3.360000000000001
    endloop
  endfacet
  facet normal -1 0 0
    outer loop
      vertex 38.769999999999996 22.729999999999997 1.5900000000000007
      vertex 38.769999999999996 22.364124169687543 1.5900000000000007
      vertex 38.769999999999996 22.364124169687543 3.360000000000001
    endloop
  endfacet
  facet normal 0 0 1
    outer loop
      vertex 2.649999998509884 21.680000001490114 1.5900000000000007
      vertex 36.76 21.259999999999998 1.5900000000000007
      vertex 37.71999999880791 21.680000001490114 1.5900000000000007
    endloop
  endfacet
  facet normal 0 0 1
    outer loop
      vertex 38.40412419739969 22.729999999999997 1.5900000000000007
      vertex 38.427418164908886 22.717125879526137 1.5900000000000007
      vertex 38.769999999999996 22.729999999999997 1.5900000000000007
    endloop
  endfacet
  facet normal 0 0 1
    outer loop
      vertex 38.427418164908886 22.717125879526137 1.5900000000000007
      vertex 38.52323979139328 22.649136805832384 1.5900000000000007
      vertex 38.769999999999996 22.729999999999997 1.5900000000000007
    endloop
  endfacet
  facet normal 0 0 1
    outer loop
      vertex 38.769999999999996 22.729999999999997 1.5900000000000007
      vertex 38.52323979139328 22.649136805832384 1.5900000000000007
      vertex 38.61084657907486 22.570846589207648 1.5900000000000007
    endloop
  endfacet
  facet normal 0 0 1
    outer loop
      vertex 38.769999999999996 22.729999999999997 1.5900000000000007
      vertex 38.61084657907486 22.570846589207648 1.5900000000000007
      vertex 38.689136788249016 22.48323980897665 1.5900000000000007
    endloop
  endfacet
  facet normal 0 0 1
    outer loop
      vertex 38.769999999999996 22.729999999999997 1.5900000000000007
      vertex 38.689136788249016 22.48323980897665 1.5900000000000007
      vertex 38.75712585449219 22.387418182492254 1.5900000000000007
    endloop
  endfacet
  facet normal 0 0 1
    outer loop
      vertex 38.769999999999996 22.729999999999997 1.5900000000000007
      vertex 38.75712585449219 22.387418182492254 1.5900000000000007
      vertex 38.769999999999996 22.364124169687543 1.5900000000000007
    endloop
  endfacet
  facet normal 0 0 1
    outer loop
      vertex 36.76 21.259999999999998 1.5900000000000007
      vertex 36.76 3.0699999999999967 1.5900000000000007
      vertex 37.71999999880791 21.680000001490114 1.5900000000000007
    endloop
  endfacet
  facet normal -1 0 0
    outer loop
      vertex 38.769999999999996 1.9658758345652032 1.5900000000000007
      vertex 38.769999999999996 1.5999999999999979 3.360000000000001
      vertex 38.769999999999996 1.9658758345652032 3.360000000000001
    endloop
  endfacet
  facet normal 0 1 0
    outer loop
      vertex 38.769999999999996 1.5999999999999979 1.5900000000000007
      vertex 38.40412418068348 1.5999999999999979 3.360000000000001
      vertex 38.769999999999996 1.5999999999999979 3.360000000000001
    endloop
  endfacet
  facet normal -1 0 0
    outer loop
      vertex 38.769999999999996 1.9658758345652032 1.5900000000000007
      vertex 38.769999999999996 1.5999999999999979 1.5900000000000007
      vertex 38.769999999999996 1.5999999999999979 3.360000000000001
    endloop
  endfacet
  facet normal 0 1 0
    outer loop
      vertex 38.40412418068348 1.5999999999999979 1.5900000000000007
      vertex 38.40412418068348 1.5999999999999979 3.360000000000001
      vertex 38.769999999999996 1.5999999999999979 1.5900000000000007
    endloop
  endfacet
  facet normal 0 0 1
    outer loop
      vertex 3.609999999999998 3.0699999999999967 1.5900000000000007
      vertex 37.71999999880791 2.6500000002980215 1.5900000000000007
      vertex 36.76 3.0699999999999967 1.5900000000000007
    endloop
  endfacet
  facet normal 0 0 1
    outer loop
      vertex 37.71999999880791 21.680000001490114 1.5900000000000007
      vertex 36.76 3.0699999999999967 1.5900000000000007
      vertex 37.71999999880791 2.6500000002980215 1.5900000000000007
    endloop
  endfacet
  facet normal 0 0 1
    outer loop
      vertex 38.769999999999996 1.9658758345652032 1.5900000000000007
      vertex 38.75712586194277 1.9425818341970427 1.5900000000000007
      vertex 38.769999999999996 1.5999999999999979 1.5900000000000007
    endloop
  endfacet
  facet normal 0 0 1
    outer loop
      vertex 38.689136795699596 1.8467602077126486 1.5900000000000007
      vertex 38.61084657907486 1.759153420031069 1.5900000000000007
      vertex 38.769999999999996 1.5999999999999979 1.5900000000000007
    endloop
  endfacet
  facet normal 0 0 1
    outer loop
      vertex 38.689136795699596 1.8467602077126486 1.5900000000000007
      vertex 38.769999999999996 1.5999999999999979 1.5900000000000007
      vertex 38.75712586194277 1.9425818341970427 1.5900000000000007
    endloop
  endfacet
  facet normal 0 0 1
    outer loop
      vertex 38.52323979139328 1.6808632034063322 1.5900000000000007
      vertex 38.769999999999996 1.5999999999999979 1.5900000000000007
      vertex 38.61084657907486 1.759153420031069 1.5900000000000007
    endloop
  endfacet
  facet normal 0 0 1
    outer loop
      vertex 38.52323979139328 1.6808632034063322 1.5900000000000007
      vertex 38.427418164908886 1.61287412971258 1.5900000000000007
      vertex 38.769999999999996 1.5999999999999979 1.5900000000000007
    endloop
  endfacet
  facet normal 0 0 1
    outer loop
      vertex 38.40412418068348 1.5999999999999979 1.5900000000000007
      vertex 38.769999999999996 1.5999999999999979 1.5900000000000007
      vertex 38.427418164908886 1.61287412971258 1.5900000000000007
    endloop
  endfacet
  facet normal 0.8752234026997616 -0.483718921861292 0
    outer loop
      vertex 1.6 22.36412419075344 1.5900000000000007
      vertex 1.6 22.36412419075344 3.360000000000001
      vertex 1.5560411289334297 22.28458661019802 3.360000000000001
    endloop
  endfacet
  facet normal 0.48371892186130117 -0.8752234026997567 0
    outer loop
      vertex 1.9658758092465578 22.729999999999997 1.5900000000000007
      vertex 2.045413389801979 22.77395887106657 3.360000000000001
      vertex 1.9658758092465578 22.729999999999997 3.360000000000001
    endloop
  endfacet
  facet normal 0.27683550721493766 -0.9609173231579543 0
    outer loop
      vertex 2.1539615467190742 22.818920986652373 0.15000000000000036
      vertex 2.2668614611029625 22.851446891129015 3.360000000000001
      vertex 2.1539615467190742 22.818920986652373 3.360000000000001
    endloop
  endfacet
  facet normal 0.16750624752304005 -0.9858710144033803 0
    outer loop
      vertex 2.2668614611029625 22.851446891129015 0.15000000000000036
      vertex 2.3826930969953537 22.8711274805665 3.360000000000001
      vertex 2.2668614611029625 22.851446891129015 3.360000000000001
    endloop
  endfacet
  facet normal 0.05607041044702118 -0.9984268170839076 0
    outer loop
      vertex 2.3826930969953537 22.8711274805665 0.15000000000000036
      vertex 2.5406829938292503 22.879999997019766 3.360000000000001
      vertex 2.3826930969953537 22.8711274805665 3.360000000000001
    endloop
  endfacet
  facet normal 0.9238795420800509 -0.3826834092640486 0
    outer loop
      vertex 1.5110790133476257 22.176038453280924 0.15000000000000036
      vertex 1.5560411289334297 22.28458661019802 3.360000000000001
      vertex 1.5110790133476257 22.176038453280924 3.360000000000001
    endloop
  endfacet
  facet normal 0.9609173231579543 -0.27683550721493766 0
    outer loop
      vertex 1.4785531088709831 22.063138538897036 0.15000000000000036
      vertex 1.5110790133476257 22.176038453280924 3.360000000000001
      vertex 1.4785531088709831 22.063138538897036 3.360000000000001
    endloop
  endfacet
  facet normal 0.3826834092640486 -0.9238795420800509 0
    outer loop
      vertex 2.045413389801979 22.77395887106657 0.15000000000000036
      vertex 2.1539615467190742 22.818920986652373 3.360000000000001
      vertex 2.045413389801979 22.77395887106657 3.360000000000001
    endloop
  endfacet
  facet normal 0.9858710144033803 -0.16750624752304005 0
    outer loop
      vertex 1.4588725194334984 21.947306903004645 0.15000000000000036
      vertex 1.4785531088709831 22.063138538897036 3.360000000000001
      vertex 1.4588725194334984 21.947306903004645 3.360000000000001
    endloop
  endfacet
  facet normal 0.9984268169358794 -0.05607041308290966 0
    outer loop
      vertex 1.4500000029802322 21.78931701362133 0.15000000000000036
      vertex 1.4588725194334984 21.947306903004645 3.360000000000001
      vertex 1.4500000029802322 21.78931701362133 3.360000000000001
    endloop
  endfacet
  facet normal 0.8752234026997617 -0.4837189218612921 -4.1122404323862265e-19
    outer loop
      vertex 1.6 22.36412419075344 1.5900000000000007
      vertex 1.5560411289334297 22.28458661019802 3.360000000000001
      vertex 1.5560411289334297 22.28458661019802 0.15000000000000036
    endloop
  endfacet
  facet normal 0.4837189218613299 -0.8752234026997407 -1.6848304879339452e-15
    outer loop
      vertex 1.9658758092465578 22.729999999999997 1.5900000000000007
      vertex 1.9425818175077438 22.717125864624975 0.15000000000000036
      vertex 2.045413389801979 22.77395887106657 3.360000000000001
    endloop
  endfacet
  facet normal 0 -1 0
    outer loop
      vertex 9.061 22.879999997019766 2.635226289789953
      vertex 2.5406829938292503 22.879999997019766 3.360000000000001
      vertex 2.5406829938292503 22.879999997019766 0.15000000000000036
    endloop
  endfacet
  facet normal 0 -1 0
    outer loop
      vertex 9.061 22.879999997019766 2.635226289789953
      vertex 37.82931700348854 22.879999997019766 3.360000000000001
      vertex 2.5406829938292503 22.879999997019766 3.360000000000001
    endloop
  endfacet
  facet normal 0 -1 0
    outer loop
      vertex 16.761 22.879999997019766 2.635226289789953
      vertex 16.761 22.879999997019766 0.5647737102100496
      vertex 23.608999999999995 22.879999997019766 2.635226289789953
    endloop
  endfacet
  facet normal 0.27683550721493766 -0.9609173231579543 0
    outer loop
      vertex 2.1539615467190742 22.818920986652373 0.15000000000000036
      vertex 2.2668614611029625 22.851446891129015 0.15000000000000036
      vertex 2.2668614611029625 22.851446891129015 3.360000000000001
    endloop
  endfacet
  facet normal 0.16750624752304005 -0.9858710144033803 0
    outer loop
      vertex 2.2668614611029625 22.851446891129015 0.15000000000000036
      vertex 2.3826930969953537 22.8711274805665 0.15000000000000036
      vertex 2.3826930969953537 22.8711274805665 3.360000000000001
    endloop
  endfacet
  facet normal 0.05607041044702118 -0.9984268170839076 0
    outer loop
      vertex 2.3826930969953537 22.8711274805665 0.15000000000000036
      vertex 2.5406829938292503 22.879999997019766 0.15000000000000036
      vertex 2.5406829938292503 22.879999997019766 3.360000000000001
    endloop
  endfacet
  facet normal 0.9238795420800509 -0.3826834092640486 0
    outer loop
      vertex 1.5560411289334297 22.28458661019802 0.15000000000000036
      vertex 1.5560411289334297 22.28458661019802 3.360000000000001
      vertex 1.5110790133476257 22.176038453280924 0.15000000000000036
    endloop
  endfacet
  facet normal 0.9609173231579543 -0.27683550721493766 0
    outer loop
      vertex 1.5110790133476257 22.176038453280924 0.15000000000000036
      vertex 1.5110790133476257 22.176038453280924 3.360000000000001
      vertex 1.4785531088709831 22.063138538897036 0.15000000000000036
    endloop
  endfacet
  facet normal 0.4837189218612896 -0.8752234026997631 0
    outer loop
      vertex 1.9425818175077438 22.717125864624975 0.15000000000000036
      vertex 2.045413389801979 22.77395887106657 0.15000000000000036
      vertex 2.045413389801979 22.77395887106657 3.360000000000001
    endloop
  endfacet
  facet normal 0.3826834092640486 -0.9238795420800509 0
    outer loop
      vertex 2.045413389801979 22.77395887106657 0.15000000000000036
      vertex 2.1539615467190742 22.818920986652373 0.15000000000000036
      vertex 2.1539615467190742 22.818920986652373 3.360000000000001
    endloop
  endfacet
  facet normal 0.5786712763635948 -0.8155608830196113 0
    outer loop
      vertex 1.9425818175077438 22.717125864624975 1.5900000000000007
      vertex 1.8467601910233498 22.649136798381804 1.5900000000000007
      vertex 1.8467601910233498 22.649136798381804 0.15000000000000036
    endloop
  endfacet
  facet normal 0.7456421487453587 -0.6663465960102178 0
    outer loop
      vertex 1.7591534107923508 22.570846589207648 1.5900000000000007
      vertex 1.6808632016181946 22.48323980897665 1.5900000000000007
      vertex 1.6808632016181946 22.48323980897665 0.15000000000000036
    endloop
  endfacet
  facet normal 0.6663465960102178 -0.7456421487453587 0
    outer loop
      vertex 1.7591534107923508 22.570846589207648 1.5900000000000007
      vertex 1.7591534107923508 22.570846589207648 0.15000000000000036
      vertex 1.8467601910233498 22.649136798381804 1.5900000000000007
    endloop
  endfacet
  facet normal 0.8155608830196113 -0.5786712763635948 0
    outer loop
      vertex 1.6808632016181946 22.48323980897665 1.5900000000000007
      vertex 1.6128741353750229 22.387418182492254 1.5900000000000007
      vertex 1.6128741353750229 22.387418182492254 0.15000000000000036
    endloop
  endfacet
  facet normal 0.8752234026997675 -0.4837189218612814 -6.357270257642022e-19
    outer loop
      vertex 1.6 22.36412419075344 1.5900000000000007
      vertex 1.6128741353750229 22.387418182492254 0.15000000000000036
      vertex 1.6128741353750229 22.387418182492254 1.5900000000000007
    endloop
  endfacet
  facet normal 0.48371892186125015 -0.8752234026997849 0
    outer loop
      vertex 1.9425818175077438 22.717125864624975 1.5900000000000007
      vertex 1.9425818175077438 22.717125864624975 0.15000000000000036
      vertex 1.9658758092465578 22.729999999999997 1.5900000000000007
    endloop
  endfacet
  facet normal 0.9858710144033803 -0.16750624752304005 0
    outer loop
      vertex 1.4785531088709831 22.063138538897036 0.15000000000000036
      vertex 1.4785531088709831 22.063138538897036 3.360000000000001
      vertex 1.4588725194334984 21.947306903004645 0.15000000000000036
    endloop
  endfacet
  facet normal 0.9984268169358794 -0.05607041308290966 0
    outer loop
      vertex 1.4588725194334984 21.947306903004645 0.15000000000000036
      vertex 1.4588725194334984 21.947306903004645 3.360000000000001
      vertex 1.4500000029802322 21.78931701362133 0.15000000000000036
    endloop
  endfacet
  facet normal 0 -1 0
    outer loop
      vertex 9.061 22.879999997019766 2.635226289789953
      vertex 2.5406829938292503 22.879999997019766 0.15000000000000036
      vertex 9.061 22.879999997019766 0.5647737102100496
    endloop
  endfacet
  facet normal 0.6663465960102178 -0.7456421487453587 0
    outer loop
      vertex 1.8467601910233498 22.649136798381804 1.5900000000000007
      vertex 1.7591534107923508 22.570846589207648 0.15000000000000036
      vertex 1.8467601910233498 22.649136798381804 0.15000000000000036
    endloop
  endfacet
  facet normal 0.7456421487453587 -0.6663465960102178 0
    outer loop
      vertex 1.7591534107923508 22.570846589207648 1.5900000000000007
      vertex 1.6808632016181946 22.48323980897665 0.15000000000000036
      vertex 1.7591534107923508 22.570846589207648 0.15000000000000036
    endloop
  endfacet
  facet normal 0.8155608830196113 -0.5786712763635948 0
    outer loop
      vertex 1.6808632016181946 22.48323980897665 1.5900000000000007
      vertex 1.6128741353750229 22.387418182492254 0.15000000000000036
      vertex 1.6808632016181946 22.48323980897665 0.15000000000000036
    endloop
  endfacet
  facet normal 0.875223402699763 -0.4837189218612896 -1.7388565207595558e-16
    outer loop
      vertex 1.6 22.36412419075344 1.5900000000000007
      vertex 1.5560411289334297 22.28458661019802 0.15000000000000036
      vertex 1.6128741353750229 22.387418182492254 0.15000000000000036
    endloop
  endfacet
  facet normal 0.5786712763635948 -0.8155608830196113 0
    outer loop
      vertex 1.9425818175077438 22.717125864624975 1.5900000000000007
      vertex 1.8467601910233498 22.649136798381804 0.15000000000000036
      vertex 1.9425818175077438 22.717125864624975 0.15000000000000036
    endloop
  endfacet
  facet normal 0 0 1
    outer loop
      vertex 2.1539615467190742 22.818920986652373 0.15000000000000036
      vertex 2.649999998509884 21.680000001490114 0.15000000000000036
      vertex 2.2668614611029625 22.851446891129015 0.15000000000000036
    endloop
  endfacet
  facet normal 0 0 1
    outer loop
      vertex 2.2668614611029625 22.851446891129015 0.15000000000000036
      vertex 2.649999998509884 21.680000001490114 0.15000000000000036
      vertex 2.3826930969953537 22.8711274805665 0.15000000000000036
    endloop
  endfacet
  facet normal 0 0 1
    outer loop
      vertex 1.7591534107923508 22.570846589207648 0.15000000000000036
      vertex 1.6808632016181946 22.48323980897665 0.15000000000000036
      vertex 2.649999998509884 21.680000001490114 0.15000000000000036
    endloop
  endfacet
  facet normal 0 0 1
    outer loop
      vertex 1.9425818175077438 22.717125864624975 0.15000000000000036
      vertex 1.8467601910233498 22.649136798381804 0.15000000000000036
      vertex 2.649999998509884 21.680000001490114 0.15000000000000036
    endloop
  endfacet
  facet normal 0 0 1
    outer loop
      vertex 1.7591534107923508 22.570846589207648 0.15000000000000036
      vertex 2.649999998509884 21.680000001490114 0.15000000000000036
      vertex 1.8467601910233498 22.649136798381804 0.15000000000000036
    endloop
  endfacet
  facet normal 0 0 1
    outer loop
      vertex 1.6808632016181946 22.48323980897665 0.15000000000000036
      vertex 1.6128741353750229 22.387418182492254 0.15000000000000036
      vertex 2.649999998509884 21.680000001490114 0.15000000000000036
    endloop
  endfacet
  facet normal 0 0 1
    outer loop
      vertex 1.6128741353750229 22.387418182492254 0.15000000000000036
      vertex 1.5560411289334297 22.28458661019802 0.15000000000000036
      vertex 2.649999998509884 21.680000001490114 0.15000000000000036
    endloop
  endfacet
  facet normal 0 0 1
    outer loop
      vertex 1.9425818175077438 22.717125864624975 0.15000000000000036
      vertex 2.649999998509884 21.680000001490114 0.15000000000000036
      vertex 2.045413389801979 22.77395887106657 0.15000000000000036
    endloop
  endfacet
  facet normal 0 0 1
    outer loop
      vertex 2.045413389801979 22.77395887106657 0.15000000000000036
      vertex 2.649999998509884 21.680000001490114 0.15000000000000036
      vertex 2.1539615467190742 22.818920986652373 0.15000000000000036
    endloop
  endfacet
  facet normal 0 0 1
    outer loop
      vertex 1.5110790133476257 22.176038453280924 0.15000000000000036
      vertex 1.4785531088709831 22.063138538897036 0.15000000000000036
      vertex 2.649999998509884 21.680000001490114 0.15000000000000036
    endloop
  endfacet
  facet normal 0 0 1
    outer loop
      vertex 1.4785531088709831 22.063138538897036 0.15000000000000036
      vertex 1.4588725194334984 21.947306903004645 0.15000000000000036
      vertex 2.649999998509884 21.680000001490114 0.15000000000000036
    endloop
  endfacet
  facet normal 0 0 1
    outer loop
      vertex 1.4588725194334984 21.947306903004645 0.15000000000000036
      vertex 1.4500000029802322 21.78931701362133 0.15000000000000036
      vertex 2.649999998509884 21.680000001490114 0.15000000000000036
    endloop
  endfacet
  facet normal 0 0 1
    outer loop
      vertex 1.5560411289334297 22.28458661019802 0.15000000000000036
      vertex 1.5110790133476257 22.176038453280924 0.15000000000000036
      vertex 2.649999998509884 21.680000001490114 0.15000000000000036
    endloop
  endfacet
  facet normal 0 0 1
    outer loop
      vertex 2.3826930969953537 22.8711274805665 0.15000000000000036
      vertex 2.649999998509884 21.680000001490114 0.15000000000000036
      vertex 2.5406829938292503 22.879999997019766 0.15000000000000036
    endloop
  endfacet
  facet normal 0 -1 0
    outer loop
      vertex 2.5406829938292503 22.879999997019766 0.15000000000000036
      vertex 16.761 22.879999997019766 0.5647737102100496
      vertex 9.061 22.879999997019766 0.5647737102100496
    endloop
  endfacet
  facet normal 1 0 0
    outer loop
      vertex 1.4500000029802322 21.78931701362133 0.15000000000000036
      vertex 1.4500000029802322 21.78931701362133 3.360000000000001
      vertex 1.4500000029802322 2.540682995617388 0.15000000000000036
    endloop
  endfacet
  facet normal -1 0 0
    outer loop
      vertex 2.649999998509884 21.680000001490114 1.5900000000000007
      vertex 2.649999998509884 21.680000001490114 0.15000000000000036
      vertex 2.649999998509884 2.6500000002980215 1.5900000000000007
    endloop
  endfacet
  facet normal 0 0 1
    outer loop
      vertex 1.4500000029802322 21.78931701362133 0.15000000000000036
      vertex 1.4500000029802322 2.540682995617388 0.15000000000000036
      vertex 2.649999998509884 21.680000001490114 0.15000000000000036
    endloop
  endfacet
  facet normal 0 -1 0
    outer loop
      vertex 2.5406829938292503 22.879999997019766 0.15000000000000036
      vertex 23.608999999999995 22.879999997019766 0.5647737102100496
      vertex 16.761 22.879999997019766 0.5647737102100496
    endloop
  endfacet
  facet normal 0 1 0
    outer loop
      vertex 2.649999998509884 21.680000001490114 1.5900000000000007
      vertex 37.71999999880791 21.680000001490114 0.15000000000000036
      vertex 2.649999998509884 21.680000001490114 0.15000000000000036
    endloop
  endfacet
  facet normal 0 0 1
    outer loop
      vertex 2.5406829938292503 22.879999997019766 0.15000000000000036
      vertex 2.649999998509884 21.680000001490114 0.15000000000000036
      vertex 37.71999999880791 21.680000001490114 0.15000000000000036
    endloop
  endfacet
  facet normal 1 0 0
    outer loop
      vertex 1.4500000029802322 2.540682995617388 0.15000000000000036
      vertex 1.4500000029802322 21.78931701362133 3.360000000000001
      vertex 1.4500000029802322 2.540682995617388 3.360000000000001
    endloop
  endfacet
  facet normal 0.8752234118802988 0.48371890525036215 0
    outer loop
      vertex 1.6 1.9658758134993022 1.5900000000000007
      vertex 1.5560411363840103 2.045413384139536 3.360000000000001
      vertex 1.6 1.9658758134993022 3.360000000000001
    endloop
  endfacet
  facet normal 0.4837189218612892 0.8752234026997633 0
    outer loop
      vertex 1.965875825962762 1.5999999999999979 1.5900000000000007
      vertex 1.965875825962762 1.5999999999999979 3.360000000000001
      vertex 2.045413389801979 1.556041138172148 3.360000000000001
    endloop
  endfacet
  facet normal 0 1 0
    outer loop
      vertex 9.061 1.4500000047683699 2.6352262899660692
      vertex 2.5406829938292503 1.4500000047683699 3.360000000000001
      vertex 16.761 1.4500000047683699 2.6352262899660692
    endloop
  endfacet
  facet normal 0.9984268172319357 0.05607040781113295 0
    outer loop
      vertex 1.4588725194334984 2.3826930913329107 0.15000000000000036
      vertex 1.4500000029802322 2.540682995617388 3.360000000000001
      vertex 1.4588725194334984 2.3826930913329107 3.360000000000001
    endloop
  endfacet
  facet normal 0.9858710092691214 0.16750627774111543 0
    outer loop
      vertex 1.4785531163215637 2.2668614330887777 0.15000000000000036
      vertex 1.4588725194334984 2.3826930913329107 3.360000000000001
      vertex 1.4785531163215637 2.2668614330887777 3.360000000000001
    endloop
  endfacet
  facet normal 0.9609173203063193 0.27683551711318094 0
    outer loop
      vertex 1.5110789984464645 2.153961600661276 0.15000000000000036
      vertex 1.4785531163215637 2.2668614330887777 3.360000000000001
      vertex 1.5110789984464645 2.153961600661276 3.360000000000001
    endloop
  endfacet
  facet normal 0.923879549113425 0.38268339228398 0
    outer loop
      vertex 1.5560411363840103 2.045413384139536 0.15000000000000036
      vertex 1.5110789984464645 2.153961600661276 3.360000000000001
      vertex 1.5560411363840103 2.045413384139536 3.360000000000001
    endloop
  endfacet
  facet normal 0.3826833868439264 0.9238795513667686 0
    outer loop
      vertex 2.153961554169655 1.511079022586344 0.15000000000000036
      vertex 2.045413389801979 1.556041138172148 3.360000000000001
      vertex 2.153961554169655 1.511079022586344 3.360000000000001
    endloop
  endfacet
  facet normal 0.27683558263771 0.960917301429025 0
    outer loop
      vertex 2.2668614611029625 1.4785531106591208 0.15000000000000036
      vertex 2.153961554169655 1.511079022586344 3.360000000000001
      vertex 2.2668614611029625 1.4785531106591208 3.360000000000001
    endloop
  endfacet
  facet normal 0.1675061963607376 0.9858710230962049 0
    outer loop
      vertex 2.382693089544773 1.4588725286722166 0.15000000000000036
      vertex 2.2668614611029625 1.4785531106591208 3.360000000000001
      vertex 2.382693089544773 1.4588725286722166 3.360000000000001
    endloop
  endfacet
  facet normal 0.05607045474750219 0.9984268145960467 0
    outer loop
      vertex 2.5406829938292503 1.4500000047683699 0.15000000000000036
      vertex 2.382693089544773 1.4588725286722166 3.360000000000001
      vertex 2.5406829938292503 1.4500000047683699 3.360000000000001
    endloop
  endfacet
  facet normal 0.8752234118803005 0.48371890525035904 1.8145558717330664e-16
    outer loop
      vertex 1.6 1.9658758134993022 1.5900000000000007
      vertex 1.6128741279244423 1.9425818341970427 0.15000000000000036
      vertex 1.5560411363840103 2.045413384139536 3.360000000000001
    endloop
  endfacet
  facet normal 0.48371892186128923 0.8752234026997633 6.775297563501272e-19
    outer loop
      vertex 1.965875825962762 1.5999999999999979 1.5900000000000007
      vertex 2.045413389801979 1.556041138172148 3.360000000000001
      vertex 2.045413389801979 1.556041138172148 0.15000000000000036
    endloop
  endfacet
  facet normal 0 1 0
    outer loop
      vertex 9.061 1.4500000047683699 2.6352262899660692
      vertex 9.061 1.4500000047683699 0.5647737100339327
      vertex 2.5406829938292503 1.4500000047683699 3.360000000000001
    endloop
  endfacet
  facet normal 0 1 0
    outer loop
      vertex 16.761 1.4500000047683699 2.6352262899660692
      vertex 2.5406829938292503 1.4500000047683699 3.360000000000001
      vertex 23.608999999999995 1.4500000047683699 2.6352262899660692
    endloop
  endfacet
  facet normal 0 1 0
    outer loop
      vertex 23.608999999999995 1.4500000047683699 2.6352262899660692
      vertex 2.5406829938292503 1.4500000047683699 3.360000000000001
      vertex 31.308999999999997 1.4500000047683699 2.6352262899660692
    endloop
  endfacet
  facet normal -1 0 0
    outer loop
      vertex 2.649999998509884 21.680000001490114 0.15000000000000036
      vertex 2.649999998509884 2.6500000002980215 0.15000000000000036
      vertex 2.649999998509884 2.6500000002980215 1.5900000000000007
    endloop
  endfacet
  facet normal 0 0 1
    outer loop
      vertex 2.649999998509884 21.680000001490114 0.15000000000000036
      vertex 1.4500000029802322 2.540682995617388 0.15000000000000036
      vertex 2.649999998509884 2.6500000002980215 0.15000000000000036
    endloop
  endfacet
  facet normal 0 1 0
    outer loop
      vertex 2.5406829938292503 1.4500000047683699 0.15000000000000036
      vertex 2.5406829938292503 1.4500000047683699 3.360000000000001
      vertex 9.061 1.4500000047683699 0.5647737100339327
    endloop
  endfacet
  facet normal 0.9984268172319357 0.05607040781113295 0
    outer loop
      vertex 1.4500000029802322 2.540682995617388 0.15000000000000036
      vertex 1.4500000029802322 2.540682995617388 3.360000000000001
      vertex 1.4588725194334984 2.3826930913329107 0.15000000000000036
    endloop
  endfacet
  facet normal 0.9858710092691214 0.16750627774111543 0
    outer loop
      vertex 1.4588725194334984 2.3826930913329107 0.15000000000000036
      vertex 1.4588725194334984 2.3826930913329107 3.360000000000001
      vertex 1.4785531163215637 2.2668614330887777 0.15000000000000036
    endloop
  endfacet
  facet normal 0.9609173203063193 0.27683551711318094 0
    outer loop
      vertex 1.4785531163215637 2.2668614330887777 0.15000000000000036
      vertex 1.4785531163215637 2.2668614330887777 3.360000000000001
      vertex 1.5110789984464645 2.153961600661276 0.15000000000000036
    endloop
  endfacet
  facet normal 0.923879549113425 0.38268339228398 0
    outer loop
      vertex 1.5110789984464645 2.153961600661276 0.15000000000000036
      vertex 1.5110789984464645 2.153961600661276 3.360000000000001
      vertex 1.5560411363840103 2.045413384139536 0.15000000000000036
    endloop
  endfacet
  facet normal 0.8752234118802981 0.4837189052503633 0
    outer loop
      vertex 1.5560411363840103 2.045413384139536 0.15000000000000036
      vertex 1.5560411363840103 2.045413384139536 3.360000000000001
      vertex 1.6128741279244423 1.9425818341970427 0.15000000000000036
    endloop
  endfacet
  facet normal 0.3826833868439264 0.9238795513667686 0
    outer loop
      vertex 2.045413389801979 1.556041138172148 0.15000000000000036
      vertex 2.045413389801979 1.556041138172148 3.360000000000001
      vertex 2.153961554169655 1.511079022586344 0.15000000000000036
    endloop
  endfacet
  facet normal 0.8752234118802957 0.48371890525036765 3.2131100904694185e-19
    outer loop
      vertex 1.6 1.9658758134993022 1.5900000000000007
      vertex 1.6128741279244423 1.9425818341970427 1.5900000000000007
      vertex 1.6128741279244423 1.9425818341970427 0.15000000000000036
    endloop
  endfacet
  facet normal 0.8155608830196113 0.5786712763635948 0
    outer loop
      vertex 1.6128741279244423 1.9425818341970427 1.5900000000000007
      vertex 1.680863194167614 1.8467602077126486 1.5900000000000007
      vertex 1.680863194167614 1.8467602077126486 0.15000000000000036
    endloop
  endfacet
  facet normal 0.7456421453946874 0.6663465997596204 0
    outer loop
      vertex 1.680863194167614 1.8467602077126486 1.5900000000000007
      vertex 1.7591534107923508 1.759153420031069 1.5900000000000007
      vertex 1.7591534107923508 1.759153420031069 0.15000000000000036
    endloop
  endfacet
  facet normal 0.6663465960102178 0.7456421487453587 0
    outer loop
      vertex 1.7591534107923508 1.759153420031069 1.5900000000000007
      vertex 1.8467601910233498 1.6808632108569128 1.5900000000000007
      vertex 1.8467601910233498 1.6808632108569128 0.15000000000000036
    endloop
  endfacet
  facet normal 0.5786712763635948 0.8155608830196113 0
    outer loop
      vertex 1.8467601910233498 1.6808632108569128 1.5900000000000007
      vertex 1.9425818175077438 1.6128741446137411 1.5900000000000007
      vertex 1.9425818175077438 1.6128741446137411 0.15000000000000036
    endloop
  endfacet
  facet normal 0.4837189218612911 0.8752234026997622 0
    outer loop
      vertex 1.9425818175077438 1.6128741446137411 1.5900000000000007
      vertex 1.965875825962762 1.5999999999999979 1.5900000000000007
      vertex 1.9425818175077438 1.6128741446137411 0.15000000000000036
    endloop
  endfacet
  facet normal 0.27683558263771 0.960917301429025 0
    outer loop
      vertex 2.153961554169655 1.511079022586344 0.15000000000000036
      vertex 2.153961554169655 1.511079022586344 3.360000000000001
      vertex 2.2668614611029625 1.4785531106591208 0.15000000000000036
    endloop
  endfacet
  facet normal 0.1675061963607376 0.9858710230962049 0
    outer loop
      vertex 2.2668614611029625 1.4785531106591208 0.15000000000000036
      vertex 2.2668614611029625 1.4785531106591208 3.360000000000001
      vertex 2.382693089544773 1.4588725286722166 0.15000000000000036
    endloop
  endfacet
  facet normal 0.05607045474750219 0.9984268145960467 0
    outer loop
      vertex 2.382693089544773 1.4588725286722166 0.15000000000000036
      vertex 2.382693089544773 1.4588725286722166 3.360000000000001
      vertex 2.5406829938292503 1.4500000047683699 0.15000000000000036
    endloop
  endfacet
  facet normal 0.8155608830196113 0.5786712763635948 0
    outer loop
      vertex 1.6128741279244423 1.9425818341970427 1.5900000000000007
      vertex 1.680863194167614 1.8467602077126486 0.15000000000000036
      vertex 1.6128741279244423 1.9425818341970427 0.15000000000000036
    endloop
  endfacet
  facet normal 0.7456421453946874 0.6663465997596204 0
    outer loop
      vertex 1.680863194167614 1.8467602077126486 1.5900000000000007
      vertex 1.7591534107923508 1.759153420031069 0.15000000000000036
      vertex 1.680863194167614 1.8467602077126486 0.15000000000000036
    endloop
  endfacet
  facet normal 0.6663465960102178 0.7456421487453587 0
    outer loop
      vertex 1.7591534107923508 1.759153420031069 1.5900000000000007
      vertex 1.8467601910233498 1.6808632108569128 0.15000000000000036
      vertex 1.7591534107923508 1.759153420031069 0.15000000000000036
    endloop
  endfacet
  facet normal 0.5786712763635948 0.8155608830196113 0
    outer loop
      vertex 1.8467601910233498 1.6808632108569128 1.5900000000000007
      vertex 1.9425818175077438 1.6128741446137411 0.15000000000000036
      vertex 1.8467601910233498 1.6808632108569128 0.15000000000000036
    endloop
  endfacet
  facet normal 0.4837189218612896 0.875223402699763 3.1401579813444215e-17
    outer loop
      vertex 1.965875825962762 1.5999999999999979 1.5900000000000007
      vertex 2.045413389801979 1.556041138172148 0.15000000000000036
      vertex 1.9425818175077438 1.6128741446137411 0.15000000000000036
    endloop
  endfacet
  facet normal 0 0 1
    outer loop
      vertex 1.4500000029802322 2.540682995617388 0.15000000000000036
      vertex 1.4588725194334984 2.3826930913329107 0.15000000000000036
      vertex 2.649999998509884 2.6500000002980215 0.15000000000000036
    endloop
  endfacet
  facet normal 0 0 1
    outer loop
      vertex 1.4588725194334984 2.3826930913329107 0.15000000000000036
      vertex 1.4785531163215637 2.2668614330887777 0.15000000000000036
      vertex 2.649999998509884 2.6500000002980215 0.15000000000000036
    endloop
  endfacet
  facet normal 0 0 1
    outer loop
      vertex 1.4785531163215637 2.2668614330887777 0.15000000000000036
      vertex 1.5110789984464645 2.153961600661276 0.15000000000000036
      vertex 2.649999998509884 2.6500000002980215 0.15000000000000036
    endloop
  endfacet
  facet normal 0 0 1
    outer loop
      vertex 1.5110789984464645 2.153961600661276 0.15000000000000036
      vertex 1.5560411363840103 2.045413384139536 0.15000000000000036
      vertex 2.649999998509884 2.6500000002980215 0.15000000000000036
    endloop
  endfacet
  facet normal 0 0 1
    outer loop
      vertex 1.5560411363840103 2.045413384139536 0.15000000000000036
      vertex 1.6128741279244423 1.9425818341970427 0.15000000000000036
      vertex 2.649999998509884 2.6500000002980215 0.15000000000000036
    endloop
  endfacet
  facet normal 0 0 1
    outer loop
      vertex 2.649999998509884 2.6500000002980215 0.15000000000000036
      vertex 1.6128741279244423 1.9425818341970427 0.15000000000000036
      vertex 1.680863194167614 1.8467602077126486 0.15000000000000036
    endloop
  endfacet
  facet normal 0 0 1
    outer loop
      vertex 2.649999998509884 2.6500000002980215 0.15000000000000036
      vertex 1.680863194167614 1.8467602077126486 0.15000000000000036
      vertex 1.7591534107923508 1.759153420031069 0.15000000000000036
    endloop
  endfacet
  facet normal 0 0 1
    outer loop
      vertex 2.649999998509884 2.6500000002980215 0.15000000000000036
      vertex 1.7591534107923508 1.759153420031069 0.15000000000000036
      vertex 1.8467601910233498 1.6808632108569128 0.15000000000000036
    endloop
  endfacet
  facet normal 0 0 1
    outer loop
      vertex 2.649999998509884 2.6500000002980215 0.15000000000000036
      vertex 1.8467601910233498 1.6808632108569128 0.15000000000000036
      vertex 1.9425818175077438 1.6128741446137411 0.15000000000000036
    endloop
  endfacet
  facet normal 0 0 1
    outer loop
      vertex 2.649999998509884 2.6500000002980215 0.15000000000000036
      vertex 1.9425818175077438 1.6128741446137411 0.15000000000000036
      vertex 2.045413389801979 1.556041138172148 0.15000000000000036
    endloop
  endfacet
  facet normal 0 0 1
    outer loop
      vertex 2.649999998509884 2.6500000002980215 0.15000000000000036
      vertex 2.045413389801979 1.556041138172148 0.15000000000000036
      vertex 2.153961554169655 1.511079022586344 0.15000000000000036
    endloop
  endfacet
  facet normal 0 0 1
    outer loop
      vertex 2.649999998509884 2.6500000002980215 0.15000000000000036
      vertex 2.153961554169655 1.511079022586344 0.15000000000000036
      vertex 2.2668614611029625 1.4785531106591208 0.15000000000000036
    endloop
  endfacet
  facet normal 0 0 1
    outer loop
      vertex 2.649999998509884 2.6500000002980215 0.15000000000000036
      vertex 2.2668614611029625 1.4785531106591208 0.15000000000000036
      vertex 2.382693089544773 1.4588725286722166 0.15000000000000036
    endloop
  endfacet
  facet normal 0 0 1
    outer loop
      vertex 2.649999998509884 2.6500000002980215 0.15000000000000036
      vertex 2.382693089544773 1.4588725286722166 0.15000000000000036
      vertex 2.5406829938292503 1.4500000047683699 0.15000000000000036
    endloop
  endfacet
  facet normal 0 1 0
    outer loop
      vertex 2.5406829938292503 1.4500000047683699 0.15000000000000036
      vertex 9.061 1.4500000047683699 0.5647737100339327
      vertex 16.761 1.4500000047683699 0.5647737100339327
    endloop
  endfacet
  facet normal 0 -1 0
    outer loop
      vertex 2.649999998509884 2.6500000002980215 1.5900000000000007
      vertex 2.649999998509884 2.6500000002980215 0.15000000000000036
      vertex 37.71999999880791 2.6500000002980215 1.5900000000000007
    endloop
  endfacet
  facet normal 0 1 0
    outer loop
      vertex 16.761 1.4500000047683699 2.6352262899660692
      vertex 23.608999999999995 1.4500000047683699 0.5647737100339327
      vertex 16.761 1.4500000047683699 0.5647737100339327
    endloop
  endfacet
  facet normal 0 1 0
    outer loop
      vertex 2.5406829938292503 1.4500000047683699 0.15000000000000036
      vertex 16.761 1.4500000047683699 0.5647737100339327
      vertex 23.608999999999995 1.4500000047683699 0.5647737100339327
    endloop
  endfacet
  facet normal 0 0 1
    outer loop
      vertex 2.649999998509884 2.6500000002980215 0.15000000000000036
      vertex 2.5406829938292503 1.4500000047683699 0.15000000000000036
      vertex 37.71999999880791 2.6500000002980215 0.15000000000000036
    endloop
  endfacet
  facet normal 0 1 0
    outer loop
      vertex 2.5406829938292503 1.4500000047683699 0.15000000000000036
      vertex 23.608999999999995 1.4500000047683699 0.5647737100339327
      vertex 31.308999999999997 1.4500000047683699 0.5647737100339327
    endloop
  endfacet
  facet normal 0 -1 0
    outer loop
      vertex 9.061 22.879999997019766 2.635226289789953
      vertex 16.761 22.879999997019766 2.635226289789953
      vertex 37.82931700348854 22.879999997019766 3.360000000000001
    endloop
  endfacet
  facet normal 0 -1 0
    outer loop
      vertex 16.761 22.879999997019766 2.635226289789953
      vertex 23.608999999999995 22.879999997019766 2.635226289789953
      vertex 37.82931700348854 22.879999997019766 3.360000000000001
    endloop
  endfacet
  facet normal 0 -1 0
    outer loop
      vertex 23.608999999999995 22.879999997019766 2.635226289789953
      vertex 31.308999999999997 22.879999997019766 2.635226289789953
      vertex 37.82931700348854 22.879999997019766 3.360000000000001
    endloop
  endfacet
  facet normal -0.48371887840344807 -0.875223426718064 0
    outer loop
      vertex 38.40412419739969 22.729999999999997 1.5900000000000007
      vertex 38.40412419739969 22.729999999999997 3.360000000000001
      vertex 38.32458660751581 22.77395887106657 3.360000000000001
    endloop
  endfacet
  facet normal -0.8752234267180762 -0.48371887840342587 0
    outer loop
      vertex 38.769999999999996 22.364124169687543 1.5900000000000007
      vertex 38.81395884603262 22.28458662509918 3.360000000000001
      vertex 38.769999999999996 22.364124169687543 3.360000000000001
    endloop
  endfacet
  facet normal 0 -1 0
    outer loop
      vertex 31.308999999999997 22.879999997019766 2.635226289789953
      vertex 31.308999999999997 22.879999997019766 0.5647737102100496
      vertex 37.82931700348854 22.879999997019766 3.360000000000001
    endloop
  endfacet
  facet normal -0.05607040781113295 -0.9984268172319357 0
    outer loop
      vertex 37.82931700348854 22.879999997019766 0.15000000000000036
      vertex 37.98730690777302 22.8711274805665 3.360000000000001
      vertex 37.82931700348854 22.879999997019766 3.360000000000001
    endloop
  endfacet
  facet normal -0.16750626846725966 -0.9858710108448137 0
    outer loop
      vertex 37.98730690777302 22.8711274805665 0.15000000000000036
      vertex 38.10313852876425 22.851446891129015 3.360000000000001
      vertex 37.98730690777302 22.8711274805665 3.360000000000001
    endloop
  endfacet
  facet normal -0.2768354903458996 -0.96091732801784 0
    outer loop
      vertex 38.10313852876425 22.851446891129015 0.15000000000000036
      vertex 38.21603845059872 22.818920986652373 3.360000000000001
      vertex 38.10313852876425 22.851446891129015 3.360000000000001
    endloop
  endfacet
  facet normal -0.3826834092640486 -0.9238795420800509 0
    outer loop
      vertex 38.21603845059872 22.818920986652373 0.15000000000000036
      vertex 38.32458660751581 22.77395887106657 3.360000000000001
      vertex 38.21603845059872 22.818920986652373 3.360000000000001
    endloop
  endfacet
  facet normal -0.9238795135599166 -0.38268347811774134 0
    outer loop
      vertex 38.81395884603262 22.28458662509918 0.15000000000000036
      vertex 38.858920998871326 22.17603840112686 3.360000000000001
      vertex 38.81395884603262 22.28458662509918 3.360000000000001
    endloop
  endfacet
  facet normal -0.9609173251662092 -0.27683550024413023 0
    outer loop
      vertex 38.858920998871326 22.17603840112686 0.15000000000000036
      vertex 38.89144688099623 22.063138561248778 3.360000000000001
      vertex 38.858920998871326 22.17603840112686 3.360000000000001
    endloop
  endfacet
  facet normal -0.9858710179619458 -0.16750622657882566 0
    outer loop
      vertex 38.89144688099623 22.063138561248778 0.15000000000000036
      vertex 38.91112747043371 21.947306910455225 3.360000000000001
      vertex 38.89144688099623 22.063138561248778 3.360000000000001
    endloop
  endfacet
  facet normal -0.9984268144480182 -0.056070457383392606 0
    outer loop
      vertex 38.91112747043371 21.947306910455225 0.15000000000000036
      vertex 38.91999999433756 21.78931701362133 3.360000000000001
      vertex 38.91112747043371 21.947306910455225 3.360000000000001
    endloop
  endfacet
  facet normal -1 0 0
    outer loop
      vertex 38.91999999433756 21.78931701362133 0.15000000000000036
      vertex 38.91999999433756 20.865 3.360000000000001
      vertex 38.91999999433756 21.78931701362133 3.360000000000001
    endloop
  endfacet
  facet normal -0.48371887840344796 -0.8752234267180639 -3.383315339947317e-19
    outer loop
      vertex 38.40412419739969 22.729999999999997 1.5900000000000007
      vertex 38.32458660751581 22.77395887106657 3.360000000000001
      vertex 38.32458660751581 22.77395887106657 0.15000000000000036
    endloop
  endfacet
  facet normal -0.8752234267180867 -0.4837188784034067 1.1164833817169985e-15
    outer loop
      vertex 38.769999999999996 22.364124169687543 1.5900000000000007
      vertex 38.75712585449219 22.387418182492254 0.15000000000000036
      vertex 38.81395884603262 22.28458662509918 3.360000000000001
    endloop
  endfacet
  facet normal 0 -1 0
    outer loop
      vertex 16.761 22.879999997019766 0.5647737102100496
      vertex 23.608999999999995 22.879999997019766 0.5647737102100496
      vertex 23.608999999999995 22.879999997019766 2.635226289789953
    endloop
  endfacet
  facet normal 0 1 0
    outer loop
      vertex 2.649999998509884 21.680000001490114 1.5900000000000007
      vertex 37.71999999880791 21.680000001490114 1.5900000000000007
      vertex 37.71999999880791 21.680000001490114 0.15000000000000036
    endloop
  endfacet
  facet normal 0 -1 0
    outer loop
      vertex 2.5406829938292503 22.879999997019766 0.15000000000000036
      vertex 37.82931700348854 22.879999997019766 0.15000000000000036
      vertex 23.608999999999995 22.879999997019766 0.5647737102100496
    endloop
  endfacet
  facet normal 0 0 1
    outer loop
      vertex 2.5406829938292503 22.879999997019766 0.15000000000000036
      vertex 37.71999999880791 21.680000001490114 0.15000000000000036
      vertex 37.82931700348854 22.879999997019766 0.15000000000000036
    endloop
  endfacet
  facet normal 0 -1 0
    outer loop
      vertex 31.308999999999997 22.879999997019766 0.5647737102100496
      vertex 37.82931700348854 22.879999997019766 0.15000000000000036
      vertex 37.82931700348854 22.879999997019766 3.360000000000001
    endloop
  endfacet
  facet normal -0.05607040781113295 -0.9984268172319357 0
    outer loop
      vertex 37.82931700348854 22.879999997019766 0.15000000000000036
      vertex 37.98730690777302 22.8711274805665 0.15000000000000036
      vertex 37.98730690777302 22.8711274805665 3.360000000000001
    endloop
  endfacet
  facet normal -0.16750626846725966 -0.9858710108448137 0
    outer loop
      vertex 37.98730690777302 22.8711274805665 0.15000000000000036
      vertex 38.10313852876425 22.851446891129015 0.15000000000000036
      vertex 38.10313852876425 22.851446891129015 3.360000000000001
    endloop
  endfacet
  facet normal -0.2768354903458996 -0.96091732801784 0
    outer loop
      vertex 38.10313852876425 22.851446891129015 0.15000000000000036
      vertex 38.21603845059872 22.818920986652373 0.15000000000000036
      vertex 38.21603845059872 22.818920986652373 3.360000000000001
    endloop
  endfacet
  facet normal -0.3826834092640486 -0.9238795420800509 0
    outer loop
      vertex 38.21603845059872 22.818920986652373 0.15000000000000036
      vertex 38.32458660751581 22.77395887106657 0.15000000000000036
      vertex 38.32458660751581 22.77395887106657 3.360000000000001
    endloop
  endfacet
  facet normal -0.875223426718072 -0.4837188784034335 0
    outer loop
      vertex 38.75712585449219 22.387418182492254 0.15000000000000036
      vertex 38.81395884603262 22.28458662509918 0.15000000000000036
      vertex 38.81395884603262 22.28458662509918 3.360000000000001
    endloop
  endfacet
  facet normal -0.9238795135599166 -0.38268347811774134 0
    outer loop
      vertex 38.81395884603262 22.28458662509918 0.15000000000000036
      vertex 38.858920998871326 22.17603840112686 0.15000000000000036
      vertex 38.858920998871326 22.17603840112686 3.360000000000001
    endloop
  endfacet
  facet normal -0.9609173251662092 -0.27683550024413023 0
    outer loop
      vertex 38.858920998871326 22.17603840112686 0.15000000000000036
      vertex 38.89144688099623 22.063138561248778 0.15000000000000036
      vertex 38.89144688099623 22.063138561248778 3.360000000000001
    endloop
  endfacet
  facet normal -0.4837188784033838 -0.8752234267180995 -4.742350160763149e-19
    outer loop
      vertex 38.40412419739969 22.729999999999997 1.5900000000000007
      vertex 38.427418164908886 22.717125879526137 0.15000000000000036
      vertex 38.427418164908886 22.717125879526137 1.5900000000000007
    endloop
  endfacet
  facet normal -0.5786713185425403 -0.8155608530920535 0
    outer loop
      vertex 38.427418164908886 22.717125879526137 1.5900000000000007
      vertex 38.427418164908886 22.717125879526137 0.15000000000000036
      vertex 38.52323979139328 22.649136805832384 1.5900000000000007
    endloop
  endfacet
  facet normal -0.6663465997596204 -0.7456421453946874 0
    outer loop
      vertex 38.52323979139328 22.649136805832384 1.5900000000000007
      vertex 38.52323979139328 22.649136805832384 0.15000000000000036
      vertex 38.61084657907486 22.570846589207648 1.5900000000000007
    endloop
  endfacet
  facet normal -0.7456421487453587 -0.6663465960102178 0
    outer loop
      vertex 38.61084657907486 22.570846589207648 1.5900000000000007
      vertex 38.61084657907486 22.570846589207648 0.15000000000000036
      vertex 38.689136788249016 22.48323980897665 1.5900000000000007
    endloop
  endfacet
  facet normal -0.8155608830196113 -0.5786712763635948 0
    outer loop
      vertex 38.689136788249016 22.48323980897665 1.5900000000000007
      vertex 38.689136788249016 22.48323980897665 0.15000000000000036
      vertex 38.75712585449219 22.387418182492254 1.5900000000000007
    endloop
  endfacet
  facet normal -0.8752234267180574 -0.4837188784034597 0
    outer loop
      vertex 38.75712585449219 22.387418182492254 1.5900000000000007
      vertex 38.75712585449219 22.387418182492254 0.15000000000000036
      vertex 38.769999999999996 22.364124169687543 1.5900000000000007
    endloop
  endfacet
  facet normal -0.9858710179619458 -0.16750622657882566 0
    outer loop
      vertex 38.89144688099623 22.063138561248778 0.15000000000000036
      vertex 38.91112747043371 21.947306910455225 0.15000000000000036
      vertex 38.91112747043371 21.947306910455225 3.360000000000001
    endloop
  endfacet
  facet normal -0.9984268144480182 -0.056070457383392606 0
    outer loop
      vertex 38.91112747043371 21.947306910455225 0.15000000000000036
      vertex 38.91999999433756 21.78931701362133 0.15000000000000036
      vertex 38.91999999433756 21.78931701362133 3.360000000000001
    endloop
  endfacet
  facet normal -1 0 0
    outer loop
      vertex 38.91999999433756 21.78931701362133 0.15000000000000036
      vertex 38.91999999433756 20.865 0.15000000000000036
      vertex 38.91999999433756 20.865 3.360000000000001
    endloop
  endfacet
  facet normal 0 -1 0
    outer loop
      vertex 23.608999999999995 22.879999997019766 0.5647737102100496
      vertex 37.82931700348854 22.879999997019766 0.15000000000000036
      vertex 31.308999999999997 22.879999997019766 0.5647737102100496
    endloop
  endfacet
  facet normal -0.48371887840343347 -0.875223426718072 -1.0498665791068407e-15
    outer loop
      vertex 38.40412419739969 22.729999999999997 1.5900000000000007
      vertex 38.32458660751581 22.77395887106657 0.15000000000000036
      vertex 38.427418164908886 22.717125879526137 0.15000000000000036
    endloop
  endfacet
  facet normal -0.5786713185425403 -0.8155608530920535 0
    outer loop
      vertex 38.52323979139328 22.649136805832384 1.5900000000000007
      vertex 38.427418164908886 22.717125879526137 0.15000000000000036
      vertex 38.52323979139328 22.649136805832384 0.15000000000000036
    endloop
  endfacet
  facet normal -0.6663465997596204 -0.7456421453946874 0
    outer loop
      vertex 38.61084657907486 22.570846589207648 1.5900000000000007
      vertex 38.52323979139328 22.649136805832384 0.15000000000000036
      vertex 38.61084657907486 22.570846589207648 0.15000000000000036
    endloop
  endfacet
  facet normal -0.7456421487453587 -0.6663465960102178 0
    outer loop
      vertex 38.689136788249016 22.48323980897665 1.5900000000000007
      vertex 38.61084657907486 22.570846589207648 0.15000000000000036
      vertex 38.689136788249016 22.48323980897665 0.15000000000000036
    endloop
  endfacet
  facet normal -0.8155608830196113 -0.5786712763635948 0
    outer loop
      vertex 38.75712585449219 22.387418182492254 1.5900000000000007
      vertex 38.689136788249016 22.48323980897665 0.15000000000000036
      vertex 38.75712585449219 22.387418182492254 0.15000000000000036
    endloop
  endfacet
  facet normal 0 0 1
    outer loop
      vertex 37.82931700348854 22.879999997019766 0.15000000000000036
      vertex 37.71999999880791 21.680000001490114 0.15000000000000036
      vertex 37.98730690777302 22.8711274805665 0.15000000000000036
    endloop
  endfacet
  facet normal 0 0 1
    outer loop
      vertex 37.98730690777302 22.8711274805665 0.15000000000000036
      vertex 37.71999999880791 21.680000001490114 0.15000000000000036
      vertex 38.10313852876425 22.851446891129015 0.15000000000000036
    endloop
  endfacet
  facet normal 0 0 1
    outer loop
      vertex 38.10313852876425 22.851446891129015 0.15000000000000036
      vertex 37.71999999880791 21.680000001490114 0.15000000000000036
      vertex 38.21603845059872 22.818920986652373 0.15000000000000036
    endloop
  endfacet
  facet normal 0 0 1
    outer loop
      vertex 38.21603845059872 22.818920986652373 0.15000000000000036
      vertex 37.71999999880791 21.680000001490114 0.15000000000000036
      vertex 38.32458660751581 22.77395887106657 0.15000000000000036
    endloop
  endfacet
  facet normal 0 0 1
    outer loop
      vertex 38.32458660751581 22.77395887106657 0.15000000000000036
      vertex 37.71999999880791 21.680000001490114 0.15000000000000036
      vertex 38.427418164908886 22.717125879526137 0.15000000000000036
    endloop
  endfacet
  facet normal 0 0 1
    outer loop
      vertex 38.427418164908886 22.717125879526137 0.15000000000000036
      vertex 37.71999999880791 21.680000001490114 0.15000000000000036
      vertex 38.52323979139328 22.649136805832384 0.15000000000000036
    endloop
  endfacet
  facet normal 0 0 1
    outer loop
      vertex 38.52323979139328 22.649136805832384 0.15000000000000036
      vertex 37.71999999880791 21.680000001490114 0.15000000000000036
      vertex 38.61084657907486 22.570846589207648 0.15000000000000036
    endloop
  endfacet
  facet normal 0 0 1
    outer loop
      vertex 38.61084657907486 22.570846589207648 0.15000000000000036
      vertex 37.71999999880791 21.680000001490114 0.15000000000000036
      vertex 38.689136788249016 22.48323980897665 0.15000000000000036
    endloop
  endfacet
  facet normal 0 0 1
    outer loop
      vertex 38.689136788249016 22.48323980897665 0.15000000000000036
      vertex 37.71999999880791 21.680000001490114 0.15000000000000036
      vertex 38.75712585449219 22.387418182492254 0.15000000000000036
    endloop
  endfacet
  facet normal 0 0 1
    outer loop
      vertex 38.75712585449219 22.387418182492254 0.15000000000000036
      vertex 37.71999999880791 21.680000001490114 0.15000000000000036
      vertex 38.81395884603262 22.28458662509918 0.15000000000000036
    endloop
  endfacet
  facet normal 0 0 1
    outer loop
      vertex 37.71999999880791 21.680000001490114 0.15000000000000036
      vertex 38.858920998871326 22.17603840112686 0.15000000000000036
      vertex 38.81395884603262 22.28458662509918 0.15000000000000036
    endloop
  endfacet
  facet normal 0 0 1
    outer loop
      vertex 37.71999999880791 21.680000001490114 0.15000000000000036
      vertex 38.669999999999995 20.865 0.15000000000000036
      vertex 38.91999999433756 21.78931701362133 0.15000000000000036
    endloop
  endfacet
  facet normal 0 0 1
    outer loop
      vertex 37.71999999880791 21.680000001490114 0.15000000000000036
      vertex 38.89144688099623 22.063138561248778 0.15000000000000036
      vertex 38.858920998871326 22.17603840112686 0.15000000000000036
    endloop
  endfacet
  facet normal 0 0 1
    outer loop
      vertex 37.71999999880791 21.680000001490114 0.15000000000000036
      vertex 38.91112747043371 21.947306910455225 0.15000000000000036
      vertex 38.89144688099623 22.063138561248778 0.15000000000000036
    endloop
  endfacet
  facet normal 0 0 1
    outer loop
      vertex 37.71999999880791 21.680000001490114 0.15000000000000036
      vertex 38.91999999433756 21.78931701362133 0.15000000000000036
      vertex 38.91112747043371 21.947306910455225 0.15000000000000036
    endloop
  endfacet
  facet normal 0 0 1
    outer loop
      vertex 38.91999999433756 21.78931701362133 0.15000000000000036
      vertex 38.669999999999995 20.865 0.15000000000000036
      vertex 38.91999999433756 20.865 0.15000000000000036
    endloop
  endfacet
  facet normal 1 0 0
    outer loop
      vertex 37.71999999880791 21.680000001490114 1.5900000000000007
      vertex 37.71999999880791 2.6500000002980215 0.15000000000000036
      vertex 37.71999999880791 21.680000001490114 0.15000000000000036
    endloop
  endfacet
  facet normal 0 0 1
    outer loop
      vertex 37.71999999880791 21.680000001490114 0.15000000000000036
      vertex 37.71999999880791 2.6500000002980215 0.15000000000000036
      vertex 38.669999999999995 20.865 0.15000000000000036
    endloop
  endfacet
  facet normal 0 1 0
    outer loop
      vertex 31.308999999999997 1.4500000047683699 2.6352262899660692
      vertex 2.5406829938292503 1.4500000047683699 3.360000000000001
      vertex 37.82931700348854 1.4500000047683699 3.360000000000001
    endloop
  endfacet
  facet normal 0 1 0
    outer loop
      vertex 16.761 1.4500000047683699 2.6352262899660692
      vertex 23.608999999999995 1.4500000047683699 2.6352262899660692
      vertex 23.608999999999995 1.4500000047683699 0.5647737100339327
    endloop
  endfacet
  facet normal -0.48371887840344036 0.8752234267180683 0
    outer loop
      vertex 38.40412418068348 1.5999999999999979 1.5900000000000007
      vertex 38.32458660751581 1.556041138172148 3.360000000000001
      vertex 38.40412418068348 1.5999999999999979 3.360000000000001
    endloop
  endfacet
  facet normal -0.875223435898611 0.48371886179249807 0
    outer loop
      vertex 38.769999999999996 1.9658758345652032 1.5900000000000007
      vertex 38.769999999999996 1.9658758345652032 3.360000000000001
      vertex 38.81395883858204 2.045413369238375 3.360000000000001
    endloop
  endfacet
  facet normal -1 0 0
    outer loop
      vertex 38.91999999433756 3.465 0.15000000000000036
      vertex 38.91999999433756 2.540682995617388 3.360000000000001
      vertex 38.91999999433756 3.465 3.360000000000001
    endloop
  endfacet
  facet normal -0.9984268147440751 0.056070452111612004 0
    outer loop
      vertex 38.91999999433756 2.540682995617388 0.15000000000000036
      vertex 38.91112747043371 2.38269308388233 3.360000000000001
      vertex 38.91999999433756 2.540682995617388 3.360000000000001
    endloop
  endfacet
  facet normal -0.9858710146069701 0.1675062463247965 0
    outer loop
      vertex 38.91112747043371 2.38269308388233 0.15000000000000036
      vertex 38.89144687354565 2.2668614032864554 3.360000000000001
      vertex 38.91112747043371 2.38269308388233 3.360000000000001
    endloop
  endfacet
  facet normal -0.3826833868439264 0.9238795513667686 0
    outer loop
      vertex 38.32458660751581 1.556041138172148 0.15000000000000036
      vertex 38.216038443148136 1.511079022586344 3.360000000000001
      vertex 38.32458660751581 1.556041138172148 3.360000000000001
    endloop
  endfacet
  facet normal -0.9609173343237435 0.2768354684576222 0
    outer loop
      vertex 38.89144687354565 2.2668614032864554 0.15000000000000036
      vertex 38.85892102122307 2.1539616528153402 3.360000000000001
      vertex 38.89144687354565 2.2668614032864554 3.360000000000001
    endloop
  endfacet
  facet normal -0.9238794981732025 0.38268351526454786 0
    outer loop
      vertex 38.85892102122307 2.1539616528153402 0.15000000000000036
      vertex 38.81395883858204 2.045413369238375 3.360000000000001
      vertex 38.85892102122307 2.1539616528153402 3.360000000000001
    endloop
  endfacet
  facet normal -0.056070452111612004 0.9984268147440751 0
    outer loop
      vertex 37.9873069152236 1.4588725286722166 0.15000000000000036
      vertex 37.82931700348854 1.4500000047683699 3.360000000000001
      vertex 37.9873069152236 1.4588725286722166 3.360000000000001
    endloop
  endfacet
  facet normal -0.16750621730495252 0.9858710195376401 0
    outer loop
      vertex 38.10313852876425 1.4785531106591208 0.15000000000000036
      vertex 37.9873069152236 1.4588725286722166 3.360000000000001
      vertex 38.10313852876425 1.4785531106591208 3.360000000000001
    endloop
  endfacet
  facet normal -0.276835565768667 0.9609173062889136 0
    outer loop
      vertex 38.216038443148136 1.511079022586344 0.15000000000000036
      vertex 38.10313852876425 1.4785531106591208 3.360000000000001
      vertex 38.216038443148136 1.511079022586344 3.360000000000001
    endloop
  endfacet
  facet normal 0 1 0
    outer loop
      vertex 31.308999999999997 1.4500000047683699 2.6352262899660692
      vertex 37.82931700348854 1.4500000047683699 3.360000000000001
      vertex 37.82931700348854 1.4500000047683699 0.15000000000000036
    endloop
  endfacet
  facet normal -0.4837188784034574 0.8752234267180586 -1.0007646823234408e-15
    outer loop
      vertex 38.40412418068348 1.5999999999999979 1.5900000000000007
      vertex 38.427418164908886 1.61287412971258 0.15000000000000036
      vertex 38.32458660751581 1.556041138172148 3.360000000000001
    endloop
  endfacet
  facet normal -0.8752234358986111 0.4837188617924981 -5.663343144495305e-19
    outer loop
      vertex 38.769999999999996 1.9658758345652032 1.5900000000000007
      vertex 38.81395883858204 2.045413369238375 3.360000000000001
      vertex 38.81395883858204 2.045413369238375 0.15000000000000036
    endloop
  endfacet
  facet normal 0 1 0
    outer loop
      vertex 2.5406829938292503 1.4500000047683699 0.15000000000000036
      vertex 31.308999999999997 1.4500000047683699 0.5647737100339327
      vertex 37.82931700348854 1.4500000047683699 0.15000000000000036
    endloop
  endfacet
  facet normal 0 -1 0
    outer loop
      vertex 2.649999998509884 2.6500000002980215 0.15000000000000036
      vertex 37.71999999880791 2.6500000002980215 0.15000000000000036
      vertex 37.71999999880791 2.6500000002980215 1.5900000000000007
    endloop
  endfacet
  facet normal 0 0 1
    outer loop
      vertex 2.5406829938292503 1.4500000047683699 0.15000000000000036
      vertex 37.82931700348854 1.4500000047683699 0.15000000000000036
      vertex 37.71999999880791 2.6500000002980215 0.15000000000000036
    endloop
  endfacet
  facet normal 1 0 0
    outer loop
      vertex 37.71999999880791 21.680000001490114 1.5900000000000007
      vertex 37.71999999880791 2.6500000002980215 1.5900000000000007
      vertex 37.71999999880791 2.6500000002980215 0.15000000000000036
    endloop
  endfacet
  facet normal 0 0 1
    outer loop
      vertex 38.669999999999995 20.865 0.15000000000000036
      vertex 37.71999999880791 2.6500000002980215 0.15000000000000036
      vertex 38.669999999999995 3.465 0.15000000000000036
    endloop
  endfacet
  facet normal 0 1 0
    outer loop
      vertex 31.308999999999997 1.4500000047683699 2.6352262899660692
      vertex 37.82931700348854 1.4500000047683699 0.15000000000000036
      vertex 31.308999999999997 1.4500000047683699 0.5647737100339327
    endloop
  endfacet
  facet normal -1 0 0
    outer loop
      vertex 38.91999999433756 3.465 0.15000000000000036
      vertex 38.91999999433756 2.540682995617388 0.15000000000000036
      vertex 38.91999999433756 2.540682995617388 3.360000000000001
    endloop
  endfacet
  facet normal -0.9984268147440751 0.056070452111612004 0
    outer loop
      vertex 38.91999999433756 2.540682995617388 0.15000000000000036
      vertex 38.91112747043371 2.38269308388233 0.15000000000000036
      vertex 38.91112747043371 2.38269308388233 3.360000000000001
    endloop
  endfacet
  facet normal -0.9858710146069701 0.1675062463247965 0
    outer loop
      vertex 38.91112747043371 2.38269308388233 0.15000000000000036
      vertex 38.89144687354565 2.2668614032864554 0.15000000000000036
      vertex 38.89144687354565 2.2668614032864554 3.360000000000001
    endloop
  endfacet
  facet normal -0.3826833868439264 0.9238795513667686 0
    outer loop
      vertex 38.216038443148136 1.511079022586344 0.15000000000000036
      vertex 38.216038443148136 1.511079022586344 3.360000000000001
      vertex 38.32458660751581 1.556041138172148 0.15000000000000036
    endloop
  endfacet
  facet normal -0.4837188784034335 0.875223426718072 0
    outer loop
      vertex 38.32458660751581 1.556041138172148 0.15000000000000036
      vertex 38.32458660751581 1.556041138172148 3.360000000000001
      vertex 38.427418164908886 1.61287412971258 0.15000000000000036
    endloop
  endfacet
  facet normal -0.9609173343237435 0.2768354684576222 0
    outer loop
      vertex 38.85892102122307 2.1539616528153402 0.15000000000000036
      vertex 38.85892102122307 2.1539616528153402 3.360000000000001
      vertex 38.89144687354565 2.2668614032864554 0.15000000000000036
    endloop
  endfacet
  facet normal -0.9238794981732025 0.38268351526454786 0
    outer loop
      vertex 38.85892102122307 2.1539616528153402 0.15000000000000036
      vertex 38.81395883858204 2.045413369238375 0.15000000000000036
      vertex 38.81395883858204 2.045413369238375 3.360000000000001
    endloop
  endfacet
  facet normal -0.48371887840341 0.875223426718085 -1.2760826479342412e-19
    outer loop
      vertex 38.40412418068348 1.5999999999999979 1.5900000000000007
      vertex 38.427418164908886 1.61287412971258 1.5900000000000007
      vertex 38.427418164908886 1.61287412971258 0.15000000000000036
    endloop
  endfacet
  facet normal -0.8752234358986212 0.4837188617924798 2.2143713802287926e-19
    outer loop
      vertex 38.769999999999996 1.9658758345652032 1.5900000000000007
      vertex 38.75712586194277 1.9425818341970427 0.15000000000000036
      vertex 38.75712586194277 1.9425818341970427 1.5900000000000007
    endloop
  endfacet
  facet normal -0.8155608830196113 0.5786712763635948 0
    outer loop
      vertex 38.689136795699596 1.8467602077126486 1.5900000000000007
      vertex 38.75712586194277 1.9425818341970427 1.5900000000000007
      vertex 38.75712586194277 1.9425818341970427 0.15000000000000036
    endloop
  endfacet
  facet normal -0.6663465997596204 0.7456421453946874 0
    outer loop
      vertex 38.52323979139328 1.6808632034063322 1.5900000000000007
      vertex 38.61084657907486 1.759153420031069 1.5900000000000007
      vertex 38.61084657907486 1.759153420031069 0.15000000000000036
    endloop
  endfacet
  facet normal -0.7456421453946874 0.6663465997596204 0
    outer loop
      vertex 38.689136795699596 1.8467602077126486 1.5900000000000007
      vertex 38.689136795699596 1.8467602077126486 0.15000000000000036
      vertex 38.61084657907486 1.759153420031069 1.5900000000000007
    endloop
  endfacet
  facet normal -0.5786713185425403 0.8155608530920535 0
    outer loop
      vertex 38.52323979139328 1.6808632034063322 1.5900000000000007
      vertex 38.52323979139328 1.6808632034063322 0.15000000000000036
      vertex 38.427418164908886 1.61287412971258 1.5900000000000007
    endloop
  endfacet
  facet normal -0.056070452111612004 0.9984268147440751 0
    outer loop
      vertex 37.82931700348854 1.4500000047683699 0.15000000000000036
      vertex 37.82931700348854 1.4500000047683699 3.360000000000001
      vertex 37.9873069152236 1.4588725286722166 0.15000000000000036
    endloop
  endfacet
  facet normal -0.16750621730495252 0.9858710195376401 0
    outer loop
      vertex 37.9873069152236 1.4588725286722166 0.15000000000000036
      vertex 37.9873069152236 1.4588725286722166 3.360000000000001
      vertex 38.10313852876425 1.4785531106591208 0.15000000000000036
    endloop
  endfacet
  facet normal -0.276835565768667 0.9609173062889136 0
    outer loop
      vertex 38.10313852876425 1.4785531106591208 0.15000000000000036
      vertex 38.10313852876425 1.4785531106591208 3.360000000000001
      vertex 38.216038443148136 1.511079022586344 0.15000000000000036
    endloop
  endfacet
  facet normal 0 0 1
    outer loop
      vertex 38.669999999999995 3.465 0.15000000000000036
      vertex 38.91999999433756 2.540682995617388 0.15000000000000036
      vertex 38.91999999433756 3.465 0.15000000000000036
    endloop
  endfacet
  facet normal -0.5786713185425403 0.8155608530920535 0
    outer loop
      vertex 38.427418164908886 1.61287412971258 1.5900000000000007
      vertex 38.52323979139328 1.6808632034063322 0.15000000000000036
      vertex 38.427418164908886 1.61287412971258 0.15000000000000036
    endloop
  endfacet
  facet normal -0.8752234358986133 0.48371886179249396 -2.990464905300206e-16
    outer loop
      vertex 38.769999999999996 1.9658758345652032 1.5900000000000007
      vertex 38.81395883858204 2.045413369238375 0.15000000000000036
      vertex 38.75712586194277 1.9425818341970427 0.15000000000000036
    endloop
  endfacet
  facet normal -0.8155608830196113 0.5786712763635948 0
    outer loop
      vertex 38.689136795699596 1.8467602077126486 1.5900000000000007
      vertex 38.75712586194277 1.9425818341970427 0.15000000000000036
      vertex 38.689136795699596 1.8467602077126486 0.15000000000000036
    endloop
  endfacet
  facet normal -0.7456421453946874 0.6663465997596204 0
    outer loop
      vertex 38.61084657907486 1.759153420031069 1.5900000000000007
      vertex 38.689136795699596 1.8467602077126486 0.15000000000000036
      vertex 38.61084657907486 1.759153420031069 0.15000000000000036
    endloop
  endfacet
  facet normal -0.6663465997596204 0.7456421453946874 0
    outer loop
      vertex 38.52323979139328 1.6808632034063322 1.5900000000000007
      vertex 38.61084657907486 1.759153420031069 0.15000000000000036
      vertex 38.52323979139328 1.6808632034063322 0.15000000000000036
    endloop
  endfacet
  facet normal 0 0 1
    outer loop
      vertex 37.71999999880791 2.6500000002980215 0.15000000000000036
      vertex 37.82931700348854 1.4500000047683699 0.15000000000000036
      vertex 37.9873069152236 1.4588725286722166 0.15000000000000036
    endloop
  endfacet
  facet normal 0 0 1
    outer loop
      vertex 38.669999999999995 3.465 0.15000000000000036
      vertex 37.71999999880791 2.6500000002980215 0.15000000000000036
      vertex 38.91999999433756 2.540682995617388 0.15000000000000036
    endloop
  endfacet
  facet normal 0 0 1
    outer loop
      vertex 37.71999999880791 2.6500000002980215 0.15000000000000036
      vertex 38.81395883858204 2.045413369238375 0.15000000000000036
      vertex 38.85892102122307 2.1539616528153402 0.15000000000000036
    endloop
  endfacet
  facet normal 0 0 1
    outer loop
      vertex 37.71999999880791 2.6500000002980215 0.15000000000000036
      vertex 38.91112747043371 2.38269308388233 0.15000000000000036
      vertex 38.91999999433756 2.540682995617388 0.15000000000000036
    endloop
  endfacet
  facet normal 0 0 1
    outer loop
      vertex 37.71999999880791 2.6500000002980215 0.15000000000000036
      vertex 38.89144687354565 2.2668614032864554 0.15000000000000036
      vertex 38.91112747043371 2.38269308388233 0.15000000000000036
    endloop
  endfacet
  facet normal 0 0 1
    outer loop
      vertex 37.71999999880791 2.6500000002980215 0.15000000000000036
      vertex 38.85892102122307 2.1539616528153402 0.15000000000000036
      vertex 38.89144687354565 2.2668614032864554 0.15000000000000036
    endloop
  endfacet
  facet normal 0 0 1
    outer loop
      vertex 37.71999999880791 2.6500000002980215 0.15000000000000036
      vertex 38.216038443148136 1.511079022586344 0.15000000000000036
      vertex 38.32458660751581 1.556041138172148 0.15000000000000036
    endloop
  endfacet
  facet normal 0 0 1
    outer loop
      vertex 37.71999999880791 2.6500000002980215 0.15000000000000036
      vertex 38.32458660751581 1.556041138172148 0.15000000000000036
      vertex 38.427418164908886 1.61287412971258 0.15000000000000036
    endloop
  endfacet
  facet normal 0 0 1
    outer loop
      vertex 37.71999999880791 2.6500000002980215 0.15000000000000036
      vertex 38.75712586194277 1.9425818341970427 0.15000000000000036
      vertex 38.81395883858204 2.045413369238375 0.15000000000000036
    endloop
  endfacet
  facet normal 0 0 1
    outer loop
      vertex 37.71999999880791 2.6500000002980215 0.15000000000000036
      vertex 38.689136795699596 1.8467602077126486 0.15000000000000036
      vertex 38.75712586194277 1.9425818341970427 0.15000000000000036
    endloop
  endfacet
  facet normal 0 0 1
    outer loop
      vertex 37.71999999880791 2.6500000002980215 0.15000000000000036
      vertex 38.52323979139328 1.6808632034063322 0.15000000000000036
      vertex 38.61084657907486 1.759153420031069 0.15000000000000036
    endloop
  endfacet
  facet normal 0 0 1
    outer loop
      vertex 37.71999999880791 2.6500000002980215 0.15000000000000036
      vertex 38.427418164908886 1.61287412971258 0.15000000000000036
      vertex 38.52323979139328 1.6808632034063322 0.15000000000000036
    endloop
  endfacet
  facet normal 0 0 1
    outer loop
      vertex 37.71999999880791 2.6500000002980215 0.15000000000000036
      vertex 38.61084657907486 1.759153420031069 0.15000000000000036
      vertex 38.689136795699596 1.8467602077126486 0.15000000000000036
    endloop
  endfacet
  facet normal 0 0 1
    outer loop
      vertex 37.71999999880791 2.6500000002980215 0.15000000000000036
      vertex 37.9873069152236 1.4588725286722166 0.15000000000000036
      vertex 38.10313852876425 1.4785531106591208 0.15000000000000036
    endloop
  endfacet
  facet normal 0 0 1
    outer loop
      vertex 37.71999999880791 2.6500000002980215 0.15000000000000036
      vertex 38.10313852876425 1.4785531106591208 0.15000000000000036
      vertex 38.216038443148136 1.511079022586344 0.15000000000000036
    endloop
  endfacet
  facet normal 1 0 0
    outer loop
      vertex 3.609999999999998 21.259999999999998 1.5900000000000007
      vertex 3.609999999999998 3.0699999999999967 0
      vertex 3.609999999999998 21.259999999999998 0
    endloop
  endfacet
  facet normal 0 -1 0
    outer loop
      vertex 3.609999999999998 21.259999999999998 1.5900000000000007
      vertex 3.609999999999998 21.259999999999998 0
      vertex 36.76 21.259999999999998 1.5900000000000007
    endloop
  endfacet
  facet normal 1 0 0
    outer loop
      vertex 3.609999999999998 21.259999999999998 1.5900000000000007
      vertex 3.609999999999998 3.0699999999999967 1.5900000000000007
      vertex 3.609999999999998 3.0699999999999967 0
    endloop
  endfacet
  facet normal 0 1 0
    outer loop
      vertex 3.609999999999998 3.0699999999999967 1.5900000000000007
      vertex 36.76 3.0699999999999967 0
      vertex 3.609999999999998 3.0699999999999967 0
    endloop
  endfacet
  facet normal 0 -1 0
    outer loop
      vertex 36.76 21.259999999999998 1.5900000000000007
      vertex 3.609999999999998 21.259999999999998 0
      vertex 36.76 21.259999999999998 0
    endloop
  endfacet
  facet normal -1 0 0
    outer loop
      vertex 36.76 21.259999999999998 1.5900000000000007
      vertex 36.76 21.259999999999998 0
      vertex 36.76 3.0699999999999967 1.5900000000000007
    endloop
  endfacet
  facet normal 0 1 0
    outer loop
      vertex 3.609999999999998 3.0699999999999967 1.5900000000000007
      vertex 36.76 3.0699999999999967 1.5900000000000007
      vertex 36.76 3.0699999999999967 0
    endloop
  endfacet
  facet normal -1 0 0
    outer loop
      vertex 36.76 3.0699999999999967 1.5900000000000007
      vertex 36.76 21.259999999999998 0
      vertex 36.76 3.0699999999999967 0
    endloop
  endfacet
  facet normal 0 -1 0
    outer loop
      vertex 38.91999999433756 20.865 0.15000000000000036
      vertex 40.36999999731779 20.865 3.360000000000001
      vertex 38.91999999433756 20.865 3.360000000000001
    endloop
  endfacet
  facet normal 0 -1 0
    outer loop
      vertex 38.91999999433756 20.865 0.15000000000000036
      vertex 40.36999999731779 20.865 0
      vertex 40.36999999731779 20.865 3.360000000000001
    endloop
  endfacet
  facet normal 0 -1 0
    outer loop
      vertex 38.669999999999995 20.865 0.15000000000000036
      vertex 38.669999999999995 20.865 0
      vertex 38.91999999433756 20.865 0.15000000000000036
    endloop
  endfacet
  facet normal 0 -1 0
    outer loop
      vertex 38.91999999433756 20.865 0.15000000000000036
      vertex 38.669999999999995 20.865 0
      vertex 40.36999999731779 20.865 0
    endloop
  endfacet
  facet normal 1 0 0
    outer loop
      vertex 38.669999999999995 20.865 0.15000000000000036
      vertex 38.669999999999995 3.465 0
      vertex 38.669999999999995 20.865 0
    endloop
  endfacet
  facet normal 0 1 0
    outer loop
      vertex 38.91999999433756 3.465 0.15000000000000036
      vertex 38.91999999433756 3.465 3.360000000000001
      vertex 40.36999999731779 3.465 3.360000000000001
    endloop
  endfacet
  facet normal 1 0 0
    outer loop
      vertex 38.669999999999995 20.865 0.15000000000000036
      vertex 38.669999999999995 3.465 0.15000000000000036
      vertex 38.669999999999995 3.465 0
    endloop
  endfacet
  facet normal 0 1 0
    outer loop
      vertex 38.91999999433756 3.465 0.15000000000000036
      vertex 40.36999999731779 3.465 3.360000000000001
      vertex 40.36999999731779 3.465 0
    endloop
  endfacet
  facet normal 0 1 0
    outer loop
      vertex 38.669999999999995 3.465 0.15000000000000036
      vertex 38.91999999433756 3.465 0.15000000000000036
      vertex 40.36999999731779 3.465 0
    endloop
  endfacet
  facet normal 0 1 0
    outer loop
      vertex 38.669999999999995 3.465 0.15000000000000036
      vertex 40.36999999731779 3.465 0
      vertex 38.669999999999995 3.465 0
    endloop
  endfacet
endsolid OpenSCAD_Model
