solid OpenSCAD_Model
  facet normal -1 0 0
    outer loop
      vertex 9.411 1.0179712713882183 7.271100836886278
      vertex 9.411 0.9532843272420994 7.392121597344437
      vertex 9.411 1.0179712713882183 8.048899163113722
    endloop
  endfacet
  facet normal -1 0 0
    outer loop
      vertex 9.411 1.105025253169417 7.165025253169417
      vertex 9.411 1.0179712713882183 7.271100836886278
      vertex 9.411 1.105025253169417 8.154974746830584
    endloop
  endfacet
  facet normal -1 0 0
    outer loop
      vertex 9.411 1.4634367745887102 6.973450303717739
      vertex 9.411 1.3321215973444374 7.0132843272421
      vertex 9.411 1.4634367745887102 8.346549696282262
    endloop
  endfacet
  facet normal -1 0 0
    outer loop
      vertex 9.411 1.105025253169417 7.165025253169417
      vertex 9.411 1.2111008368862786 8.242028728611782
      vertex 9.411 1.2111008368862786 7.077971271388218
    endloop
  endfacet
  facet normal -1 0 0
    outer loop
      vertex 9.411 1.3321215973444374 7.0132843272421
      vertex 9.411 1.2111008368862786 7.077971271388218
      vertex 9.411 1.3321215973444374 8.306715672757901
    endloop
  endfacet
  facet normal -1 0 0
    outer loop
      vertex 9.411 0.9532843272420994 7.392121597344437
      vertex 9.411 0.9134503037177388 7.523436774588711
      vertex 9.411 0.9532843272420994 7.927878402655563
    endloop
  endfacet
  facet normal -1 0 0
    outer loop
      vertex 9.411 0.9134503037177388 7.523436774588711
      vertex 9.411 0.9000000000000001 7.66
      vertex 9.411 0.9134503037177388 7.7965632254112895
    endloop
  endfacet
  facet normal -1 0 0
    outer loop
      vertex 9.411 0.9134503037177388 7.523436774588711
      vertex 9.411 0.9134503037177388 7.7965632254112895
      vertex 9.411 0.9532843272420994 7.927878402655563
    endloop
  endfacet
  facet normal -1 0 0
    outer loop
      vertex 9.411 0.9532843272420994 7.392121597344437
      vertex 9.411 0.9532843272420994 7.927878402655563
      vertex 9.411 1.0179712713882183 8.048899163113722
    endloop
  endfacet
  facet normal -1 0 0
    outer loop
      vertex 9.411 1.0179712713882183 7.271100836886278
      vertex 9.411 1.0179712713882183 8.048899163113722
      vertex 9.411 1.105025253169417 8.154974746830584
    endloop
  endfacet
  facet normal -1 0 0
    outer loop
      vertex 9.411 1.105025253169417 7.165025253169417
      vertex 9.411 1.105025253169417 8.154974746830584
      vertex 9.411 1.2111008368862786 8.242028728611782
    endloop
  endfacet
  facet normal -1 0 0
    outer loop
      vertex 9.411 1.2111008368862786 7.077971271388218
      vertex 9.411 1.2111008368862786 8.242028728611782
      vertex 9.411 1.3321215973444374 8.306715672757901
    endloop
  endfacet
  facet normal -1 0 0
    outer loop
      vertex 9.411 1.3321215973444374 7.0132843272421
      vertex 9.411 1.3321215973444374 8.306715672757901
      vertex 9.411 1.4634367745887102 8.346549696282262
    endloop
  endfacet
  facet normal -1 0 0
    outer loop
      vertex 9.411 1.4634367745887102 6.973450303717739
      vertex 9.411 1.4634367745887102 8.346549696282262
      vertex 9.411 1.6 8.36
    endloop
  endfacet
  facet normal -1 0 0
    outer loop
      vertex 9.411 1.4634367745887102 6.973450303717739
      vertex 9.411 1.6 8.36
      vertex 9.411 1.6 6.96
    endloop
  endfacet
  facet normal 0 -0.471396736825995 -0.8819212643483564
    outer loop
      vertex 9.411 1.3321215973444374 7.0132843272421
      vertex 16.411 1.3321215973444374 7.0132843272421
      vertex 9.411 1.2111008368862786 7.077971271388218
    endloop
  endfacet
  facet normal 0 -0.29028467725446583 -0.9569403357322078
    outer loop
      vertex 9.411 1.4634367745887102 6.973450303717739
      vertex 16.411 1.4634367745887102 6.973450303717739
      vertex 9.411 1.3321215973444374 7.0132843272421
    endloop
  endfacet
  facet normal -1.9712641094504982e-20 -0.7730104533627348 -0.6343932841636482
    outer loop
      vertex 9.411 1.105025253169417 7.165025253169417
      vertex 16.411 1.0179712713882183 7.271100836886278
      vertex 9.411 1.0179712713882183 7.271100836886278
    endloop
  endfacet
  facet normal -5.358838281527853e-19 -0.6343932841636465 -0.773010453362736
    outer loop
      vertex 9.411 1.105025253169417 7.165025253169417
      vertex 9.411 1.2111008368862786 7.077971271388218
      vertex 16.411 1.2111008368862786 7.077971271388218
    endloop
  endfacet
  facet normal 6.933330866853123e-20 -0.09801714032956066 -0.9951847266721969
    outer loop
      vertex 9.411 1.4634367745887102 6.973450303717739
      vertex 9.411 1.6 6.96
      vertex 16.411 1.6 6.96
    endloop
  endfacet
  facet normal 0 -0.09801714032956066 -0.9951847266721969
    outer loop
      vertex 9.411 1.4634367745887102 6.973450303717739
      vertex 16.411 1.6 6.96
      vertex 16.411 1.4634367745887102 6.973450303717739
    endloop
  endfacet
  facet normal 0 -0.29028467725446583 -0.9569403357322078
    outer loop
      vertex 9.411 1.3321215973444374 7.0132843272421
      vertex 16.411 1.4634367745887102 6.973450303717739
      vertex 16.411 1.3321215973444374 7.0132843272421
    endloop
  endfacet
  facet normal 0 -0.6343932841636465 -0.773010453362736
    outer loop
      vertex 9.411 1.105025253169417 7.165025253169417
      vertex 16.411 1.2111008368862786 7.077971271388218
      vertex 16.411 1.105025253169417 7.165025253169417
    endloop
  endfacet
  facet normal 0 -0.7730104533627348 -0.6343932841636482
    outer loop
      vertex 9.411 1.105025253169417 7.165025253169417
      vertex 16.411 1.105025253169417 7.165025253169417
      vertex 16.411 1.0179712713882183 7.271100836886278
    endloop
  endfacet
  facet normal 0 -0.8819212643483565 -0.4713967368259949
    outer loop
      vertex 9.411 1.0179712713882183 7.271100836886278
      vertex 16.411 1.0179712713882183 7.271100836886278
      vertex 16.411 0.9532843272420994 7.392121597344437
    endloop
  endfacet
  facet normal 0 -0.471396736825995 -0.8819212643483564
    outer loop
      vertex 9.411 1.2111008368862786 7.077971271388218
      vertex 16.411 1.3321215973444374 7.0132843272421
      vertex 16.411 1.2111008368862786 7.077971271388218
    endloop
  endfacet
  facet normal -7.717584541278582e-19 -0.8819212643483565 -0.4713967368259949
    outer loop
      vertex 9.411 1.0179712713882183 7.271100836886278
      vertex 16.411 0.9532843272420994 7.392121597344437
      vertex 9.411 0.9532843272420994 7.392121597344437
    endloop
  endfacet
  facet normal 6.405127321553376e-20 -0.9569403357322089 -0.29028467725446194
    outer loop
      vertex 9.411 0.9532843272420994 7.392121597344437
      vertex 16.411 0.9134503037177388 7.523436774588711
      vertex 9.411 0.9134503037177388 7.523436774588711
    endloop
  endfacet
  facet normal -3.3103393576676854e-20 -0.9951847266721969 -0.09801714032956098
    outer loop
      vertex 9.411 0.9134503037177388 7.523436774588711
      vertex 16.411 0.9000000000000001 7.66
      vertex 9.411 0.9000000000000001 7.66
    endloop
  endfacet
  facet normal 3.3103393576676854e-20 -0.9951847266721969 0.09801714032956098
    outer loop
      vertex 9.411 0.9000000000000001 7.66
      vertex 16.411 0.9134503037177388 7.7965632254112895
      vertex 9.411 0.9134503037177388 7.7965632254112895
    endloop
  endfacet
  facet normal -6.405127321553376e-20 -0.9569403357322089 0.29028467725446194
    outer loop
      vertex 9.411 0.9134503037177388 7.7965632254112895
      vertex 16.411 0.9532843272420994 7.927878402655563
      vertex 9.411 0.9532843272420994 7.927878402655563
    endloop
  endfacet
  facet normal 7.717584541278582e-19 -0.8819212643483565 0.4713967368259949
    outer loop
      vertex 9.411 0.9532843272420994 7.927878402655563
      vertex 16.411 1.0179712713882183 8.048899163113722
      vertex 9.411 1.0179712713882183 8.048899163113722
    endloop
  endfacet
  facet normal -7.538801405617377e-19 -0.7730104533627374 0.6343932841636449
    outer loop
      vertex 9.411 1.0179712713882183 8.048899163113722
      vertex 16.411 1.105025253169417 8.154974746830584
      vertex 9.411 1.105025253169417 8.154974746830584
    endloop
  endfacet
  facet normal 0 -0.6343932841636427 0.7730104533627392
    outer loop
      vertex 9.411 1.105025253169417 8.154974746830584
      vertex 16.411 1.105025253169417 8.154974746830584
      vertex 9.411 1.2111008368862786 8.242028728611782
    endloop
  endfacet
  facet normal 0 -0.47139673682600003 0.8819212643483537
    outer loop
      vertex 9.411 1.2111008368862786 8.242028728611782
      vertex 16.411 1.2111008368862786 8.242028728611782
      vertex 9.411 1.3321215973444374 8.306715672757901
    endloop
  endfacet
  facet normal 0 -0.2902846772544599 0.9569403357322096
    outer loop
      vertex 9.411 1.3321215973444374 8.306715672757901
      vertex 16.411 1.3321215973444374 8.306715672757901
      vertex 9.411 1.4634367745887102 8.346549696282262
    endloop
  endfacet
  facet normal 0 -0.09801714032955425 0.9951847266721975
    outer loop
      vertex 9.411 1.4634367745887102 8.346549696282262
      vertex 16.411 1.4634367745887102 8.346549696282262
      vertex 9.411 1.6 8.36
    endloop
  endfacet
  facet normal 0 -0.9569403357322089 -0.29028467725446194
    outer loop
      vertex 9.411 0.9532843272420994 7.392121597344437
      vertex 16.411 0.9532843272420994 7.392121597344437
      vertex 16.411 0.9134503037177388 7.523436774588711
    endloop
  endfacet
  facet normal 0 -0.9951847266721969 -0.09801714032956098
    outer loop
      vertex 9.411 0.9134503037177388 7.523436774588711
      vertex 16.411 0.9134503037177388 7.523436774588711
      vertex 16.411 0.9000000000000001 7.66
    endloop
  endfacet
  facet normal 0 -0.9951847266721969 0.09801714032956098
    outer loop
      vertex 9.411 0.9000000000000001 7.66
      vertex 16.411 0.9000000000000001 7.66
      vertex 16.411 0.9134503037177388 7.7965632254112895
    endloop
  endfacet
  facet normal 0 -0.9569403357322089 0.29028467725446194
    outer loop
      vertex 9.411 0.9134503037177388 7.7965632254112895
      vertex 16.411 0.9134503037177388 7.7965632254112895
      vertex 16.411 0.9532843272420994 7.927878402655563
    endloop
  endfacet
  facet normal 0 -0.8819212643483565 0.4713967368259949
    outer loop
      vertex 9.411 0.9532843272420994 7.927878402655563
      vertex 16.411 0.9532843272420994 7.927878402655563
      vertex 16.411 1.0179712713882183 8.048899163113722
    endloop
  endfacet
  facet normal 0 -0.7730104533627374 0.6343932841636449
    outer loop
      vertex 9.411 1.0179712713882183 8.048899163113722
      vertex 16.411 1.0179712713882183 8.048899163113722
      vertex 16.411 1.105025253169417 8.154974746830584
    endloop
  endfacet
  facet normal 0 -0.6343932841636427 0.7730104533627392
    outer loop
      vertex 9.411 1.2111008368862786 8.242028728611782
      vertex 16.411 1.105025253169417 8.154974746830584
      vertex 16.411 1.2111008368862786 8.242028728611782
    endloop
  endfacet
  facet normal 0 -0.47139673682600003 0.8819212643483537
    outer loop
      vertex 9.411 1.3321215973444374 8.306715672757901
      vertex 16.411 1.2111008368862786 8.242028728611782
      vertex 16.411 1.3321215973444374 8.306715672757901
    endloop
  endfacet
  facet normal 0 -0.2902846772544599 0.9569403357322096
    outer loop
      vertex 9.411 1.4634367745887102 8.346549696282262
      vertex 16.411 1.3321215973444374 8.306715672757901
      vertex 16.411 1.4634367745887102 8.346549696282262
    endloop
  endfacet
  facet normal 0 -0.09801714032955425 0.9951847266721975
    outer loop
      vertex 9.411 1.6 8.36
      vertex 16.411 1.4634367745887102 8.346549696282262
      vertex 16.411 1.6 8.36
    endloop
  endfacet
  facet normal 1 0 0
    outer loop
      vertex 16.411 0.9532843272420994 7.392121597344437
      vertex 16.411 0.9134503037177388 7.7965632254112895
      vertex 16.411 0.9134503037177388 7.523436774588711
    endloop
  endfacet
  facet normal 1 0 0
    outer loop
      vertex 16.411 1.105025253169417 7.165025253169417
      vertex 16.411 1.2111008368862786 7.077971271388218
      vertex 16.411 1.105025253169417 8.154974746830584
    endloop
  endfacet
  facet normal 1 0 0
    outer loop
      vertex 16.411 1.105025253169417 7.165025253169417
      vertex 16.411 1.0179712713882183 8.048899163113722
      vertex 16.411 1.0179712713882183 7.271100836886278
    endloop
  endfacet
  facet normal 1 0 0
    outer loop
      vertex 16.411 1.0179712713882183 7.271100836886278
      vertex 16.411 0.9532843272420994 7.927878402655563
      vertex 16.411 0.9532843272420994 7.392121597344437
    endloop
  endfacet
  facet normal 1 0 0
    outer loop
      vertex 16.411 1.3321215973444374 7.0132843272421
      vertex 16.411 1.2111008368862786 8.242028728611782
      vertex 16.411 1.2111008368862786 7.077971271388218
    endloop
  endfacet
  facet normal 1 0 0
    outer loop
      vertex 16.411 1.4634367745887102 6.973450303717739
      vertex 16.411 1.3321215973444374 8.306715672757901
      vertex 16.411 1.3321215973444374 7.0132843272421
    endloop
  endfacet
  facet normal 1 0 0
    outer loop
      vertex 16.411 1.4634367745887102 6.973450303717739
      vertex 16.411 1.6 6.96
      vertex 16.411 1.4634367745887102 8.346549696282262
    endloop
  endfacet
  facet normal 1 0 0
    outer loop
      vertex 16.411 0.9134503037177388 7.523436774588711
      vertex 16.411 0.9134503037177388 7.7965632254112895
      vertex 16.411 0.9000000000000001 7.66
    endloop
  endfacet
  facet normal 1 0 0
    outer loop
      vertex 16.411 0.9532843272420994 7.392121597344437
      vertex 16.411 0.9532843272420994 7.927878402655563
      vertex 16.411 0.9134503037177388 7.7965632254112895
    endloop
  endfacet
  facet normal 1 0 0
    outer loop
      vertex 16.411 1.0179712713882183 7.271100836886278
      vertex 16.411 1.0179712713882183 8.048899163113722
      vertex 16.411 0.9532843272420994 7.927878402655563
    endloop
  endfacet
  facet normal 1 0 0
    outer loop
      vertex 16.411 1.105025253169417 7.165025253169417
      vertex 16.411 1.105025253169417 8.154974746830584
      vertex 16.411 1.0179712713882183 8.048899163113722
    endloop
  endfacet
  facet normal 1 0 0
    outer loop
      vertex 16.411 1.2111008368862786 7.077971271388218
      vertex 16.411 1.2111008368862786 8.242028728611782
      vertex 16.411 1.105025253169417 8.154974746830584
    endloop
  endfacet
  facet normal 1 0 0
    outer loop
      vertex 16.411 1.3321215973444374 7.0132843272421
      vertex 16.411 1.3321215973444374 8.306715672757901
      vertex 16.411 1.2111008368862786 8.242028728611782
    endloop
  endfacet
  facet normal 1 0 0
    outer loop
      vertex 16.411 1.4634367745887102 6.973450303717739
      vertex 16.411 1.4634367745887102 8.346549696282262
      vertex 16.411 1.3321215973444374 8.306715672757901
    endloop
  endfacet
  facet normal 1 0 0
    outer loop
      vertex 16.411 1.6 6.96
      vertex 16.411 1.6 8.36
      vertex 16.411 1.4634367745887102 8.346549696282262
    endloop
  endfacet
  facet normal -1 0 0
    outer loop
      vertex 9.411 22.73 6.960000000000036
      vertex 9.411 22.73 8.36
      vertex 9.411 22.866563225411287 8.346549696282262
    endloop
  endfacet
  facet normal -1 0 0
    outer loop
      vertex 9.411 22.73 6.960000000000036
      vertex 9.411 22.866563225411287 8.346549696282262
      vertex 9.411 22.866563225411287 6.973450303717739
    endloop
  endfacet
  facet normal -1 0 0
    outer loop
      vertex 9.411 22.866563225411287 6.973450303717739
      vertex 9.411 22.99787840265556 8.306715672757901
      vertex 9.411 22.99787840265556 7.0132843272421
    endloop
  endfacet
  facet normal -1 0 0
    outer loop
      vertex 9.411 22.99787840265556 7.0132843272421
      vertex 9.411 23.118899163113717 8.242028728611782
      vertex 9.411 23.118899163113717 7.077971271388218
    endloop
  endfacet
  facet normal -1 0 0
    outer loop
      vertex 9.411 23.118899163113717 7.077971271388218
      vertex 9.411 23.22497474683058 8.154974746830584
      vertex 9.411 23.22497474683058 7.165025253169417
    endloop
  endfacet
  facet normal -1 0 0
    outer loop
      vertex 9.411 23.22497474683058 7.165025253169417
      vertex 9.411 23.31202872861178 8.048899163113722
      vertex 9.411 23.31202872861178 7.271100836886278
    endloop
  endfacet
  facet normal -1 0 0
    outer loop
      vertex 9.411 23.31202872861178 7.271100836886278
      vertex 9.411 23.376715672757896 7.927878402655563
      vertex 9.411 23.376715672757896 7.392121597344437
    endloop
  endfacet
  facet normal -1 0 0
    outer loop
      vertex 9.411 23.376715672757896 7.392121597344437
      vertex 9.411 23.416549696282257 7.7965632254112895
      vertex 9.411 23.416549696282257 7.523436774588711
    endloop
  endfacet
  facet normal -1 0 0
    outer loop
      vertex 9.411 23.118899163113717 7.077971271388218
      vertex 9.411 23.118899163113717 8.242028728611782
      vertex 9.411 23.22497474683058 8.154974746830584
    endloop
  endfacet
  facet normal -1 0 0
    outer loop
      vertex 9.411 23.416549696282257 7.523436774588711
      vertex 9.411 23.416549696282257 7.7965632254112895
      vertex 9.411 23.429999999999996 7.66
    endloop
  endfacet
  facet normal -1 0 0
    outer loop
      vertex 9.411 23.376715672757896 7.392121597344437
      vertex 9.411 23.376715672757896 7.927878402655563
      vertex 9.411 23.416549696282257 7.7965632254112895
    endloop
  endfacet
  facet normal -1 0 0
    outer loop
      vertex 9.411 23.31202872861178 7.271100836886278
      vertex 9.411 23.31202872861178 8.048899163113722
      vertex 9.411 23.376715672757896 7.927878402655563
    endloop
  endfacet
  facet normal -1 0 0
    outer loop
      vertex 9.411 23.22497474683058 7.165025253169417
      vertex 9.411 23.22497474683058 8.154974746830584
      vertex 9.411 23.31202872861178 8.048899163113722
    endloop
  endfacet
  facet normal -1 0 0
    outer loop
      vertex 9.411 22.866563225411287 6.973450303717739
      vertex 9.411 22.866563225411287 8.346549696282262
      vertex 9.411 22.99787840265556 8.306715672757901
    endloop
  endfacet
  facet normal -1 0 0
    outer loop
      vertex 9.411 22.99787840265556 7.0132843272421
      vertex 9.411 22.99787840265556 8.306715672757901
      vertex 9.411 23.118899163113717 8.242028728611782
    endloop
  endfacet
  facet normal -2.8245019751075812e-21 0.09801714032930005 -0.9951847266722226
    outer loop
      vertex 9.411 22.73 6.960000000000036
      vertex 9.411 22.866563225411287 6.973450303717739
      vertex 16.411 22.866563225411287 6.973450303717739
    endloop
  endfacet
  facet normal -3.7711864639066035e-19 0.2902846772544685 -0.9569403357322069
    outer loop
      vertex 9.411 22.866563225411287 6.973450303717739
      vertex 9.411 22.99787840265556 7.0132843272421
      vertex 16.411 22.99787840265556 7.0132843272421
    endloop
  endfacet
  facet normal -3.305351377949921e-19 0.47139673682599637 -0.8819212643483557
    outer loop
      vertex 9.411 22.99787840265556 7.0132843272421
      vertex 9.411 23.118899163113717 7.077971271388218
      vertex 16.411 23.118899163113717 7.077971271388218
    endloop
  endfacet
  facet normal -7.538801405617377e-19 0.6343932841636449 -0.7730104533627374
    outer loop
      vertex 9.411 23.118899163113717 7.077971271388218
      vertex 9.411 23.22497474683058 7.165025253169417
      vertex 16.411 23.22497474683058 7.165025253169417
    endloop
  endfacet
  facet normal 0 0.7730104533627316 -0.6343932841636519
    outer loop
      vertex 9.411 23.22497474683058 7.165025253169417
      vertex 9.411 23.31202872861178 7.271100836886278
      vertex 16.411 23.22497474683058 7.165025253169417
    endloop
  endfacet
  facet normal 0 0.8819212643483598 -0.47139673682598865
    outer loop
      vertex 9.411 23.31202872861178 7.271100836886278
      vertex 9.411 23.376715672757896 7.392121597344437
      vertex 16.411 23.31202872861178 7.271100836886278
    endloop
  endfacet
  facet normal -5.177137930237416e-15 0.09801714032956288 -0.9951847266721967
    outer loop
      vertex 9.411 22.73 6.960000000000036
      vertex 16.411 22.866563225411287 6.973450303717739
      vertex 16.411 22.73 6.96
    endloop
  endfacet
  facet normal 0 0.2902846772544685 -0.9569403357322069
    outer loop
      vertex 9.411 22.866563225411287 6.973450303717739
      vertex 16.411 22.99787840265556 7.0132843272421
      vertex 16.411 22.866563225411287 6.973450303717739
    endloop
  endfacet
  facet normal 0 0.47139673682599637 -0.8819212643483557
    outer loop
      vertex 9.411 22.99787840265556 7.0132843272421
      vertex 16.411 23.118899163113717 7.077971271388218
      vertex 16.411 22.99787840265556 7.0132843272421
    endloop
  endfacet
  facet normal 0 0.6343932841636449 -0.7730104533627374
    outer loop
      vertex 9.411 23.118899163113717 7.077971271388218
      vertex 16.411 23.22497474683058 7.165025253169417
      vertex 16.411 23.118899163113717 7.077971271388218
    endloop
  endfacet
  facet normal 0 0.7730104533627316 -0.6343932841636519
    outer loop
      vertex 9.411 23.31202872861178 7.271100836886278
      vertex 16.411 23.31202872861178 7.271100836886278
      vertex 16.411 23.22497474683058 7.165025253169417
    endloop
  endfacet
  facet normal 5.05086627340236e-15 0.09801714032955645 0.9951847266721973
    outer loop
      vertex 9.411 22.73 8.36
      vertex 16.411 22.73 8.359999999999964
      vertex 9.411 22.866563225411287 8.346549696282262
    endloop
  endfacet
  facet normal 0 0.9569403357322099 -0.290284677254459
    outer loop
      vertex 9.411 23.376715672757896 7.392121597344437
      vertex 9.411 23.416549696282257 7.523436774588711
      vertex 16.411 23.376715672757896 7.392121597344437
    endloop
  endfacet
  facet normal 0 0.9951847266721963 -0.09801714032956739
    outer loop
      vertex 9.411 23.416549696282257 7.523436774588711
      vertex 9.411 23.429999999999996 7.66
      vertex 16.411 23.416549696282257 7.523436774588711
    endloop
  endfacet
  facet normal 0 0.9951847266721963 0.09801714032956739
    outer loop
      vertex 9.411 23.429999999999996 7.66
      vertex 9.411 23.416549696282257 7.7965632254112895
      vertex 16.411 23.429999999999996 7.66
    endloop
  endfacet
  facet normal 0 0.9569403357322099 0.290284677254459
    outer loop
      vertex 9.411 23.416549696282257 7.7965632254112895
      vertex 9.411 23.376715672757896 7.927878402655563
      vertex 16.411 23.416549696282257 7.7965632254112895
    endloop
  endfacet
  facet normal 0 0.8819212643483598 0.47139673682598865
    outer loop
      vertex 9.411 23.376715672757896 7.927878402655563
      vertex 9.411 23.31202872861178 8.048899163113722
      vertex 16.411 23.376715672757896 7.927878402655563
    endloop
  endfacet
  facet normal 0 0.7730104533627342 0.6343932841636489
    outer loop
      vertex 9.411 23.31202872861178 8.048899163113722
      vertex 9.411 23.22497474683058 8.154974746830584
      vertex 16.411 23.31202872861178 8.048899163113722
    endloop
  endfacet
  facet normal 0 0.634393284163641 0.7730104533627405
    outer loop
      vertex 9.411 23.118899163113717 8.242028728611782
      vertex 16.411 23.118899163113717 8.242028728611782
      vertex 9.411 23.22497474683058 8.154974746830584
    endloop
  endfacet
  facet normal 0 0.2902846772544626 0.9569403357322088
    outer loop
      vertex 9.411 22.866563225411287 8.346549696282262
      vertex 16.411 22.866563225411287 8.346549696282262
      vertex 9.411 22.99787840265556 8.306715672757901
    endloop
  endfacet
  facet normal 0 0.4713967368260014 0.881921264348353
    outer loop
      vertex 9.411 22.99787840265556 8.306715672757901
      vertex 16.411 22.99787840265556 8.306715672757901
      vertex 9.411 23.118899163113717 8.242028728611782
    endloop
  endfacet
  facet normal 0 0.8819212643483598 -0.47139673682598865
    outer loop
      vertex 9.411 23.376715672757896 7.392121597344437
      vertex 16.411 23.376715672757896 7.392121597344437
      vertex 16.411 23.31202872861178 7.271100836886278
    endloop
  endfacet
  facet normal 0 0.9569403357322099 -0.290284677254459
    outer loop
      vertex 9.411 23.416549696282257 7.523436774588711
      vertex 16.411 23.416549696282257 7.523436774588711
      vertex 16.411 23.376715672757896 7.392121597344437
    endloop
  endfacet
  facet normal 0 0.9951847266721963 -0.09801714032956739
    outer loop
      vertex 9.411 23.429999999999996 7.66
      vertex 16.411 23.429999999999996 7.66
      vertex 16.411 23.416549696282257 7.523436774588711
    endloop
  endfacet
  facet normal 0 0.9951847266721963 0.09801714032956739
    outer loop
      vertex 9.411 23.416549696282257 7.7965632254112895
      vertex 16.411 23.416549696282257 7.7965632254112895
      vertex 16.411 23.429999999999996 7.66
    endloop
  endfacet
  facet normal 0 0.9569403357322099 0.290284677254459
    outer loop
      vertex 9.411 23.376715672757896 7.927878402655563
      vertex 16.411 23.376715672757896 7.927878402655563
      vertex 16.411 23.416549696282257 7.7965632254112895
    endloop
  endfacet
  facet normal 0 0.8819212643483598 0.47139673682598865
    outer loop
      vertex 9.411 23.31202872861178 8.048899163113722
      vertex 16.411 23.31202872861178 8.048899163113722
      vertex 16.411 23.376715672757896 7.927878402655563
    endloop
  endfacet
  facet normal 0 0.09801714032930005 0.9951847266722226
    outer loop
      vertex 9.411 22.866563225411287 8.346549696282262
      vertex 16.411 22.73 8.359999999999964
      vertex 16.411 22.866563225411287 8.346549696282262
    endloop
  endfacet
  facet normal 0 0.2902846772544626 0.9569403357322088
    outer loop
      vertex 9.411 22.99787840265556 8.306715672757901
      vertex 16.411 22.866563225411287 8.346549696282262
      vertex 16.411 22.99787840265556 8.306715672757901
    endloop
  endfacet
  facet normal 0 0.4713967368260014 0.881921264348353
    outer loop
      vertex 9.411 23.118899163113717 8.242028728611782
      vertex 16.411 22.99787840265556 8.306715672757901
      vertex 16.411 23.118899163113717 8.242028728611782
    endloop
  endfacet
  facet normal 0 0.7730104533627342 0.6343932841636489
    outer loop
      vertex 9.411 23.22497474683058 8.154974746830584
      vertex 16.411 23.22497474683058 8.154974746830584
      vertex 16.411 23.31202872861178 8.048899163113722
    endloop
  endfacet
  facet normal 0 0.634393284163641 0.7730104533627405
    outer loop
      vertex 9.411 23.22497474683058 8.154974746830584
      vertex 16.411 23.118899163113717 8.242028728611782
      vertex 16.411 23.22497474683058 8.154974746830584
    endloop
  endfacet
  facet normal 1 0 0
    outer loop
      vertex 16.411 22.73 6.96
      vertex 16.411 22.866563225411287 6.973450303717739
      vertex 16.411 22.73 8.359999999999964
    endloop
  endfacet
  facet normal 1 0 0
    outer loop
      vertex 16.411 22.866563225411287 6.973450303717739
      vertex 16.411 22.99787840265556 7.0132843272421
      vertex 16.411 22.866563225411287 8.346549696282262
    endloop
  endfacet
  facet normal 1 0 0
    outer loop
      vertex 16.411 22.99787840265556 7.0132843272421
      vertex 16.411 23.118899163113717 7.077971271388218
      vertex 16.411 22.99787840265556 8.306715672757901
    endloop
  endfacet
  facet normal 1 0 0
    outer loop
      vertex 16.411 23.118899163113717 7.077971271388218
      vertex 16.411 23.22497474683058 7.165025253169417
      vertex 16.411 23.118899163113717 8.242028728611782
    endloop
  endfacet
  facet normal 1 0 0
    outer loop
      vertex 16.411 23.22497474683058 7.165025253169417
      vertex 16.411 23.31202872861178 7.271100836886278
      vertex 16.411 23.22497474683058 8.154974746830584
    endloop
  endfacet
  facet normal 1 0 0
    outer loop
      vertex 16.411 23.31202872861178 7.271100836886278
      vertex 16.411 23.376715672757896 7.392121597344437
      vertex 16.411 23.31202872861178 8.048899163113722
    endloop
  endfacet
  facet normal 1 0 0
    outer loop
      vertex 16.411 23.376715672757896 7.392121597344437
      vertex 16.411 23.416549696282257 7.523436774588711
      vertex 16.411 23.376715672757896 7.927878402655563
    endloop
  endfacet
  facet normal 1 0 0
    outer loop
      vertex 16.411 23.416549696282257 7.523436774588711
      vertex 16.411 23.429999999999996 7.66
      vertex 16.411 23.416549696282257 7.7965632254112895
    endloop
  endfacet
  facet normal 1 0 0
    outer loop
      vertex 16.411 23.31202872861178 7.271100836886278
      vertex 16.411 23.31202872861178 8.048899163113722
      vertex 16.411 23.22497474683058 8.154974746830584
    endloop
  endfacet
  facet normal 1 0 0
    outer loop
      vertex 16.411 23.376715672757896 7.392121597344437
      vertex 16.411 23.376715672757896 7.927878402655563
      vertex 16.411 23.31202872861178 8.048899163113722
    endloop
  endfacet
  facet normal 1 0 0
    outer loop
      vertex 16.411 23.416549696282257 7.523436774588711
      vertex 16.411 23.416549696282257 7.7965632254112895
      vertex 16.411 23.376715672757896 7.927878402655563
    endloop
  endfacet
  facet normal 1 0 0
    outer loop
      vertex 16.411 22.866563225411287 6.973450303717739
      vertex 16.411 22.866563225411287 8.346549696282262
      vertex 16.411 22.73 8.359999999999964
    endloop
  endfacet
  facet normal 1 0 0
    outer loop
      vertex 16.411 22.99787840265556 7.0132843272421
      vertex 16.411 22.99787840265556 8.306715672757901
      vertex 16.411 22.866563225411287 8.346549696282262
    endloop
  endfacet
  facet normal 1 0 0
    outer loop
      vertex 16.411 23.118899163113717 7.077971271388218
      vertex 16.411 23.118899163113717 8.242028728611782
      vertex 16.411 22.99787840265556 8.306715672757901
    endloop
  endfacet
  facet normal 1 0 0
    outer loop
      vertex 16.411 23.22497474683058 7.165025253169417
      vertex 16.411 23.22497474683058 8.154974746830584
      vertex 16.411 23.118899163113717 8.242028728611782
    endloop
  endfacet
  facet normal -1 0 0
    outer loop
      vertex 23.958999999999996 1.0179712713882183 7.271100836886278
      vertex 23.958999999999996 0.9532843272420994 7.392121597344437
      vertex 23.958999999999996 1.0179712713882183 8.048899163113722
    endloop
  endfacet
  facet normal -1 0 0
    outer loop
      vertex 23.958999999999996 1.105025253169417 7.165025253169417
      vertex 23.958999999999996 1.0179712713882183 7.271100836886278
      vertex 23.958999999999996 1.105025253169417 8.154974746830584
    endloop
  endfacet
  facet normal -1 0 0
    outer loop
      vertex 23.958999999999996 1.4634367745887102 6.973450303717739
      vertex 23.958999999999996 1.3321215973444374 7.0132843272421
      vertex 23.958999999999996 1.4634367745887102 8.346549696282262
    endloop
  endfacet
  facet normal -1 0 0
    outer loop
      vertex 23.958999999999996 1.105025253169417 7.165025253169417
      vertex 23.958999999999996 1.2111008368862786 8.242028728611782
      vertex 23.958999999999996 1.2111008368862786 7.077971271388218
    endloop
  endfacet
  facet normal -1 0 0
    outer loop
      vertex 23.958999999999996 1.3321215973444374 7.0132843272421
      vertex 23.958999999999996 1.2111008368862786 7.077971271388218
      vertex 23.958999999999996 1.3321215973444374 8.306715672757901
    endloop
  endfacet
  facet normal -1 0 0
    outer loop
      vertex 23.958999999999996 0.9532843272420994 7.392121597344437
      vertex 23.958999999999996 0.9134503037177388 7.523436774588711
      vertex 23.958999999999996 0.9532843272420994 7.927878402655563
    endloop
  endfacet
  facet normal -1 0 0
    outer loop
      vertex 23.958999999999996 0.9134503037177388 7.523436774588711
      vertex 23.958999999999996 0.9000000000000001 7.66
      vertex 23.958999999999996 0.9134503037177388 7.7965632254112895
    endloop
  endfacet
  facet normal -1 0 0
    outer loop
      vertex 23.958999999999996 0.9134503037177388 7.523436774588711
      vertex 23.958999999999996 0.9134503037177388 7.7965632254112895
      vertex 23.958999999999996 0.9532843272420994 7.927878402655563
    endloop
  endfacet
  facet normal -1 0 0
    outer loop
      vertex 23.958999999999996 0.9532843272420994 7.392121597344437
      vertex 23.958999999999996 0.9532843272420994 7.927878402655563
      vertex 23.958999999999996 1.0179712713882183 8.048899163113722
    endloop
  endfacet
  facet normal -1 0 0
    outer loop
      vertex 23.958999999999996 1.0179712713882183 7.271100836886278
      vertex 23.958999999999996 1.0179712713882183 8.048899163113722
      vertex 23.958999999999996 1.105025253169417 8.154974746830584
    endloop
  endfacet
  facet normal -1 0 0
    outer loop
      vertex 23.958999999999996 1.105025253169417 7.165025253169417
      vertex 23.958999999999996 1.105025253169417 8.154974746830584
      vertex 23.958999999999996 1.2111008368862786 8.242028728611782
    endloop
  endfacet
  facet normal -1 0 0
    outer loop
      vertex 23.958999999999996 1.2111008368862786 7.077971271388218
      vertex 23.958999999999996 1.2111008368862786 8.242028728611782
      vertex 23.958999999999996 1.3321215973444374 8.306715672757901
    endloop
  endfacet
  facet normal -1 0 0
    outer loop
      vertex 23.958999999999996 1.3321215973444374 7.0132843272421
      vertex 23.958999999999996 1.3321215973444374 8.306715672757901
      vertex 23.958999999999996 1.4634367745887102 8.346549696282262
    endloop
  endfacet
  facet normal -1 0 0
    outer loop
      vertex 23.958999999999996 1.4634367745887102 6.973450303717739
      vertex 23.958999999999996 1.4634367745887102 8.346549696282262
      vertex 23.958999999999996 1.6 8.36
    endloop
  endfacet
  facet normal -1 0 0
    outer loop
      vertex 23.958999999999996 1.4634367745887102 6.973450303717739
      vertex 23.958999999999996 1.6 8.36
      vertex 23.958999999999996 1.6 6.96
    endloop
  endfacet
  facet normal 0 -0.47139673682599503 -0.8819212643483565
    outer loop
      vertex 23.958999999999996 1.3321215973444374 7.0132843272421
      vertex 30.958999999999996 1.3321215973444374 7.0132843272421
      vertex 23.958999999999996 1.2111008368862786 7.077971271388218
    endloop
  endfacet
  facet normal 0 -0.29028467725446583 -0.9569403357322078
    outer loop
      vertex 23.958999999999996 1.4634367745887102 6.973450303717739
      vertex 30.958999999999996 1.4634367745887102 6.973450303717739
      vertex 23.958999999999996 1.3321215973444374 7.0132843272421
    endloop
  endfacet
  facet normal -1.9712641094504988e-20 -0.7730104533627347 -0.6343932841636482
    outer loop
      vertex 23.958999999999996 1.105025253169417 7.165025253169417
      vertex 30.958999999999996 1.0179712713882183 7.271100836886278
      vertex 23.958999999999996 1.0179712713882183 7.271100836886278
    endloop
  endfacet
  facet normal -5.358838281527855e-19 -0.6343932841636466 -0.773010453362736
    outer loop
      vertex 23.958999999999996 1.105025253169417 7.165025253169417
      vertex 23.958999999999996 1.2111008368862786 7.077971271388218
      vertex 30.958999999999996 1.2111008368862786 7.077971271388218
    endloop
  endfacet
  facet normal 6.933330866853126e-20 -0.09801714032956066 -0.9951847266721969
    outer loop
      vertex 23.958999999999996 1.4634367745887102 6.973450303717739
      vertex 23.958999999999996 1.6 6.96
      vertex 30.958999999999996 1.6 6.96
    endloop
  endfacet
  facet normal 0 -0.09801714032956066 -0.9951847266721969
    outer loop
      vertex 23.958999999999996 1.4634367745887102 6.973450303717739
      vertex 30.958999999999996 1.6 6.96
      vertex 30.958999999999996 1.4634367745887102 6.973450303717739
    endloop
  endfacet
  facet normal 0 -0.29028467725446583 -0.9569403357322078
    outer loop
      vertex 23.958999999999996 1.3321215973444374 7.0132843272421
      vertex 30.958999999999996 1.4634367745887102 6.973450303717739
      vertex 30.958999999999996 1.3321215973444374 7.0132843272421
    endloop
  endfacet
  facet normal 0 -0.6343932841636466 -0.773010453362736
    outer loop
      vertex 23.958999999999996 1.105025253169417 7.165025253169417
      vertex 30.958999999999996 1.2111008368862786 7.077971271388218
      vertex 30.958999999999996 1.105025253169417 7.165025253169417
    endloop
  endfacet
  facet normal 0 -0.7730104533627347 -0.6343932841636482
    outer loop
      vertex 23.958999999999996 1.105025253169417 7.165025253169417
      vertex 30.958999999999996 1.105025253169417 7.165025253169417
      vertex 30.958999999999996 1.0179712713882183 7.271100836886278
    endloop
  endfacet
  facet normal 0 -0.8819212643483564 -0.4713967368259949
    outer loop
      vertex 23.958999999999996 1.0179712713882183 7.271100836886278
      vertex 30.958999999999996 1.0179712713882183 7.271100836886278
      vertex 30.958999999999996 0.9532843272420994 7.392121597344437
    endloop
  endfacet
  facet normal 0 -0.47139673682599503 -0.8819212643483565
    outer loop
      vertex 23.958999999999996 1.2111008368862786 7.077971271388218
      vertex 30.958999999999996 1.3321215973444374 7.0132843272421
      vertex 30.958999999999996 1.2111008368862786 7.077971271388218
    endloop
  endfacet
  facet normal -7.717584541278584e-19 -0.8819212643483564 -0.4713967368259949
    outer loop
      vertex 23.958999999999996 1.0179712713882183 7.271100836886278
      vertex 30.958999999999996 0.9532843272420994 7.392121597344437
      vertex 23.958999999999996 0.9532843272420994 7.392121597344437
    endloop
  endfacet
  facet normal 6.405127321553378e-20 -0.9569403357322089 -0.29028467725446194
    outer loop
      vertex 23.958999999999996 0.9532843272420994 7.392121597344437
      vertex 30.958999999999996 0.9134503037177388 7.523436774588711
      vertex 23.958999999999996 0.9134503037177388 7.523436774588711
    endloop
  endfacet
  facet normal -3.3103393576676866e-20 -0.9951847266721969 -0.09801714032956098
    outer loop
      vertex 23.958999999999996 0.9134503037177388 7.523436774588711
      vertex 30.958999999999996 0.9000000000000001 7.66
      vertex 23.958999999999996 0.9000000000000001 7.66
    endloop
  endfacet
  facet normal 3.3103393576676866e-20 -0.9951847266721969 0.09801714032956098
    outer loop
      vertex 23.958999999999996 0.9000000000000001 7.66
      vertex 30.958999999999996 0.9134503037177388 7.7965632254112895
      vertex 23.958999999999996 0.9134503037177388 7.7965632254112895
    endloop
  endfacet
  facet normal -6.405127321553378e-20 -0.9569403357322089 0.29028467725446194
    outer loop
      vertex 23.958999999999996 0.9134503037177388 7.7965632254112895
      vertex 30.958999999999996 0.9532843272420994 7.927878402655563
      vertex 23.958999999999996 0.9532843272420994 7.927878402655563
    endloop
  endfacet
  facet normal 7.717584541278584e-19 -0.8819212643483564 0.4713967368259949
    outer loop
      vertex 23.958999999999996 0.9532843272420994 7.927878402655563
      vertex 30.958999999999996 1.0179712713882183 8.048899163113722
      vertex 23.958999999999996 1.0179712713882183 8.048899163113722
    endloop
  endfacet
  facet normal -7.538801405617379e-19 -0.7730104533627373 0.634393284163645
    outer loop
      vertex 23.958999999999996 1.0179712713882183 8.048899163113722
      vertex 30.958999999999996 1.105025253169417 8.154974746830584
      vertex 23.958999999999996 1.105025253169417 8.154974746830584
    endloop
  endfacet
  facet normal 0 -0.6343932841636427 0.7730104533627392
    outer loop
      vertex 23.958999999999996 1.105025253169417 8.154974746830584
      vertex 30.958999999999996 1.105025253169417 8.154974746830584
      vertex 23.958999999999996 1.2111008368862786 8.242028728611782
    endloop
  endfacet
  facet normal 0 -0.4713967368260001 0.8819212643483538
    outer loop
      vertex 23.958999999999996 1.2111008368862786 8.242028728611782
      vertex 30.958999999999996 1.2111008368862786 8.242028728611782
      vertex 23.958999999999996 1.3321215973444374 8.306715672757901
    endloop
  endfacet
  facet normal 0 -0.2902846772544599 0.9569403357322096
    outer loop
      vertex 23.958999999999996 1.3321215973444374 8.306715672757901
      vertex 30.958999999999996 1.3321215973444374 8.306715672757901
      vertex 23.958999999999996 1.4634367745887102 8.346549696282262
    endloop
  endfacet
  facet normal 0 -0.09801714032955425 0.9951847266721975
    outer loop
      vertex 23.958999999999996 1.4634367745887102 8.346549696282262
      vertex 30.958999999999996 1.4634367745887102 8.346549696282262
      vertex 23.958999999999996 1.6 8.36
    endloop
  endfacet
  facet normal 0 -0.9569403357322089 -0.29028467725446194
    outer loop
      vertex 23.958999999999996 0.9532843272420994 7.392121597344437
      vertex 30.958999999999996 0.9532843272420994 7.392121597344437
      vertex 30.958999999999996 0.9134503037177388 7.523436774588711
    endloop
  endfacet
  facet normal 0 -0.9951847266721969 -0.09801714032956098
    outer loop
      vertex 23.958999999999996 0.9134503037177388 7.523436774588711
      vertex 30.958999999999996 0.9134503037177388 7.523436774588711
      vertex 30.958999999999996 0.9000000000000001 7.66
    endloop
  endfacet
  facet normal 0 -0.9951847266721969 0.09801714032956098
    outer loop
      vertex 23.958999999999996 0.9000000000000001 7.66
      vertex 30.958999999999996 0.9000000000000001 7.66
      vertex 30.958999999999996 0.9134503037177388 7.7965632254112895
    endloop
  endfacet
  facet normal 0 -0.9569403357322089 0.29028467725446194
    outer loop
      vertex 23.958999999999996 0.9134503037177388 7.7965632254112895
      vertex 30.958999999999996 0.9134503037177388 7.7965632254112895
      vertex 30.958999999999996 0.9532843272420994 7.927878402655563
    endloop
  endfacet
  facet normal 0 -0.8819212643483564 0.4713967368259949
    outer loop
      vertex 23.958999999999996 0.9532843272420994 7.927878402655563
      vertex 30.958999999999996 0.9532843272420994 7.927878402655563
      vertex 30.958999999999996 1.0179712713882183 8.048899163113722
    endloop
  endfacet
  facet normal 0 -0.7730104533627373 0.634393284163645
    outer loop
      vertex 23.958999999999996 1.0179712713882183 8.048899163113722
      vertex 30.958999999999996 1.0179712713882183 8.048899163113722
      vertex 30.958999999999996 1.105025253169417 8.154974746830584
    endloop
  endfacet
  facet normal 0 -0.6343932841636427 0.7730104533627392
    outer loop
      vertex 23.958999999999996 1.2111008368862786 8.242028728611782
      vertex 30.958999999999996 1.105025253169417 8.154974746830584
      vertex 30.958999999999996 1.2111008368862786 8.242028728611782
    endloop
  endfacet
  facet normal 0 -0.4713967368260001 0.8819212643483538
    outer loop
      vertex 23.958999999999996 1.3321215973444374 8.306715672757901
      vertex 30.958999999999996 1.2111008368862786 8.242028728611782
      vertex 30.958999999999996 1.3321215973444374 8.306715672757901
    endloop
  endfacet
  facet normal 0 -0.2902846772544599 0.9569403357322096
    outer loop
      vertex 23.958999999999996 1.4634367745887102 8.346549696282262
      vertex 30.958999999999996 1.3321215973444374 8.306715672757901
      vertex 30.958999999999996 1.4634367745887102 8.346549696282262
    endloop
  endfacet
  facet normal 0 -0.09801714032955425 0.9951847266721975
    outer loop
      vertex 23.958999999999996 1.6 8.36
      vertex 30.958999999999996 1.4634367745887102 8.346549696282262
      vertex 30.958999999999996 1.6 8.36
    endloop
  endfacet
  facet normal 1 0 0
    outer loop
      vertex 30.958999999999996 0.9532843272420994 7.392121597344437
      vertex 30.958999999999996 0.9134503037177388 7.7965632254112895
      vertex 30.958999999999996 0.9134503037177388 7.523436774588711
    endloop
  endfacet
  facet normal 1 0 0
    outer loop
      vertex 30.958999999999996 1.105025253169417 7.165025253169417
      vertex 30.958999999999996 1.2111008368862786 7.077971271388218
      vertex 30.958999999999996 1.105025253169417 8.154974746830584
    endloop
  endfacet
  facet normal 1 0 0
    outer loop
      vertex 30.958999999999996 1.105025253169417 7.165025253169417
      vertex 30.958999999999996 1.0179712713882183 8.048899163113722
      vertex 30.958999999999996 1.0179712713882183 7.271100836886278
    endloop
  endfacet
  facet normal 1 0 0
    outer loop
      vertex 30.958999999999996 1.0179712713882183 7.271100836886278
      vertex 30.958999999999996 0.9532843272420994 7.927878402655563
      vertex 30.958999999999996 0.9532843272420994 7.392121597344437
    endloop
  endfacet
  facet normal 1 0 0
    outer loop
      vertex 30.958999999999996 1.3321215973444374 7.0132843272421
      vertex 30.958999999999996 1.2111008368862786 8.242028728611782
      vertex 30.958999999999996 1.2111008368862786 7.077971271388218
    endloop
  endfacet
  facet normal 1 0 0
    outer loop
      vertex 30.958999999999996 1.4634367745887102 6.973450303717739
      vertex 30.958999999999996 1.3321215973444374 8.306715672757901
      vertex 30.958999999999996 1.3321215973444374 7.0132843272421
    endloop
  endfacet
  facet normal 1 0 0
    outer loop
      vertex 30.958999999999996 1.4634367745887102 6.973450303717739
      vertex 30.958999999999996 1.6 6.96
      vertex 30.958999999999996 1.4634367745887102 8.346549696282262
    endloop
  endfacet
  facet normal 1 0 0
    outer loop
      vertex 30.958999999999996 0.9134503037177388 7.523436774588711
      vertex 30.958999999999996 0.9134503037177388 7.7965632254112895
      vertex 30.958999999999996 0.9000000000000001 7.66
    endloop
  endfacet
  facet normal 1 0 0
    outer loop
      vertex 30.958999999999996 0.9532843272420994 7.392121597344437
      vertex 30.958999999999996 0.9532843272420994 7.927878402655563
      vertex 30.958999999999996 0.9134503037177388 7.7965632254112895
    endloop
  endfacet
  facet normal 1 0 0
    outer loop
      vertex 30.958999999999996 1.0179712713882183 7.271100836886278
      vertex 30.958999999999996 1.0179712713882183 8.048899163113722
      vertex 30.958999999999996 0.9532843272420994 7.927878402655563
    endloop
  endfacet
  facet normal 1 0 0
    outer loop
      vertex 30.958999999999996 1.105025253169417 7.165025253169417
      vertex 30.958999999999996 1.105025253169417 8.154974746830584
      vertex 30.958999999999996 1.0179712713882183 8.048899163113722
    endloop
  endfacet
  facet normal 1 0 0
    outer loop
      vertex 30.958999999999996 1.2111008368862786 7.077971271388218
      vertex 30.958999999999996 1.2111008368862786 8.242028728611782
      vertex 30.958999999999996 1.105025253169417 8.154974746830584
    endloop
  endfacet
  facet normal 1 0 0
    outer loop
      vertex 30.958999999999996 1.3321215973444374 7.0132843272421
      vertex 30.958999999999996 1.3321215973444374 8.306715672757901
      vertex 30.958999999999996 1.2111008368862786 8.242028728611782
    endloop
  endfacet
  facet normal 1 0 0
    outer loop
      vertex 30.958999999999996 1.4634367745887102 6.973450303717739
      vertex 30.958999999999996 1.4634367745887102 8.346549696282262
      vertex 30.958999999999996 1.3321215973444374 8.306715672757901
    endloop
  endfacet
  facet normal 1 0 0
    outer loop
      vertex 30.958999999999996 1.6 6.96
      vertex 30.958999999999996 1.6 8.36
      vertex 30.958999999999996 1.4634367745887102 8.346549696282262
    endloop
  endfacet
  facet normal -1 0 0
    outer loop
      vertex 23.958999999999996 22.73 6.960000000000036
      vertex 23.958999999999996 22.73 8.36
      vertex 23.958999999999996 22.866563225411287 8.346549696282262
    endloop
  endfacet
  facet normal -1 0 0
    outer loop
      vertex 23.958999999999996 22.73 6.960000000000036
      vertex 23.958999999999996 22.866563225411287 8.346549696282262
      vertex 23.958999999999996 22.866563225411287 6.973450303717739
    endloop
  endfacet
  facet normal -1 0 0
    outer loop
      vertex 23.958999999999996 22.866563225411287 6.973450303717739
      vertex 23.958999999999996 22.99787840265556 8.306715672757901
      vertex 23.958999999999996 22.99787840265556 7.0132843272421
    endloop
  endfacet
  facet normal -1 0 0
    outer loop
      vertex 23.958999999999996 22.99787840265556 7.0132843272421
      vertex 23.958999999999996 23.118899163113717 8.242028728611782
      vertex 23.958999999999996 23.118899163113717 7.077971271388218
    endloop
  endfacet
  facet normal -1 0 0
    outer loop
      vertex 23.958999999999996 23.118899163113717 7.077971271388218
      vertex 23.958999999999996 23.22497474683058 8.154974746830584
      vertex 23.958999999999996 23.22497474683058 7.165025253169417
    endloop
  endfacet
  facet normal -1 0 0
    outer loop
      vertex 23.958999999999996 23.22497474683058 7.165025253169417
      vertex 23.958999999999996 23.31202872861178 8.048899163113722
      vertex 23.958999999999996 23.31202872861178 7.271100836886278
    endloop
  endfacet
  facet normal -1 0 0
    outer loop
      vertex 23.958999999999996 23.31202872861178 7.271100836886278
      vertex 23.958999999999996 23.376715672757896 7.927878402655563
      vertex 23.958999999999996 23.376715672757896 7.392121597344437
    endloop
  endfacet
  facet normal -1 0 0
    outer loop
      vertex 23.958999999999996 23.376715672757896 7.392121597344437
      vertex 23.958999999999996 23.416549696282257 7.7965632254112895
      vertex 23.958999999999996 23.416549696282257 7.523436774588711
    endloop
  endfacet
  facet normal -1 0 0
    outer loop
      vertex 23.958999999999996 23.118899163113717 7.077971271388218
      vertex 23.958999999999996 23.118899163113717 8.242028728611782
      vertex 23.958999999999996 23.22497474683058 8.154974746830584
    endloop
  endfacet
  facet normal -1 0 0
    outer loop
      vertex 23.958999999999996 23.416549696282257 7.523436774588711
      vertex 23.958999999999996 23.416549696282257 7.7965632254112895
      vertex 23.958999999999996 23.429999999999996 7.66
    endloop
  endfacet
  facet normal -1 0 0
    outer loop
      vertex 23.958999999999996 23.376715672757896 7.392121597344437
      vertex 23.958999999999996 23.376715672757896 7.927878402655563
      vertex 23.958999999999996 23.416549696282257 7.7965632254112895
    endloop
  endfacet
  facet normal -1 0 0
    outer loop
      vertex 23.958999999999996 23.31202872861178 7.271100836886278
      vertex 23.958999999999996 23.31202872861178 8.048899163113722
      vertex 23.958999999999996 23.376715672757896 7.927878402655563
    endloop
  endfacet
  facet normal -1 0 0
    outer loop
      vertex 23.958999999999996 23.22497474683058 7.165025253169417
      vertex 23.958999999999996 23.22497474683058 8.154974746830584
      vertex 23.958999999999996 23.31202872861178 8.048899163113722
    endloop
  endfacet
  facet normal -1 0 0
    outer loop
      vertex 23.958999999999996 22.866563225411287 6.973450303717739
      vertex 23.958999999999996 22.866563225411287 8.346549696282262
      vertex 23.958999999999996 22.99787840265556 8.306715672757901
    endloop
  endfacet
  facet normal -1 0 0
    outer loop
      vertex 23.958999999999996 22.99787840265556 7.0132843272421
      vertex 23.958999999999996 22.99787840265556 8.306715672757901
      vertex 23.958999999999996 23.118899163113717 8.242028728611782
    endloop
  endfacet
  facet normal -2.824501975107582e-21 0.09801714032930005 -0.9951847266722226
    outer loop
      vertex 23.958999999999996 22.73 6.960000000000036
      vertex 23.958999999999996 22.866563225411287 6.973450303717739
      vertex 30.958999999999996 22.866563225411287 6.973450303717739
    endloop
  endfacet
  facet normal -3.7711864639066045e-19 0.2902846772544685 -0.9569403357322069
    outer loop
      vertex 23.958999999999996 22.866563225411287 6.973450303717739
      vertex 23.958999999999996 22.99787840265556 7.0132843272421
      vertex 30.958999999999996 22.99787840265556 7.0132843272421
    endloop
  endfacet
  facet normal -3.305351377949922e-19 0.4713967368259964 -0.8819212643483558
    outer loop
      vertex 23.958999999999996 22.99787840265556 7.0132843272421
      vertex 23.958999999999996 23.118899163113717 7.077971271388218
      vertex 30.958999999999996 23.118899163113717 7.077971271388218
    endloop
  endfacet
  facet normal -7.538801405617379e-19 0.634393284163645 -0.7730104533627373
    outer loop
      vertex 23.958999999999996 23.118899163113717 7.077971271388218
      vertex 23.958999999999996 23.22497474683058 7.165025253169417
      vertex 30.958999999999996 23.22497474683058 7.165025253169417
    endloop
  endfacet
  facet normal 0 0.7730104533627316 -0.634393284163652
    outer loop
      vertex 23.958999999999996 23.22497474683058 7.165025253169417
      vertex 23.958999999999996 23.31202872861178 7.271100836886278
      vertex 30.958999999999996 23.22497474683058 7.165025253169417
    endloop
  endfacet
  facet normal 0 0.8819212643483598 -0.4713967368259886
    outer loop
      vertex 23.958999999999996 23.31202872861178 7.271100836886278
      vertex 23.958999999999996 23.376715672757896 7.392121597344437
      vertex 30.958999999999996 23.31202872861178 7.271100836886278
    endloop
  endfacet
  facet normal -5.177137930237417e-15 0.09801714032956287 -0.9951847266721967
    outer loop
      vertex 23.958999999999996 22.73 6.960000000000036
      vertex 30.958999999999996 22.866563225411287 6.973450303717739
      vertex 30.958999999999996 22.73 6.96
    endloop
  endfacet
  facet normal 0 0.2902846772544685 -0.9569403357322069
    outer loop
      vertex 23.958999999999996 22.866563225411287 6.973450303717739
      vertex 30.958999999999996 22.99787840265556 7.0132843272421
      vertex 30.958999999999996 22.866563225411287 6.973450303717739
    endloop
  endfacet
  facet normal 0 0.4713967368259964 -0.8819212643483558
    outer loop
      vertex 23.958999999999996 22.99787840265556 7.0132843272421
      vertex 30.958999999999996 23.118899163113717 7.077971271388218
      vertex 30.958999999999996 22.99787840265556 7.0132843272421
    endloop
  endfacet
  facet normal 0 0.634393284163645 -0.7730104533627373
    outer loop
      vertex 23.958999999999996 23.118899163113717 7.077971271388218
      vertex 30.958999999999996 23.22497474683058 7.165025253169417
      vertex 30.958999999999996 23.118899163113717 7.077971271388218
    endloop
  endfacet
  facet normal 0 0.7730104533627316 -0.634393284163652
    outer loop
      vertex 23.958999999999996 23.31202872861178 7.271100836886278
      vertex 30.958999999999996 23.31202872861178 7.271100836886278
      vertex 30.958999999999996 23.22497474683058 7.165025253169417
    endloop
  endfacet
  facet normal 5.050866273402362e-15 0.09801714032955645 0.9951847266721973
    outer loop
      vertex 23.958999999999996 22.73 8.36
      vertex 30.958999999999996 22.73 8.359999999999964
      vertex 23.958999999999996 22.866563225411287 8.346549696282262
    endloop
  endfacet
  facet normal 0 0.9569403357322098 -0.29028467725445894
    outer loop
      vertex 23.958999999999996 23.376715672757896 7.392121597344437
      vertex 23.958999999999996 23.416549696282257 7.523436774588711
      vertex 30.958999999999996 23.376715672757896 7.392121597344437
    endloop
  endfacet
  facet normal 0 0.9951847266721963 -0.09801714032956738
    outer loop
      vertex 23.958999999999996 23.416549696282257 7.523436774588711
      vertex 23.958999999999996 23.429999999999996 7.66
      vertex 30.958999999999996 23.416549696282257 7.523436774588711
    endloop
  endfacet
  facet normal 0 0.9951847266721963 0.09801714032956738
    outer loop
      vertex 23.958999999999996 23.429999999999996 7.66
      vertex 23.958999999999996 23.416549696282257 7.7965632254112895
      vertex 30.958999999999996 23.429999999999996 7.66
    endloop
  endfacet
  facet normal 0 0.9569403357322098 0.29028467725445894
    outer loop
      vertex 23.958999999999996 23.416549696282257 7.7965632254112895
      vertex 23.958999999999996 23.376715672757896 7.927878402655563
      vertex 30.958999999999996 23.416549696282257 7.7965632254112895
    endloop
  endfacet
  facet normal 0 0.8819212643483598 0.4713967368259886
    outer loop
      vertex 23.958999999999996 23.376715672757896 7.927878402655563
      vertex 23.958999999999996 23.31202872861178 8.048899163113722
      vertex 30.958999999999996 23.376715672757896 7.927878402655563
    endloop
  endfacet
  facet normal 0 0.7730104533627342 0.6343932841636489
    outer loop
      vertex 23.958999999999996 23.31202872861178 8.048899163113722
      vertex 23.958999999999996 23.22497474683058 8.154974746830584
      vertex 30.958999999999996 23.31202872861178 8.048899163113722
    endloop
  endfacet
  facet normal 0 0.6343932841636412 0.7730104533627405
    outer loop
      vertex 23.958999999999996 23.118899163113717 8.242028728611782
      vertex 30.958999999999996 23.118899163113717 8.242028728611782
      vertex 23.958999999999996 23.22497474683058 8.154974746830584
    endloop
  endfacet
  facet normal 0 0.2902846772544626 0.9569403357322088
    outer loop
      vertex 23.958999999999996 22.866563225411287 8.346549696282262
      vertex 30.958999999999996 22.866563225411287 8.346549696282262
      vertex 23.958999999999996 22.99787840265556 8.306715672757901
    endloop
  endfacet
  facet normal 0 0.4713967368260014 0.881921264348353
    outer loop
      vertex 23.958999999999996 22.99787840265556 8.306715672757901
      vertex 30.958999999999996 22.99787840265556 8.306715672757901
      vertex 23.958999999999996 23.118899163113717 8.242028728611782
    endloop
  endfacet
  facet normal 0 0.8819212643483598 -0.4713967368259886
    outer loop
      vertex 23.958999999999996 23.376715672757896 7.392121597344437
      vertex 30.958999999999996 23.376715672757896 7.392121597344437
      vertex 30.958999999999996 23.31202872861178 7.271100836886278
    endloop
  endfacet
  facet normal 0 0.9569403357322098 -0.29028467725445894
    outer loop
      vertex 23.958999999999996 23.416549696282257 7.523436774588711
      vertex 30.958999999999996 23.416549696282257 7.523436774588711
      vertex 30.958999999999996 23.376715672757896 7.392121597344437
    endloop
  endfacet
  facet normal 0 0.9951847266721963 -0.09801714032956738
    outer loop
      vertex 23.958999999999996 23.429999999999996 7.66
      vertex 30.958999999999996 23.429999999999996 7.66
      vertex 30.958999999999996 23.416549696282257 7.523436774588711
    endloop
  endfacet
  facet normal 0 0.9951847266721963 0.09801714032956738
    outer loop
      vertex 23.958999999999996 23.416549696282257 7.7965632254112895
      vertex 30.958999999999996 23.416549696282257 7.7965632254112895
      vertex 30.958999999999996 23.429999999999996 7.66
    endloop
  endfacet
  facet normal 0 0.9569403357322098 0.29028467725445894
    outer loop
      vertex 23.958999999999996 23.376715672757896 7.927878402655563
      vertex 30.958999999999996 23.376715672757896 7.927878402655563
      vertex 30.958999999999996 23.416549696282257 7.7965632254112895
    endloop
  endfacet
  facet normal 0 0.8819212643483598 0.4713967368259886
    outer loop
      vertex 23.958999999999996 23.31202872861178 8.048899163113722
      vertex 30.958999999999996 23.31202872861178 8.048899163113722
      vertex 30.958999999999996 23.376715672757896 7.927878402655563
    endloop
  endfacet
  facet normal 0 0.09801714032930005 0.9951847266722226
    outer loop
      vertex 23.958999999999996 22.866563225411287 8.346549696282262
      vertex 30.958999999999996 22.73 8.359999999999964
      vertex 30.958999999999996 22.866563225411287 8.346549696282262
    endloop
  endfacet
  facet normal 0 0.2902846772544626 0.9569403357322088
    outer loop
      vertex 23.958999999999996 22.99787840265556 8.306715672757901
      vertex 30.958999999999996 22.866563225411287 8.346549696282262
      vertex 30.958999999999996 22.99787840265556 8.306715672757901
    endloop
  endfacet
  facet normal 0 0.4713967368260014 0.881921264348353
    outer loop
      vertex 23.958999999999996 23.118899163113717 8.242028728611782
      vertex 30.958999999999996 22.99787840265556 8.306715672757901
      vertex 30.958999999999996 23.118899163113717 8.242028728611782
    endloop
  endfacet
  facet normal 0 0.7730104533627342 0.6343932841636489
    outer loop
      vertex 23.958999999999996 23.22497474683058 8.154974746830584
      vertex 30.958999999999996 23.22497474683058 8.154974746830584
      vertex 30.958999999999996 23.31202872861178 8.048899163113722
    endloop
  endfacet
  facet normal 0 0.6343932841636412 0.7730104533627405
    outer loop
      vertex 23.958999999999996 23.22497474683058 8.154974746830584
      vertex 30.958999999999996 23.118899163113717 8.242028728611782
      vertex 30.958999999999996 23.22497474683058 8.154974746830584
    endloop
  endfacet
  facet normal 1 0 0
    outer loop
      vertex 30.958999999999996 22.73 6.96
      vertex 30.958999999999996 22.866563225411287 6.973450303717739
      vertex 30.958999999999996 22.73 8.359999999999964
    endloop
  endfacet
  facet normal 1 0 0
    outer loop
      vertex 30.958999999999996 22.866563225411287 6.973450303717739
      vertex 30.958999999999996 22.99787840265556 7.0132843272421
      vertex 30.958999999999996 22.866563225411287 8.346549696282262
    endloop
  endfacet
  facet normal 1 0 0
    outer loop
      vertex 30.958999999999996 22.99787840265556 7.0132843272421
      vertex 30.958999999999996 23.118899163113717 7.077971271388218
      vertex 30.958999999999996 22.99787840265556 8.306715672757901
    endloop
  endfacet
  facet normal 1 0 0
    outer loop
      vertex 30.958999999999996 23.118899163113717 7.077971271388218
      vertex 30.958999999999996 23.22497474683058 7.165025253169417
      vertex 30.958999999999996 23.118899163113717 8.242028728611782
    endloop
  endfacet
  facet normal 1 0 0
    outer loop
      vertex 30.958999999999996 23.22497474683058 7.165025253169417
      vertex 30.958999999999996 23.31202872861178 7.271100836886278
      vertex 30.958999999999996 23.22497474683058 8.154974746830584
    endloop
  endfacet
  facet normal 1 0 0
    outer loop
      vertex 30.958999999999996 23.31202872861178 7.271100836886278
      vertex 30.958999999999996 23.376715672757896 7.392121597344437
      vertex 30.958999999999996 23.31202872861178 8.048899163113722
    endloop
  endfacet
  facet normal 1 0 0
    outer loop
      vertex 30.958999999999996 23.376715672757896 7.392121597344437
      vertex 30.958999999999996 23.416549696282257 7.523436774588711
      vertex 30.958999999999996 23.376715672757896 7.927878402655563
    endloop
  endfacet
  facet normal 1 0 0
    outer loop
      vertex 30.958999999999996 23.416549696282257 7.523436774588711
      vertex 30.958999999999996 23.429999999999996 7.66
      vertex 30.958999999999996 23.416549696282257 7.7965632254112895
    endloop
  endfacet
  facet normal 1 0 0
    outer loop
      vertex 30.958999999999996 23.31202872861178 7.271100836886278
      vertex 30.958999999999996 23.31202872861178 8.048899163113722
      vertex 30.958999999999996 23.22497474683058 8.154974746830584
    endloop
  endfacet
  facet normal 1 0 0
    outer loop
      vertex 30.958999999999996 23.376715672757896 7.392121597344437
      vertex 30.958999999999996 23.376715672757896 7.927878402655563
      vertex 30.958999999999996 23.31202872861178 8.048899163113722
    endloop
  endfacet
  facet normal 1 0 0
    outer loop
      vertex 30.958999999999996 23.416549696282257 7.523436774588711
      vertex 30.958999999999996 23.416549696282257 7.7965632254112895
      vertex 30.958999999999996 23.376715672757896 7.927878402655563
    endloop
  endfacet
  facet normal 1 0 0
    outer loop
      vertex 30.958999999999996 22.866563225411287 6.973450303717739
      vertex 30.958999999999996 22.866563225411287 8.346549696282262
      vertex 30.958999999999996 22.73 8.359999999999964
    endloop
  endfacet
  facet normal 1 0 0
    outer loop
      vertex 30.958999999999996 22.99787840265556 7.0132843272421
      vertex 30.958999999999996 22.99787840265556 8.306715672757901
      vertex 30.958999999999996 22.866563225411287 8.346549696282262
    endloop
  endfacet
  facet normal 1 0 0
    outer loop
      vertex 30.958999999999996 23.118899163113717 7.077971271388218
      vertex 30.958999999999996 23.118899163113717 8.242028728611782
      vertex 30.958999999999996 22.99787840265556 8.306715672757901
    endloop
  endfacet
  facet normal 1 0 0
    outer loop
      vertex 30.958999999999996 23.22497474683058 7.165025253169417
      vertex 30.958999999999996 23.22497474683058 8.154974746830584
      vertex 30.958999999999996 23.118899163113717 8.242028728611782
    endloop
  endfacet
  facet normal -0.48371887913857353 -0.8752234263117746 0
    outer loop
      vertex 1.1699198111891747 0.38318949937820435 0
      vertex 1.415290653705597 0.24757783114910126 0
      vertex 1.1699198111891747 0.38318949937820435 5.9
    endloop
  endfacet
  facet normal -0.6663465829820945 -0.745642160388002 0
    outer loop
      vertex 0.941275492310524 0.5454212948679924 0
      vertex 0.7322330474853516 0.7322330474853516 5.9
      vertex 0.7322330474853516 0.7322330474853516 0
    endloop
  endfacet
  facet normal -0.5786712954025489 -0.8155608695107534 0
    outer loop
      vertex 0.941275492310524 0.5454212948679924 0
      vertex 1.1699198111891747 0.38318949937820435 0
      vertex 0.941275492310524 0.5454212948679924 5.9
    endloop
  endfacet
  facet normal -0.745642160388002 -0.6663465829820945 0
    outer loop
      vertex 0.7322330474853516 0.7322330474853516 0
      vertex 0.5454212948679924 0.941275492310524 5.9
      vertex 0.5454212948679924 0.941275492310524 0
    endloop
  endfacet
  facet normal -0.8155608695107534 -0.5786712954025489 0
    outer loop
      vertex 0.5454212948679924 0.941275492310524 0
      vertex 0.38318949937820435 1.1699198111891747 5.9
      vertex 0.38318949937820435 1.1699198111891747 0
    endloop
  endfacet
  facet normal -0.8752234263117746 -0.48371887913857353 0
    outer loop
      vertex 0.24757783114910126 1.415290653705597 0
      vertex 0.38318949937820435 1.1699198111891747 0
      vertex 0.24757783114910126 1.415290653705597 5.9
    endloop
  endfacet
  facet normal -0.3826834294613449 -0.9238795337140573 0
    outer loop
      vertex 1.415290653705597 0.24757783114910126 0
      vertex 1.6743023470044136 0.14029167592525482 0
      vertex 1.415290653705597 0.24757783114910126 5.9
    endloop
  endfacet
  facet normal -0.27683550708915217 -0.9609173231941923 0
    outer loop
      vertex 1.6743023470044136 0.14029167592525482 0
      vertex 1.9436976686120033 0.06268022209405899 0
      vertex 1.6743023470044136 0.14029167592525482 5.9
    endloop
  endfacet
  facet normal -0.1675062408155553 -0.9858710155430279 0
    outer loop
      vertex 1.9436976686120033 0.06268022209405899 0
      vertex 2.2200888097286224 0.015719473361968994 0
      vertex 1.9436976686120033 0.06268022209405899 5.9
    endloop
  endfacet
  facet normal -0.05607044046118207 -0.9984268153983491 0
    outer loop
      vertex 2.2200888097286224 0.015719473361968994 0
      vertex 2.5 0 0
      vertex 2.2200888097286224 0.015719473361968994 5.9
    endloop
  endfacet
  facet normal -0.9238795337140573 -0.3826834294613449 0
    outer loop
      vertex 0.24757783114910126 1.415290653705597 0
      vertex 0.14029167592525482 1.6743023470044136 5.9
      vertex 0.14029167592525482 1.6743023470044136 0
    endloop
  endfacet
  facet normal -0.9609173231941923 -0.27683550708915217 0
    outer loop
      vertex 0.14029167592525482 1.6743023470044136 0
      vertex 0.06268022209405899 1.9436976686120033 5.9
      vertex 0.06268022209405899 1.9436976686120033 0
    endloop
  endfacet
  facet normal -0.9858710155430279 -0.1675062408155553 0
    outer loop
      vertex 0.06268022209405899 1.9436976686120033 0
      vertex 0.015719473361968994 2.2200888097286224 5.9
      vertex 0.015719473361968994 2.2200888097286224 0
    endloop
  endfacet
  facet normal -0.9984268153983491 -0.05607044046118207 0
    outer loop
      vertex 0.015719473361968994 2.2200888097286224 0
      vertex 0 2.5 5.9
      vertex 0 2.5 0
    endloop
  endfacet
  facet normal 0 0 -1
    outer loop
      vertex 2.5 0 0
      vertex 9.184999999999999 7.860652173913042 0
      vertex 9.184999999999999 5.469347826086955 0
    endloop
  endfacet
  facet normal 0 0 -1
    outer loop
      vertex 2.5 0 0
      vertex 9.184999999999999 8.817173913043478 0
      vertex 9.184999999999999 7.860652173913042 0
    endloop
  endfacet
  facet normal 0 0 -1
    outer loop
      vertex 2.5 0 0
      vertex 9.184999999999999 5.469347826086955 0
      vertex 12.53282608695652 4.034565217391304 0
    endloop
  endfacet
  facet normal -0.6663465829820945 -0.745642160388002 0
    outer loop
      vertex 0.941275492310524 0.5454212948679924 0
      vertex 0.941275492310524 0.5454212948679924 5.9
      vertex 0.7322330474853516 0.7322330474853516 5.9
    endloop
  endfacet
  facet normal -0.5786712954025489 -0.8155608695107534 0
    outer loop
      vertex 1.1699198111891747 0.38318949937820435 0
      vertex 1.1699198111891747 0.38318949937820435 5.9
      vertex 0.941275492310524 0.5454212948679924 5.9
    endloop
  endfacet
  facet normal -0.8155608695107534 -0.5786712954025489 0
    outer loop
      vertex 0.5454212948679924 0.941275492310524 0
      vertex 0.5454212948679924 0.941275492310524 5.9
      vertex 0.38318949937820435 1.1699198111891747 5.9
    endloop
  endfacet
  facet normal -0.9238795337140573 -0.3826834294613449 0
    outer loop
      vertex 0.24757783114910126 1.415290653705597 0
      vertex 0.24757783114910126 1.415290653705597 5.9
      vertex 0.14029167592525482 1.6743023470044136 5.9
    endloop
  endfacet
  facet normal -0.8752234263117746 -0.48371887913857353 0
    outer loop
      vertex 0.38318949937820435 1.1699198111891747 0
      vertex 0.38318949937820435 1.1699198111891747 5.9
      vertex 0.24757783114910126 1.415290653705597 5.9
    endloop
  endfacet
  facet normal -0.745642160388002 -0.6663465829820945 0
    outer loop
      vertex 0.7322330474853516 0.7322330474853516 0
      vertex 0.7322330474853516 0.7322330474853516 5.9
      vertex 0.5454212948679924 0.941275492310524 5.9
    endloop
  endfacet
  facet normal -0.48371887913857353 -0.8752234263117746 0
    outer loop
      vertex 1.415290653705597 0.24757783114910126 0
      vertex 1.415290653705597 0.24757783114910126 5.9
      vertex 1.1699198111891747 0.38318949937820435 5.9
    endloop
  endfacet
  facet normal -0.3826834294613449 -0.9238795337140573 0
    outer loop
      vertex 1.6743023470044136 0.14029167592525482 0
      vertex 1.6743023470044136 0.14029167592525482 5.9
      vertex 1.415290653705597 0.24757783114910126 5.9
    endloop
  endfacet
  facet normal -0.27683550708915217 -0.9609173231941923 0
    outer loop
      vertex 1.9436976686120033 0.06268022209405899 0
      vertex 1.9436976686120033 0.06268022209405899 5.9
      vertex 1.6743023470044136 0.14029167592525482 5.9
    endloop
  endfacet
  facet normal -0.1675062408155553 -0.9858710155430279 0
    outer loop
      vertex 2.2200888097286224 0.015719473361968994 0
      vertex 2.2200888097286224 0.015719473361968994 5.9
      vertex 1.9436976686120033 0.06268022209405899 5.9
    endloop
  endfacet
  facet normal -0.05607044046118207 -0.9984268153983491 0
    outer loop
      vertex 2.5 0 0
      vertex 2.5 0 5.9
      vertex 2.2200888097286224 0.015719473361968994 5.9
    endloop
  endfacet
  facet normal -0.9609173231941923 -0.27683550708915217 0
    outer loop
      vertex 0.14029167592525482 1.6743023470044136 0
      vertex 0.14029167592525482 1.6743023470044136 5.9
      vertex 0.06268022209405899 1.9436976686120033 5.9
    endloop
  endfacet
  facet normal -0.9858710155430279 -0.1675062408155553 0
    outer loop
      vertex 0.06268022209405899 1.9436976686120033 0
      vertex 0.06268022209405899 1.9436976686120033 5.9
      vertex 0.015719473361968994 2.2200888097286224 5.9
    endloop
  endfacet
  facet normal -0.9984268153983491 -0.05607044046118207 0
    outer loop
      vertex 0.015719473361968994 2.2200888097286224 0
      vertex 0.015719473361968994 2.2200888097286224 5.9
      vertex 0 2.5 5.9
    endloop
  endfacet
  facet normal 0 0 -1
    outer loop
      vertex 0.7322330474853516 0.7322330474853516 0
      vertex 0.5454212948679924 0.941275492310524 0
      vertex 0.5454212948679924 23.388724505901337 0
    endloop
  endfacet
  facet normal 0 0 -1
    outer loop
      vertex 0.941275492310524 0.5454212948679924 0
      vertex 0.7322330474853516 0.7322330474853516 0
      vertex 0.7322330474853516 23.59776695072651 0
    endloop
  endfacet
  facet normal 0 0 -1
    outer loop
      vertex 0.941275492310524 0.5454212948679924 0
      vertex 0.941275492310524 23.78457870334387 0
      vertex 1.1699198111891747 0.38318949937820435 0
    endloop
  endfacet
  facet normal 0 0 -1
    outer loop
      vertex 1.1699198111891747 0.38318949937820435 0
      vertex 1.1699198111891747 23.946810498833656 0
      vertex 1.415290653705597 0.24757783114910126 0
    endloop
  endfacet
  facet normal 0 0 -1
    outer loop
      vertex 0.24757783114910126 1.415290653705597 0
      vertex 0.24757783114910126 22.914709344506264 0
      vertex 0.38318949937820435 1.1699198111891747 0
    endloop
  endfacet
  facet normal 0 0 -1
    outer loop
      vertex 0.14029167592525482 1.6743023470044136 0
      vertex 0.06268022209405899 1.9436976686120033 0
      vertex 0.06268022209405899 22.386302337050438 0
    endloop
  endfacet
  facet normal 0 0 -1
    outer loop
      vertex 0.24757783114910126 1.415290653705597 0
      vertex 0.14029167592525482 1.6743023470044136 0
      vertex 0.14029167592525482 22.655697651207447 0
    endloop
  endfacet
  facet normal 0 0 -1
    outer loop
      vertex 0.5454212948679924 0.941275492310524 0
      vertex 0.38318949937820435 1.1699198111891747 0
      vertex 0.38318949937820435 23.160080194473267 0
    endloop
  endfacet
  facet normal 0 0 -1
    outer loop
      vertex 0.06268022209405899 1.9436976686120033 0
      vertex 0.015719473361968994 2.2200888097286224 0
      vertex 0.015719473361968994 22.109911188483238 0
    endloop
  endfacet
  facet normal 0 0 -1
    outer loop
      vertex 0.015719473361968994 2.2200888097286224 0
      vertex 0 2.5 0
      vertex 0 21.82999999821186 0
    endloop
  endfacet
  facet normal 0 0 -1
    outer loop
      vertex 1.415290653705597 0.24757783114910126 0
      vertex 1.415290653705597 24.08242216706276 0
      vertex 1.6743023470044136 0.14029167592525482 0
    endloop
  endfacet
  facet normal 0 0 -1
    outer loop
      vertex 1.6743023470044136 0.14029167592525482 0
      vertex 1.6743023470044136 24.189708322286606 0
      vertex 1.9436976686120033 0.06268022209405899 0
    endloop
  endfacet
  facet normal 0 0 -1
    outer loop
      vertex 1.9436976686120033 0.06268022209405899 0
      vertex 1.9436976686120033 24.267319783568382 0
      vertex 2.2200888097286224 0.015719473361968994 0
    endloop
  endfacet
  facet normal 0 0 -1
    outer loop
      vertex 2.2200888097286224 0.015719473361968994 0
      vertex 2.2200888097286224 24.31428052484989 0
      vertex 2.5 0 0
    endloop
  endfacet
  facet normal 0 0 -1
    outer loop
      vertex 2.5 0 0
      vertex 9.184999999999999 11.686739130434782 0
      vertex 9.184999999999999 8.817173913043478 0
    endloop
  endfacet
  facet normal 0 0 -1
    outer loop
      vertex 2.5 0 0
      vertex 9.184999999999999 13.599782608695651 0
      vertex 9.184999999999999 11.686739130434782 0
    endloop
  endfacet
  facet normal -1 0 0
    outer loop
      vertex 0 2.5 0
      vertex 0 2.5 5.9
      vertex 0 21.82999999821186 5.9
    endloop
  endfacet
  facet normal 0 0 -1
    outer loop
      vertex 2.5 0 0
      vertex 12.53282608695652 4.034565217391304 0
      vertex 23.054565217391303 4.034565217391304 0
    endloop
  endfacet
  facet normal 0 -1 0
    outer loop
      vertex 2.5 0 0
      vertex 37.86999999731779 0 0
      vertex 2.5 0 5.9
    endloop
  endfacet
  facet normal 0 0 -1
    outer loop
      vertex 9.184999999999999 5.469347826086955 0
      vertex 12.53282608695652 5.469347826086955 0
      vertex 12.53282608695652 4.034565217391304 0
    endloop
  endfacet
  facet normal 0 0 -1
    outer loop
      vertex 9.184999999999999 7.860652173913042 0
      vertex 9.184999999999999 8.817173913043478 0
      vertex 12.53282608695652 8.817173913043478 0
    endloop
  endfacet
  facet normal 0 0 -1
    outer loop
      vertex 9.184999999999999 7.860652173913042 0
      vertex 12.53282608695652 8.817173913043478 0
      vertex 12.53282608695652 7.860652173913042 0
    endloop
  endfacet
  facet normal 0 0 -1
    outer loop
      vertex 19.23298906555642 8.97598200769528 0
      vertex 19.228478260869565 9.056304347826085 0
      vertex 19.246464758670847 10.17246066900699 0
    endloop
  endfacet
  facet normal 0 0 -1
    outer loop
      vertex 19.338436988916087 8.674629161785477 0
      vertex 19.2995223327305 8.745039924577526 0
      vertex 19.38499045781467 10.460112249319968 0
    endloop
  endfacet
  facet normal 0 0 -1
    outer loop
      vertex 19.38499045781467 8.60901818546264 0
      vertex 19.338436988916087 8.674629161785477 0
      vertex 19.43859731070373 10.52009834147018 0
    endloop
  endfacet
  facet normal 0 0 -1
    outer loop
      vertex 19.43859731070373 8.549032093312428 0
      vertex 19.38499045781467 8.60901818546264 0
      vertex 19.498583402853942 10.57370519435924 0
    endloop
  endfacet
  facet normal 0 0 -1
    outer loop
      vertex 19.43859731070373 8.549032093312428 0
      vertex 19.564194379176783 10.620258663257825 0
      vertex 19.498583402853942 8.495425240423367 0
    endloop
  endfacet
  facet normal 0 0 -1
    outer loop
      vertex 19.268735872222027 8.819365020601644 0
      vertex 19.246464758670847 8.896669765775616 0
      vertex 19.2995223327305 10.324090510205082 0
    endloop
  endfacet
  facet normal 0 0 -1
    outer loop
      vertex 19.2995223327305 8.745039924577526 0
      vertex 19.268735872222027 8.819365020601644 0
      vertex 19.338436988916087 10.394501272997129 0
    endloop
  endfacet
  facet normal 0 0 -1
    outer loop
      vertex 19.23298906555642 8.97598200769528 0
      vertex 19.268735872222027 10.249765414180962 0
      vertex 19.246464758670847 8.896669765775616 0
    endloop
  endfacet
  facet normal 0 0 -1
    outer loop
      vertex 19.228478260869565 9.056304347826085 0
      vertex 19.228478260869565 10.01282608695652 0
      vertex 19.23298906555642 10.093148427087327 0
    endloop
  endfacet
  facet normal 0 0 -1
    outer loop
      vertex 19.228478260869565 9.056304347826085 0
      vertex 19.23298906555642 10.093148427087327 0
      vertex 19.246464758670847 10.17246066900699 0
    endloop
  endfacet
  facet normal 0 0 -1
    outer loop
      vertex 19.23298906555642 8.97598200769528 0
      vertex 19.246464758670847 10.17246066900699 0
      vertex 19.268735872222027 10.249765414180962 0
    endloop
  endfacet
  facet normal 0 0 -1
    outer loop
      vertex 19.246464758670847 8.896669765775616 0
      vertex 19.268735872222027 10.249765414180962 0
      vertex 19.2995223327305 10.324090510205082 0
    endloop
  endfacet
  facet normal 0 0 -1
    outer loop
      vertex 19.268735872222027 8.819365020601644 0
      vertex 19.2995223327305 10.324090510205082 0
      vertex 19.338436988916087 10.394501272997129 0
    endloop
  endfacet
  facet normal 0 0 -1
    outer loop
      vertex 19.2995223327305 8.745039924577526 0
      vertex 19.338436988916087 10.394501272997129 0
      vertex 19.38499045781467 10.460112249319968 0
    endloop
  endfacet
  facet normal 0 0 -1
    outer loop
      vertex 19.498583402853942 8.495425240423367 0
      vertex 19.63460514196883 10.659173319443411 0
      vertex 19.564194379176783 8.44887177152478 0
    endloop
  endfacet
  facet normal 0 0 -1
    outer loop
      vertex 19.564194379176783 8.44887177152478 0
      vertex 19.70893023799295 10.689959779951883 0
      vertex 19.63460514196883 8.409957115339196 0
    endloop
  endfacet
  facet normal 0 0 -1
    outer loop
      vertex 19.338436988916087 8.674629161785477 0
      vertex 19.38499045781467 10.460112249319968 0
      vertex 19.43859731070373 10.52009834147018 0
    endloop
  endfacet
  facet normal 0 0 -1
    outer loop
      vertex 19.38499045781467 8.60901818546264 0
      vertex 19.43859731070373 10.52009834147018 0
      vertex 19.498583402853942 10.57370519435924 0
    endloop
  endfacet
  facet normal 0 0 -1
    outer loop
      vertex 19.43859731070373 8.549032093312428 0
      vertex 19.498583402853942 10.57370519435924 0
      vertex 19.564194379176783 10.620258663257825 0
    endloop
  endfacet
  facet normal 0 0 -1
    outer loop
      vertex 19.498583402853942 8.495425240423367 0
      vertex 19.564194379176783 10.620258663257825 0
      vertex 19.63460514196883 10.659173319443411 0
    endloop
  endfacet
  facet normal 0 0 -1
    outer loop
      vertex 19.564194379176783 8.44887177152478 0
      vertex 19.63460514196883 10.659173319443411 0
      vertex 19.70893023799295 10.689959779951883 0
    endloop
  endfacet
  facet normal 0 0 -1
    outer loop
      vertex 19.63460514196883 8.409957115339196 0
      vertex 19.70893023799295 10.689959779951883 0
      vertex 19.78623498316692 10.712230893503063 0
    endloop
  endfacet
  facet normal 0 0 -1
    outer loop
      vertex 19.63460514196883 8.409957115339196 0
      vertex 19.78623498316692 10.712230893503063 0
      vertex 19.865547225086583 10.72570658661749 0
    endloop
  endfacet
  facet normal 0 0 -1
    outer loop
      vertex 19.63460514196883 8.409957115339196 0
      vertex 19.865547225086583 10.72570658661749 0
      vertex 19.94586956521739 10.730217391304347 0
    endloop
  endfacet
  facet normal 0 0 1
    outer loop
      vertex 1.415290653705597 0.24757783114910126 5.9
      vertex 1.6743023470044136 0.14029167592525482 5.9
      vertex 1.6 1.6 5.9
    endloop
  endfacet
  facet normal 0 0 1
    outer loop
      vertex 1.6743023470044136 0.14029167592525482 5.9
      vertex 1.9436976686120033 0.06268022209405899 5.9
      vertex 1.6 1.6 5.9
    endloop
  endfacet
  facet normal 0 0 1
    outer loop
      vertex 1.9436976686120033 0.06268022209405899 5.9
      vertex 2.2200888097286224 0.015719473361968994 5.9
      vertex 1.6 1.6 5.9
    endloop
  endfacet
  facet normal 0 0 1
    outer loop
      vertex 2.2200888097286224 0.015719473361968994 5.9
      vertex 2.5 0 5.9
      vertex 1.6 1.6 5.9
    endloop
  endfacet
  facet normal 0 0 1
    outer loop
      vertex 0.7322330474853516 0.7322330474853516 5.9
      vertex 0.5454212948679924 23.388724505901337 5.9
      vertex 0.5454212948679924 0.941275492310524 5.9
    endloop
  endfacet
  facet normal 0 0 1
    outer loop
      vertex 0.941275492310524 0.5454212948679924 5.9
      vertex 0.7322330474853516 23.59776695072651 5.9
      vertex 0.7322330474853516 0.7322330474853516 5.9
    endloop
  endfacet
  facet normal 0 0 1
    outer loop
      vertex 0.941275492310524 0.5454212948679924 5.9
      vertex 1.1699198111891747 0.38318949937820435 5.9
      vertex 0.941275492310524 23.78457870334387 5.9
    endloop
  endfacet
  facet normal 0 0 1
    outer loop
      vertex 1.1699198111891747 0.38318949937820435 5.9
      vertex 1.415290653705597 0.24757783114910126 5.9
      vertex 1.1699198111891747 23.946810498833656 5.9
    endloop
  endfacet
  facet normal 0 0 1
    outer loop
      vertex 0.24757783114910126 1.415290653705597 5.9
      vertex 0.38318949937820435 1.1699198111891747 5.9
      vertex 0.24757783114910126 22.914709344506264 5.9
    endloop
  endfacet
  facet normal 0 0 1
    outer loop
      vertex 0.14029167592525482 1.6743023470044136 5.9
      vertex 0.06268022209405899 22.386302337050438 5.9
      vertex 0.06268022209405899 1.9436976686120033 5.9
    endloop
  endfacet
  facet normal 0 0 1
    outer loop
      vertex 0.24757783114910126 1.415290653705597 5.9
      vertex 0.14029167592525482 22.655697651207447 5.9
      vertex 0.14029167592525482 1.6743023470044136 5.9
    endloop
  endfacet
  facet normal 0 0 1
    outer loop
      vertex 0.5454212948679924 0.941275492310524 5.9
      vertex 0.38318949937820435 23.160080194473267 5.9
      vertex 0.38318949937820435 1.1699198111891747 5.9
    endloop
  endfacet
  facet normal 0 0 1
    outer loop
      vertex 0.06268022209405899 1.9436976686120033 5.9
      vertex 0.015719473361968994 22.109911188483238 5.9
      vertex 0.015719473361968994 2.2200888097286224 5.9
    endloop
  endfacet
  facet normal 0 0 1
    outer loop
      vertex 0.015719473361968994 2.2200888097286224 5.9
      vertex 0 21.82999999821186 5.9
      vertex 0 2.5 5.9
    endloop
  endfacet
  facet normal 0 0 1
    outer loop
      vertex 1.415290653705597 0.24757783114910126 5.9
      vertex 1.6 1.6 5.9
      vertex 1.6 22.73 5.9
    endloop
  endfacet
  facet normal 0 0 1
    outer loop
      vertex 2.5 0 5.9
      vertex 30.502838883140964 1.6 5.9
      vertex 1.6 1.6 5.9
    endloop
  endfacet
  facet normal 0 0 -1
    outer loop
      vertex 2.5 0 0
      vertex 2.5 24.32999999821186 0
      vertex 9.184999999999999 13.599782608695651 0
    endloop
  endfacet
  facet normal 0 0 -1
    outer loop
      vertex 0.015719473361968994 2.2200888097286224 0
      vertex 0 21.82999999821186 0
      vertex 0.015719473361968994 22.109911188483238 0
    endloop
  endfacet
  facet normal 0 0 -1
    outer loop
      vertex 0.06268022209405899 1.9436976686120033 0
      vertex 0.015719473361968994 22.109911188483238 0
      vertex 0.06268022209405899 22.386302337050438 0
    endloop
  endfacet
  facet normal 0 0 -1
    outer loop
      vertex 0.14029167592525482 1.6743023470044136 0
      vertex 0.06268022209405899 22.386302337050438 0
      vertex 0.14029167592525482 22.655697651207447 0
    endloop
  endfacet
  facet normal 0 0 -1
    outer loop
      vertex 0.24757783114910126 1.415290653705597 0
      vertex 0.14029167592525482 22.655697651207447 0
      vertex 0.24757783114910126 22.914709344506264 0
    endloop
  endfacet
  facet normal 0 0 -1
    outer loop
      vertex 0.38318949937820435 1.1699198111891747 0
      vertex 0.24757783114910126 22.914709344506264 0
      vertex 0.38318949937820435 23.160080194473267 0
    endloop
  endfacet
  facet normal 0 0 -1
    outer loop
      vertex 0.5454212948679924 0.941275492310524 0
      vertex 0.38318949937820435 23.160080194473267 0
      vertex 0.5454212948679924 23.388724505901337 0
    endloop
  endfacet
  facet normal 0 0 -1
    outer loop
      vertex 0.7322330474853516 0.7322330474853516 0
      vertex 0.5454212948679924 23.388724505901337 0
      vertex 0.7322330474853516 23.59776695072651 0
    endloop
  endfacet
  facet normal 0 0 -1
    outer loop
      vertex 0.941275492310524 0.5454212948679924 0
      vertex 0.7322330474853516 23.59776695072651 0
      vertex 0.941275492310524 23.78457870334387 0
    endloop
  endfacet
  facet normal 0 0 -1
    outer loop
      vertex 1.1699198111891747 0.38318949937820435 0
      vertex 0.941275492310524 23.78457870334387 0
      vertex 1.1699198111891747 23.946810498833656 0
    endloop
  endfacet
  facet normal 0 0 -1
    outer loop
      vertex 1.415290653705597 0.24757783114910126 0
      vertex 1.1699198111891747 23.946810498833656 0
      vertex 1.415290653705597 24.08242216706276 0
    endloop
  endfacet
  facet normal 0 0 -1
    outer loop
      vertex 1.6743023470044136 0.14029167592525482 0
      vertex 1.415290653705597 24.08242216706276 0
      vertex 1.6743023470044136 24.189708322286606 0
    endloop
  endfacet
  facet normal 0 0 -1
    outer loop
      vertex 1.9436976686120033 0.06268022209405899 0
      vertex 1.6743023470044136 24.189708322286606 0
      vertex 1.9436976686120033 24.267319783568382 0
    endloop
  endfacet
  facet normal 0 0 -1
    outer loop
      vertex 2.2200888097286224 0.015719473361968994 0
      vertex 1.9436976686120033 24.267319783568382 0
      vertex 2.2200888097286224 24.31428052484989 0
    endloop
  endfacet
  facet normal 0 0 -1
    outer loop
      vertex 2.5 0 0
      vertex 2.2200888097286224 24.31428052484989 0
      vertex 2.5 24.32999999821186 0
    endloop
  endfacet
  facet normal -1 0 0
    outer loop
      vertex 0 2.5 0
      vertex 0 21.82999999821186 5.9
      vertex 0 21.82999999821186 0
    endloop
  endfacet
  facet normal 0 0 -1
    outer loop
      vertex 9.184999999999999 13.599782608695651 0
      vertex 2.5 24.32999999821186 0
      vertex 9.184999999999999 15.034565217391304 0
    endloop
  endfacet
  facet normal -0.9984268153983491 0.05607044046118207 0
    outer loop
      vertex 0 21.82999999821186 0
      vertex 0.015719473361968994 22.109911188483238 5.9
      vertex 0.015719473361968994 22.109911188483238 0
    endloop
  endfacet
  facet normal -0.9858710162887002 0.16750623642684231 0
    outer loop
      vertex 0.015719473361968994 22.109911188483238 0
      vertex 0.06268022209405899 22.386302337050438 5.9
      vertex 0.06268022209405899 22.386302337050438 0
    endloop
  endfacet
  facet normal -0.96091732115748 0.2768355141587371 0
    outer loop
      vertex 0.06268022209405899 22.386302337050438 0
      vertex 0.14029167592525482 22.655697651207447 5.9
      vertex 0.14029167592525482 22.655697651207447 0
    endloop
  endfacet
  facet normal -0.9238795337140573 0.3826834294613449 0
    outer loop
      vertex 0.14029167592525482 22.655697651207447 0
      vertex 0.24757783114910126 22.914709344506264 5.9
      vertex 0.24757783114910126 22.914709344506264 0
    endloop
  endfacet
  facet normal -0.8752234325300814 0.48371886788739377 0
    outer loop
      vertex 0.24757783114910126 22.914709344506264 0
      vertex 0.38318949937820435 23.160080194473267 5.9
      vertex 0.38318949937820435 23.160080194473267 0
    endloop
  endfacet
  facet normal -0.8155608606115735 0.5786713079447687 0
    outer loop
      vertex 0.38318949937820435 23.160080194473267 0
      vertex 0.5454212948679924 23.388724505901337 5.9
      vertex 0.5454212948679924 23.388724505901337 0
    endloop
  endfacet
  facet normal -0.745642160388002 0.6663465829820945 0
    outer loop
      vertex 0.5454212948679924 23.388724505901337 0
      vertex 0.7322330474853516 23.59776695072651 5.9
      vertex 0.7322330474853516 23.59776695072651 0
    endloop
  endfacet
  facet normal -0.6663465829820945 0.745642160388002 0
    outer loop
      vertex 0.7322330474853516 23.59776695072651 0
      vertex 0.941275492310524 23.78457870334387 5.9
      vertex 0.941275492310524 23.78457870334387 0
    endloop
  endfacet
  facet normal -0.5786712954025489 0.8155608695107534 0
    outer loop
      vertex 0.941275492310524 23.78457870334387 0
      vertex 1.1699198111891747 23.946810498833656 5.9
      vertex 1.1699198111891747 23.946810498833656 0
    endloop
  endfacet
  facet normal -0.48371887913857353 0.8752234263117746 0
    outer loop
      vertex 1.1699198111891747 23.946810498833656 0
      vertex 1.415290653705597 24.08242216706276 5.9
      vertex 1.415290653705597 24.08242216706276 0
    endloop
  endfacet
  facet normal -0.3826834294613449 0.9238795337140573 0
    outer loop
      vertex 1.415290653705597 24.08242216706276 0
      vertex 1.6743023470044136 24.189708322286606 5.9
      vertex 1.6743023470044136 24.189708322286606 0
    endloop
  endfacet
  facet normal -0.276835531628224 0.9609173161246074 0
    outer loop
      vertex 1.6743023470044136 24.189708322286606 0
      vertex 1.9436976686120033 24.267319783568382 5.9
      vertex 1.9436976686120033 24.267319783568382 0
    endloop
  endfacet
  facet normal -0.16750621498544285 0.9858710199317408 0
    outer loop
      vertex 1.9436976686120033 24.267319783568382 0
      vertex 2.2200888097286224 24.31428052484989 5.9
      vertex 2.2200888097286224 24.31428052484989 0
    endloop
  endfacet
  facet normal -0.05607044046118207 0.9984268153983491 0
    outer loop
      vertex 2.2200888097286224 24.31428052484989 0
      vertex 2.5 24.32999999821186 5.9
      vertex 2.5 24.32999999821186 0
    endloop
  endfacet
  facet normal 0 0 -1
    outer loop
      vertex 9.184999999999999 15.034565217391304 0
      vertex 2.5 24.32999999821186 0
      vertex 9.184999999999999 16.469347826086956 0
    endloop
  endfacet
  facet normal 0 0 -1
    outer loop
      vertex 9.184999999999999 16.469347826086956 0
      vertex 2.5 24.32999999821186 0
      vertex 9.184999999999999 20.295434782608694 0
    endloop
  endfacet
  facet normal -0.9984268153983491 0.05607044046118207 0
    outer loop
      vertex 0 21.82999999821186 0
      vertex 0 21.82999999821186 5.9
      vertex 0.015719473361968994 22.109911188483238 5.9
    endloop
  endfacet
  facet normal -0.9858710162887002 0.16750623642684231 0
    outer loop
      vertex 0.015719473361968994 22.109911188483238 0
      vertex 0.015719473361968994 22.109911188483238 5.9
      vertex 0.06268022209405899 22.386302337050438 5.9
    endloop
  endfacet
  facet normal -0.96091732115748 0.2768355141587371 0
    outer loop
      vertex 0.06268022209405899 22.386302337050438 0
      vertex 0.06268022209405899 22.386302337050438 5.9
      vertex 0.14029167592525482 22.655697651207447 5.9
    endloop
  endfacet
  facet normal -0.9238795337140573 0.3826834294613449 0
    outer loop
      vertex 0.14029167592525482 22.655697651207447 0
      vertex 0.14029167592525482 22.655697651207447 5.9
      vertex 0.24757783114910126 22.914709344506264 5.9
    endloop
  endfacet
  facet normal -0.8752234325300814 0.48371886788739377 0
    outer loop
      vertex 0.24757783114910126 22.914709344506264 0
      vertex 0.24757783114910126 22.914709344506264 5.9
      vertex 0.38318949937820435 23.160080194473267 5.9
    endloop
  endfacet
  facet normal -0.8155608606115735 0.5786713079447687 0
    outer loop
      vertex 0.38318949937820435 23.160080194473267 0
      vertex 0.38318949937820435 23.160080194473267 5.9
      vertex 0.5454212948679924 23.388724505901337 5.9
    endloop
  endfacet
  facet normal -0.745642160388002 0.6663465829820945 0
    outer loop
      vertex 0.5454212948679924 23.388724505901337 0
      vertex 0.5454212948679924 23.388724505901337 5.9
      vertex 0.7322330474853516 23.59776695072651 5.9
    endloop
  endfacet
  facet normal -0.6663465829820945 0.745642160388002 0
    outer loop
      vertex 0.7322330474853516 23.59776695072651 0
      vertex 0.7322330474853516 23.59776695072651 5.9
      vertex 0.941275492310524 23.78457870334387 5.9
    endloop
  endfacet
  facet normal -0.5786712954025489 0.8155608695107534 0
    outer loop
      vertex 0.941275492310524 23.78457870334387 0
      vertex 0.941275492310524 23.78457870334387 5.9
      vertex 1.1699198111891747 23.946810498833656 5.9
    endloop
  endfacet
  facet normal -0.48371887913857353 0.8752234263117746 0
    outer loop
      vertex 1.1699198111891747 23.946810498833656 0
      vertex 1.1699198111891747 23.946810498833656 5.9
      vertex 1.415290653705597 24.08242216706276 5.9
    endloop
  endfacet
  facet normal -0.3826834294613449 0.9238795337140573 0
    outer loop
      vertex 1.415290653705597 24.08242216706276 0
      vertex 1.415290653705597 24.08242216706276 5.9
      vertex 1.6743023470044136 24.189708322286606 5.9
    endloop
  endfacet
  facet normal -0.276835531628224 0.9609173161246074 0
    outer loop
      vertex 1.6743023470044136 24.189708322286606 0
      vertex 1.6743023470044136 24.189708322286606 5.9
      vertex 1.9436976686120033 24.267319783568382 5.9
    endloop
  endfacet
  facet normal -0.16750621498544285 0.9858710199317408 0
    outer loop
      vertex 1.9436976686120033 24.267319783568382 0
      vertex 1.9436976686120033 24.267319783568382 5.9
      vertex 2.2200888097286224 24.31428052484989 5.9
    endloop
  endfacet
  facet normal -0.05607044046118207 0.9984268153983491 0
    outer loop
      vertex 2.2200888097286224 24.31428052484989 0
      vertex 2.2200888097286224 24.31428052484989 5.9
      vertex 2.5 24.32999999821186 5.9
    endloop
  endfacet
  facet normal 0 0 -1
    outer loop
      vertex 9.184999999999999 11.686739130434782 0
      vertex 9.184999999999999 13.599782608695651 0
      vertex 12.53282608695652 13.599782608695651 0
    endloop
  endfacet
  facet normal 0 0 -1
    outer loop
      vertex 9.184999999999999 11.686739130434782 0
      vertex 12.53282608695652 13.599782608695651 0
      vertex 12.53282608695652 11.686739130434782 0
    endloop
  endfacet
  facet normal 0 0 -1
    outer loop
      vertex 9.184999999999999 15.034565217391304 0
      vertex 9.184999999999999 16.469347826086956 0
      vertex 12.53282608695652 16.469347826086956 0
    endloop
  endfacet
  facet normal 0 0 -1
    outer loop
      vertex 9.184999999999999 15.034565217391304 0
      vertex 12.53282608695652 16.469347826086956 0
      vertex 12.53282608695652 15.034565217391304 0
    endloop
  endfacet
  facet normal 0 0 -1
    outer loop
      vertex 19.23298906555642 14.236851572912672 0
      vertex 19.228478260869565 14.317173913043478 0
      vertex 19.246464758670847 14.157539330993009 0
    endloop
  endfacet
  facet normal 0 0 -1
    outer loop
      vertex 19.498583402853942 13.756294805640758 0
      vertex 19.228478260869565 15.273695652173913 0
      vertex 19.564194379176783 13.709741336742173 0
    endloop
  endfacet
  facet normal 0 0 -1
    outer loop
      vertex 19.63460514196883 13.670826680556587 0
      vertex 19.228478260869565 15.273695652173913 0
      vertex 19.70893023799295 13.640040220048116 0
    endloop
  endfacet
  facet normal 0 0 -1
    outer loop
      vertex 19.63460514196883 13.670826680556587 0
      vertex 19.564194379176783 13.709741336742173 0
      vertex 19.228478260869565 15.273695652173913 0
    endloop
  endfacet
  facet normal 0 0 -1
    outer loop
      vertex 19.498583402853942 13.756294805640758 0
      vertex 19.43859731070373 13.809901658529819 0
      vertex 19.228478260869565 15.273695652173913 0
    endloop
  endfacet
  facet normal 0 0 -1
    outer loop
      vertex 19.38499045781467 13.86988775068003 0
      vertex 19.228478260869565 15.273695652173913 0
      vertex 19.43859731070373 13.809901658529819 0
    endloop
  endfacet
  facet normal 0 0 -1
    outer loop
      vertex 19.38499045781467 13.86988775068003 0
      vertex 19.338436988916087 13.93549872700287 0
      vertex 19.228478260869565 15.273695652173913 0
    endloop
  endfacet
  facet normal 0 0 -1
    outer loop
      vertex 19.338436988916087 13.93549872700287 0
      vertex 19.2995223327305 14.005909489794917 0
      vertex 19.228478260869565 15.273695652173913 0
    endloop
  endfacet
  facet normal 0 0 -1
    outer loop
      vertex 19.865547225086583 13.604293413382509 0
      vertex 19.228478260869565 15.273695652173913 0
      vertex 19.94586956521739 13.599782608695651 0
    endloop
  endfacet
  facet normal 0 0 -1
    outer loop
      vertex 19.70893023799295 13.640040220048116 0
      vertex 19.228478260869565 15.273695652173913 0
      vertex 19.78623498316692 13.617769106496935 0
    endloop
  endfacet
  facet normal 0 0 -1
    outer loop
      vertex 19.78623498316692 13.617769106496935 0
      vertex 19.228478260869565 15.273695652173913 0
      vertex 19.865547225086583 13.604293413382509 0
    endloop
  endfacet
  facet normal 0 0 -1
    outer loop
      vertex 19.228478260869565 14.317173913043478 0
      vertex 19.228478260869565 15.273695652173913 0
      vertex 19.246464758670847 14.157539330993009 0
    endloop
  endfacet
  facet normal 0 0 -1
    outer loop
      vertex 19.2995223327305 14.005909489794917 0
      vertex 19.268735872222027 14.080234585819037 0
      vertex 19.228478260869565 15.273695652173913 0
    endloop
  endfacet
  facet normal 0 0 -1
    outer loop
      vertex 19.268735872222027 14.080234585819037 0
      vertex 19.246464758670847 14.157539330993009 0
      vertex 19.228478260869565 15.273695652173913 0
    endloop
  endfacet
  facet normal 0 0 -1
    outer loop
      vertex 19.94586956521739 13.599782608695651 0
      vertex 19.228478260869565 15.273695652173913 0
      vertex 19.23298906555642 15.354017992304719 0
    endloop
  endfacet
  facet normal 0 0 -1
    outer loop
      vertex 19.94586956521739 13.599782608695651 0
      vertex 19.23298906555642 15.354017992304719 0
      vertex 19.246464758670847 15.433330234224382 0
    endloop
  endfacet
  facet normal 0 0 -1
    outer loop
      vertex 19.94586956521739 13.599782608695651 0
      vertex 19.246464758670847 15.433330234224382 0
      vertex 19.268735872222027 15.510634979398354 0
    endloop
  endfacet
  facet normal 0 0 -1
    outer loop
      vertex 19.94586956521739 13.599782608695651 0
      vertex 19.268735872222027 15.510634979398354 0
      vertex 19.2995223327305 15.584960075422472 0
    endloop
  endfacet
  facet normal 0 0 -1
    outer loop
      vertex 19.94586956521739 13.599782608695651 0
      vertex 19.2995223327305 15.584960075422472 0
      vertex 19.338436988916087 15.655370838214521 0
    endloop
  endfacet
  facet normal 0 0 -1
    outer loop
      vertex 19.94586956521739 13.599782608695651 0
      vertex 19.338436988916087 15.655370838214521 0
      vertex 19.38499045781467 15.720981814537359 0
    endloop
  endfacet
  facet normal 0 0 -1
    outer loop
      vertex 19.94586956521739 13.599782608695651 0
      vertex 19.38499045781467 15.720981814537359 0
      vertex 19.43859731070373 15.78096790668757 0
    endloop
  endfacet
  facet normal 0 0 -1
    outer loop
      vertex 19.94586956521739 13.599782608695651 0
      vertex 19.43859731070373 15.78096790668757 0
      vertex 19.498583402853942 15.83457475957663 0
    endloop
  endfacet
  facet normal 0 0 -1
    outer loop
      vertex 19.94586956521739 13.599782608695651 0
      vertex 19.498583402853942 15.83457475957663 0
      vertex 19.564194379176783 15.881128228475218 0
    endloop
  endfacet
  facet normal 0 0 -1
    outer loop
      vertex 19.94586956521739 13.599782608695651 0
      vertex 19.564194379176783 15.881128228475218 0
      vertex 19.63460514196883 15.920042884660802 0
    endloop
  endfacet
  facet normal 0 0 -1
    outer loop
      vertex 19.94586956521739 13.599782608695651 0
      vertex 19.63460514196883 15.920042884660802 0
      vertex 19.70893023799295 15.950829345169273 0
    endloop
  endfacet
  facet normal 0 0 -1
    outer loop
      vertex 19.94586956521739 13.599782608695651 0
      vertex 19.70893023799295 15.950829345169273 0
      vertex 19.78623498316692 15.973100458720456 0
    endloop
  endfacet
  facet normal 0 0 -1
    outer loop
      vertex 19.94586956521739 13.599782608695651 0
      vertex 19.78623498316692 15.973100458720456 0
      vertex 19.865547225086583 15.986576151834882 0
    endloop
  endfacet
  facet normal 0 0 -1
    outer loop
      vertex 19.94586956521739 13.599782608695651 0
      vertex 19.865547225086583 15.986576151834882 0
      vertex 19.94586956521739 15.991086956521738 0
    endloop
  endfacet
  facet normal 0 0 -1
    outer loop
      vertex 2.5 24.32999999821186 0
      vertex 23.054565217391303 20.295434782608694 0
      vertex 9.184999999999999 20.295434782608694 0
    endloop
  endfacet
  facet normal 0 1 0
    outer loop
      vertex 2.5 24.32999999821186 0
      vertex 2.5 24.32999999821186 5.9
      vertex 30.31068924318149 24.32999999821186 4.909660390624378
    endloop
  endfacet
  facet normal 0 0 1
    outer loop
      vertex 0.015719473361968994 2.2200888097286224 5.9
      vertex 0.015719473361968994 22.109911188483238 5.9
      vertex 0 21.82999999821186 5.9
    endloop
  endfacet
  facet normal 0 0 1
    outer loop
      vertex 0.06268022209405899 1.9436976686120033 5.9
      vertex 0.06268022209405899 22.386302337050438 5.9
      vertex 0.015719473361968994 22.109911188483238 5.9
    endloop
  endfacet
  facet normal 0 0 1
    outer loop
      vertex 0.14029167592525482 1.6743023470044136 5.9
      vertex 0.14029167592525482 22.655697651207447 5.9
      vertex 0.06268022209405899 22.386302337050438 5.9
    endloop
  endfacet
  facet normal 0 0 1
    outer loop
      vertex 0.24757783114910126 1.415290653705597 5.9
      vertex 0.24757783114910126 22.914709344506264 5.9
      vertex 0.14029167592525482 22.655697651207447 5.9
    endloop
  endfacet
  facet normal 0 0 1
    outer loop
      vertex 0.38318949937820435 1.1699198111891747 5.9
      vertex 0.38318949937820435 23.160080194473267 5.9
      vertex 0.24757783114910126 22.914709344506264 5.9
    endloop
  endfacet
  facet normal 0 0 1
    outer loop
      vertex 0.5454212948679924 0.941275492310524 5.9
      vertex 0.5454212948679924 23.388724505901337 5.9
      vertex 0.38318949937820435 23.160080194473267 5.9
    endloop
  endfacet
  facet normal 0 0 1
    outer loop
      vertex 0.7322330474853516 0.7322330474853516 5.9
      vertex 0.7322330474853516 23.59776695072651 5.9
      vertex 0.5454212948679924 23.388724505901337 5.9
    endloop
  endfacet
  facet normal 0 0 1
    outer loop
      vertex 0.941275492310524 0.5454212948679924 5.9
      vertex 0.941275492310524 23.78457870334387 5.9
      vertex 0.7322330474853516 23.59776695072651 5.9
    endloop
  endfacet
  facet normal 0 0 1
    outer loop
      vertex 1.1699198111891747 0.38318949937820435 5.9
      vertex 1.1699198111891747 23.946810498833656 5.9
      vertex 0.941275492310524 23.78457870334387 5.9
    endloop
  endfacet
  facet normal 0 0 1
    outer loop
      vertex 1.415290653705597 0.24757783114910126 5.9
      vertex 1.6 22.73 5.9
      vertex 1.415290653705597 24.08242216706276 5.9
    endloop
  endfacet
  facet normal 0 0 1
    outer loop
      vertex 1.415290653705597 0.24757783114910126 5.9
      vertex 1.415290653705597 24.08242216706276 5.9
      vertex 1.1699198111891747 23.946810498833656 5.9
    endloop
  endfacet
  facet normal 0 0 1
    outer loop
      vertex 1.6 22.73 5.9
      vertex 1.6743023470044136 24.189708322286606 5.9
      vertex 1.415290653705597 24.08242216706276 5.9
    endloop
  endfacet
  facet normal 0 0 1
    outer loop
      vertex 1.6 22.73 5.9
      vertex 1.9436976686120033 24.267319783568382 5.9
      vertex 1.6743023470044136 24.189708322286606 5.9
    endloop
  endfacet
  facet normal 0 0 1
    outer loop
      vertex 1.6 22.73 5.9
      vertex 2.2200888097286224 24.31428052484989 5.9
      vertex 1.9436976686120033 24.267319783568382 5.9
    endloop
  endfacet
  facet normal 0 0 1
    outer loop
      vertex 1.6 22.73 5.9
      vertex 2.5 24.32999999821186 5.9
      vertex 2.2200888097286224 24.31428052484989 5.9
    endloop
  endfacet
  facet normal 0 0 1
    outer loop
      vertex 1.6 22.73 5.9
      vertex 30.502838883140967 24.32999999821186 5.9
      vertex 2.5 24.32999999821186 5.9
    endloop
  endfacet
  facet normal 0 0 -1
    outer loop
      vertex 2.5 0 0
      vertex 23.054565217391303 4.034565217391304 0
      vertex 37.86999999731779 0 0
    endloop
  endfacet
  facet normal 0 0 -1
    outer loop
      vertex 23.054565217391303 4.034565217391304 0
      vertex 23.69247177944235 4.0596286349192905 0
      vertex 37.86999999731779 0 0
    endloop
  endfacet
  facet normal 0 0 -1
    outer loop
      vertex 23.69247177944235 4.0596286349192905 0
      vertex 24.326445432668145 4.134664360518039 0
      vertex 37.86999999731779 0 0
    endloop
  endfacet
  facet normal 0 0 -1
    outer loop
      vertex 24.326445432668145 4.134664360518039 0
      vertex 24.95257752377054 4.2592097788919565 0
      vertex 37.86999999731779 0 0
    endloop
  endfacet
  facet normal 0 0 -1
    outer loop
      vertex 24.95257752377054 4.2592097788919565 0
      vertex 25.56700773590285 4.432497019275374 0
      vertex 37.86999999731779 0 0
    endloop
  endfacet
  facet normal 0 0 -1
    outer loop
      vertex 25.56700773590285 4.432497019275374 0
      vertex 26.16594790590846 4.6534577124663015 0
      vertex 37.86999999731779 0 0
    endloop
  endfacet
  facet normal 0 0 -1
    outer loop
      vertex 26.16594790590846 4.6534577124663015 0
      vertex 26.745705367637715 4.92072956515395 0
      vertex 37.86999999731779 0 0
    endloop
  endfacet
  facet normal 0 -1 0
    outer loop
      vertex 2.5 0 5.9
      vertex 37.86999999731779 0 0
      vertex 31.809660390624376 0 3.410689243181488
    endloop
  endfacet
  facet normal 0 0 -1
    outer loop
      vertex 19.63460514196883 8.409957115339196 0
      vertex 23.293695652173913 10.730217391304347 0
      vertex 19.70893023799295 8.379170654830725 0
    endloop
  endfacet
  facet normal 0 0 -1
    outer loop
      vertex 19.78623498316692 8.356899541279542 0
      vertex 19.70893023799295 8.379170654830725 0
      vertex 23.293695652173913 10.730217391304347 0
    endloop
  endfacet
  facet normal 0 0 -1
    outer loop
      vertex 19.78623498316692 8.356899541279542 0
      vertex 23.293695652173913 10.730217391304347 0
      vertex 19.865547225086583 8.343423848165116 0
    endloop
  endfacet
  facet normal 0 0 -1
    outer loop
      vertex 19.865547225086583 8.343423848165116 0
      vertex 23.293695652173913 10.730217391304347 0
      vertex 19.94586956521739 8.33891304347826 0
    endloop
  endfacet
  facet normal 0 0 -1
    outer loop
      vertex 19.63460514196883 8.409957115339196 0
      vertex 19.94586956521739 10.730217391304347 0
      vertex 23.293695652173913 10.730217391304347 0
    endloop
  endfacet
  facet normal 0 0 -1
    outer loop
      vertex 19.94586956521739 8.33891304347826 0
      vertex 23.293695652173913 10.730217391304347 0
      vertex 23.293695652173913 8.33891304347826 0
    endloop
  endfacet
  facet normal 0 0 -1
    outer loop
      vertex 23.293695652173913 8.33891304347826 0
      vertex 23.293695652173913 10.730217391304347 0
      vertex 23.37401799230472 8.343423848165116 0
    endloop
  endfacet
  facet normal 0 0 -1
    outer loop
      vertex 23.37401799230472 8.343423848165116 0
      vertex 23.293695652173913 10.730217391304347 0
      vertex 23.45333023422438 8.356899541279542 0
    endloop
  endfacet
  facet normal 0 0 -1
    outer loop
      vertex 23.45333023422438 8.356899541279542 0
      vertex 23.293695652173913 10.730217391304347 0
      vertex 23.530634979398354 8.379170654830725 0
    endloop
  endfacet
  facet normal 0 0 -1
    outer loop
      vertex 23.530634979398354 8.379170654830725 0
      vertex 23.293695652173913 10.730217391304347 0
      vertex 23.604960075422472 8.409957115339196 0
    endloop
  endfacet
  facet normal 0 0 -1
    outer loop
      vertex 23.604960075422472 8.409957115339196 0
      vertex 23.293695652173913 10.730217391304347 0
      vertex 23.67537083821452 8.44887177152478 0
    endloop
  endfacet
  facet normal 0 0 -1
    outer loop
      vertex 23.67537083821452 8.44887177152478 0
      vertex 23.293695652173913 10.730217391304347 0
      vertex 23.740981814537356 8.495425240423367 0
    endloop
  endfacet
  facet normal 0 0 -1
    outer loop
      vertex 23.740981814537356 8.495425240423367 0
      vertex 23.293695652173913 10.730217391304347 0
      vertex 23.800967906687568 8.549032093312428 0
    endloop
  endfacet
  facet normal 0 0 -1
    outer loop
      vertex 23.800967906687568 8.549032093312428 0
      vertex 23.293695652173913 10.730217391304347 0
      vertex 23.85457475957663 8.60901818546264 0
    endloop
  endfacet
  facet normal 0 0 -1
    outer loop
      vertex 23.85457475957663 8.60901818546264 0
      vertex 23.293695652173913 10.730217391304347 0
      vertex 23.901128228475216 8.674629161785477 0
    endloop
  endfacet
  facet normal 0 0 -1
    outer loop
      vertex 23.901128228475216 8.674629161785477 0
      vertex 23.293695652173913 10.730217391304347 0
      vertex 23.9400428846608 8.745039924577526 0
    endloop
  endfacet
  facet normal 0 0 -1
    outer loop
      vertex 23.9400428846608 8.745039924577526 0
      vertex 23.293695652173913 10.730217391304347 0
      vertex 23.970829345169275 8.819365020601644 0
    endloop
  endfacet
  facet normal 0 0 -1
    outer loop
      vertex 23.970829345169275 8.819365020601644 0
      vertex 23.293695652173913 10.730217391304347 0
      vertex 23.993100458720455 8.896669765775616 0
    endloop
  endfacet
  facet normal 0 0 -1
    outer loop
      vertex 23.993100458720455 8.896669765775616 0
      vertex 23.293695652173913 10.730217391304347 0
      vertex 24.00657615183488 8.97598200769528 0
    endloop
  endfacet
  facet normal 0 0 -1
    outer loop
      vertex 24.00657615183488 8.97598200769528 0
      vertex 23.293695652173913 10.730217391304347 0
      vertex 24.011086956521737 9.056304347826085 0
    endloop
  endfacet
  facet normal 0 0 -1
    outer loop
      vertex 24.011086956521737 9.056304347826085 0
      vertex 23.37401799230472 10.72570658661749 0
      vertex 23.45333023422438 10.712230893503063 0
    endloop
  endfacet
  facet normal 0 0 -1
    outer loop
      vertex 24.011086956521737 9.056304347826085 0
      vertex 23.293695652173913 10.730217391304347 0
      vertex 23.37401799230472 10.72570658661749 0
    endloop
  endfacet
  facet normal 0 0 -1
    outer loop
      vertex 24.011086956521737 9.056304347826085 0
      vertex 23.67537083821452 10.620258663257825 0
      vertex 24.011086956521737 10.01282608695652 0
    endloop
  endfacet
  facet normal 0 0 -1
    outer loop
      vertex 24.011086956521737 9.056304347826085 0
      vertex 23.45333023422438 10.712230893503063 0
      vertex 23.530634979398354 10.689959779951883 0
    endloop
  endfacet
  facet normal 0 0 -1
    outer loop
      vertex 24.011086956521737 9.056304347826085 0
      vertex 23.530634979398354 10.689959779951883 0
      vertex 23.604960075422472 10.659173319443411 0
    endloop
  endfacet
  facet normal 0 0 -1
    outer loop
      vertex 24.011086956521737 9.056304347826085 0
      vertex 23.604960075422472 10.659173319443411 0
      vertex 23.67537083821452 10.620258663257825 0
    endloop
  endfacet
  facet normal 0 0 -1
    outer loop
      vertex 23.67537083821452 10.620258663257825 0
      vertex 24.00657615183488 10.093148427087327 0
      vertex 24.011086956521737 10.01282608695652 0
    endloop
  endfacet
  facet normal 0 0 -1
    outer loop
      vertex 23.67537083821452 10.620258663257825 0
      vertex 23.740981814537356 10.57370519435924 0
      vertex 24.00657615183488 10.093148427087327 0
    endloop
  endfacet
  facet normal 0 0 -1
    outer loop
      vertex 23.740981814537356 10.57370519435924 0
      vertex 23.993100458720455 10.17246066900699 0
      vertex 24.00657615183488 10.093148427087327 0
    endloop
  endfacet
  facet normal 0 0 -1
    outer loop
      vertex 23.800967906687568 10.52009834147018 0
      vertex 23.970829345169275 10.249765414180962 0
      vertex 23.993100458720455 10.17246066900699 0
    endloop
  endfacet
  facet normal 0 0 -1
    outer loop
      vertex 23.9400428846608 10.324090510205082 0
      vertex 23.970829345169275 10.249765414180962 0
      vertex 23.85457475957663 10.460112249319968 0
    endloop
  endfacet
  facet normal 0 0 -1
    outer loop
      vertex 23.800967906687568 10.52009834147018 0
      vertex 23.993100458720455 10.17246066900699 0
      vertex 23.740981814537356 10.57370519435924 0
    endloop
  endfacet
  facet normal 0 0 -1
    outer loop
      vertex 23.800967906687568 10.52009834147018 0
      vertex 23.85457475957663 10.460112249319968 0
      vertex 23.970829345169275 10.249765414180962 0
    endloop
  endfacet
  facet normal 0 0 -1
    outer loop
      vertex 23.9400428846608 10.324090510205082 0
      vertex 23.85457475957663 10.460112249319968 0
      vertex 23.901128228475216 10.394501272997129 0
    endloop
  endfacet
  facet normal 0 0 -1
    outer loop
      vertex 26.745705367637715 4.92072956515395 0
      vertex 27.302705721570096 5.232664751540058 0
      vertex 37.86999999731779 0 0
    endloop
  endfacet
  facet normal 0 0 -1
    outer loop
      vertex 27.302705721570096 5.232664751540058 0
      vertex 27.83351487751888 5.587340090184107 0
      vertex 37.86999999731779 0 0
    endloop
  endfacet
  facet normal 0 0 -1
    outer loop
      vertex 27.83351487751888 5.587340090184107 0
      vertex 28.33486022075881 5.982568888482839 0
      vertex 37.86999999731779 0 0
    endloop
  endfacet
  facet normal 0 0 -1
    outer loop
      vertex 28.33486022075881 5.982568888482839 0
      vertex 28.803650787550467 6.415914429840833 0
      vertex 37.86999999731779 0 0
    endloop
  endfacet
  facet normal 0 0 -1
    outer loop
      vertex 28.803650787550467 6.415914429840833 0
      vertex 29.23699632890846 6.884704996632492 0
      vertex 37.86999999731779 0 0
    endloop
  endfacet
  facet normal 0 0 -1
    outer loop
      vertex 29.23699632890846 6.884704996632492 0
      vertex 29.632225127207196 7.386050339872422 0
      vertex 37.86999999731779 0 0
    endloop
  endfacet
  facet normal 0 0 -1
    outer loop
      vertex 29.632225127207196 7.386050339872422 0
      vertex 29.986900465851242 7.916859495821205 0
      vertex 37.86999999731779 0 0
    endloop
  endfacet
  facet normal 0 0 -1
    outer loop
      vertex 29.986900465851242 7.916859495821205 0
      vertex 30.29883565223735 8.473859849753586 0
      vertex 37.86999999731779 0 0
    endloop
  endfacet
  facet normal 0 0 -1
    outer loop
      vertex 37.86999999731779 0 0
      vertex 30.29883565223735 8.473859849753586 0
      vertex 30.566107504925 9.053617311482842 0
    endloop
  endfacet
  facet normal 0 0 -1
    outer loop
      vertex 38.69569765776396 0.14029167592525482 0
      vertex 40.36999999731779 3.465 0
      vertex 38.954709351062775 0.24757783114910126 0
    endloop
  endfacet
  facet normal 0 0 -1
    outer loop
      vertex 38.954709351062775 0.24757783114910126 0
      vertex 40.36999999731779 3.465 0
      vertex 39.2000801935792 0.38318949937820435 0
    endloop
  endfacet
  facet normal 0 0 -1
    outer loop
      vertex 39.2000801935792 0.38318949937820435 0
      vertex 40.36999999731779 3.465 0
      vertex 39.42872450500727 0.5454212948679924 0
    endloop
  endfacet
  facet normal 0 0 -1
    outer loop
      vertex 39.42872450500727 0.5454212948679924 0
      vertex 40.36999999731779 3.465 0
      vertex 39.63776694983244 0.7322330474853516 0
    endloop
  endfacet
  facet normal 0 0 -1
    outer loop
      vertex 39.63776694983244 0.7322330474853516 0
      vertex 40.36999999731779 3.465 0
      vertex 39.8245787024498 0.941275492310524 0
    endloop
  endfacet
  facet normal 0 0 -1
    outer loop
      vertex 39.8245787024498 0.941275492310524 0
      vertex 40.36999999731779 3.465 0
      vertex 39.98681049793959 1.1699198111891747 0
    endloop
  endfacet
  facet normal 0 0 -1
    outer loop
      vertex 39.98681049793959 1.1699198111891747 0
      vertex 40.36999999731779 3.465 0
      vertex 40.12242216616869 1.415290653705597 0
    endloop
  endfacet
  facet normal 0 0 -1
    outer loop
      vertex 40.12242216616869 1.415290653705597 0
      vertex 40.36999999731779 3.465 0
      vertex 40.22970832884312 1.6743023470044136 0
    endloop
  endfacet
  facet normal 0 0 -1
    outer loop
      vertex 38.69569765776396 0.14029167592525482 0
      vertex 38.669999999999995 3.465 0
      vertex 40.36999999731779 3.465 0
    endloop
  endfacet
  facet normal 0 0 -1
    outer loop
      vertex 40.22970832884312 1.6743023470044136 0
      vertex 40.36999999731779 3.465 0
      vertex 40.30731978267431 1.9436976686120033 0
    endloop
  endfacet
  facet normal 0 0 -1
    outer loop
      vertex 40.30731978267431 1.9436976686120033 0
      vertex 40.36999999731779 3.465 0
      vertex 40.35428052395582 2.2200888097286224 0
    endloop
  endfacet
  facet normal 0 0 -1
    outer loop
      vertex 40.35428052395582 2.2200888097286224 0
      vertex 40.36999999731779 3.465 0
      vertex 40.36999999731779 2.5 0
    endloop
  endfacet
  facet normal 0.05607044046118207 -0.9984268153983491 0
    outer loop
      vertex 37.86999999731779 0 0
      vertex 38.14991118758917 0.015719473361968994 0
      vertex 37.86999999731779 0 5.9
    endloop
  endfacet
  facet normal 0.16750623642684231 -0.9858710162887002 0
    outer loop
      vertex 38.14991118758917 0.015719473361968994 0
      vertex 38.42630233615637 0.06268022209405899 0
      vertex 38.14991118758917 0.015719473361968994 5.9
    endloop
  endfacet
  facet normal 0.27683550708915217 -0.9609173231941923 0
    outer loop
      vertex 38.42630233615637 0.06268022209405899 0
      vertex 38.69569765776396 0.14029167592525482 0
      vertex 38.42630233615637 0.06268022209405899 5.9
    endloop
  endfacet
  facet normal 0.3826834294613449 -0.9238795337140573 0
    outer loop
      vertex 38.69569765776396 0.14029167592525482 0
      vertex 38.954709351062775 0.24757783114910126 0
      vertex 38.69569765776396 0.14029167592525482 5.9
    endloop
  endfacet
  facet normal 0.48371887913857353 -0.8752234263117746 0
    outer loop
      vertex 38.954709351062775 0.24757783114910126 0
      vertex 39.2000801935792 0.38318949937820435 0
      vertex 38.954709351062775 0.24757783114910126 5.9
    endloop
  endfacet
  facet normal 0.5786713079447687 -0.8155608606115735 0
    outer loop
      vertex 39.2000801935792 0.38318949937820435 0
      vertex 39.42872450500727 0.5454212948679924 0
      vertex 39.2000801935792 0.38318949937820435 5.9
    endloop
  endfacet
  facet normal 0.6663465829820945 -0.745642160388002 0
    outer loop
      vertex 39.42872450500727 0.5454212948679924 0
      vertex 39.63776694983244 0.7322330474853516 0
      vertex 39.42872450500727 0.5454212948679924 5.9
    endloop
  endfacet
  facet normal 0.745642160388002 -0.6663465829820945 0
    outer loop
      vertex 39.63776694983244 0.7322330474853516 0
      vertex 39.8245787024498 0.941275492310524 0
      vertex 39.63776694983244 0.7322330474853516 5.9
    endloop
  endfacet
  facet normal 0.8155608695107534 -0.5786712954025489 0
    outer loop
      vertex 39.8245787024498 0.941275492310524 0
      vertex 39.98681049793959 1.1699198111891747 0
      vertex 39.8245787024498 0.941275492310524 5.9
    endloop
  endfacet
  facet normal 0.8752234263117746 -0.48371887913857353 0
    outer loop
      vertex 39.98681049793959 1.1699198111891747 0
      vertex 40.12242216616869 1.415290653705597 0
      vertex 39.98681049793959 1.1699198111891747 5.9
    endloop
  endfacet
  facet normal 0.9238795243180984 -0.3826834521451955 0
    outer loop
      vertex 40.12242216616869 1.415290653705597 0
      vertex 40.22970832884312 1.6743023470044136 0
      vertex 40.12242216616869 1.415290653705597 5.9
    endloop
  endfacet
  facet normal 0.9609173231941923 -0.27683550708915217 0
    outer loop
      vertex 40.22970832884312 1.6743023470044136 0
      vertex 40.30731978267431 1.9436976686120033 0
      vertex 40.22970832884312 1.6743023470044136 5.9
    endloop
  endfacet
  facet normal 0.9858710199317408 -0.16750621498544285 0
    outer loop
      vertex 40.30731978267431 1.9436976686120033 0
      vertex 40.35428052395582 2.2200888097286224 0
      vertex 40.30731978267431 1.9436976686120033 5.9
    endloop
  endfacet
  facet normal 0.9984268153983491 -0.05607044046118207 0
    outer loop
      vertex 40.35428052395582 2.2200888097286224 0
      vertex 40.36999999731779 2.5 0
      vertex 40.35428052395582 2.2200888097286224 5.9
    endloop
  endfacet
  facet normal 1 0 0
    outer loop
      vertex 40.36999999731779 2.5 0
      vertex 40.36999999731779 3.465 0
      vertex 40.36999999731779 3.465 5.9
    endloop
  endfacet
  facet normal 0 -1 0
    outer loop
      vertex 37.86999999731779 0 0
      vertex 32 0 3.4000000000000004
      vertex 31.809660390624376 0 3.410689243181488
    endloop
  endfacet
  facet normal 0 -1 0
    outer loop
      vertex 37.86999999731779 0 0
      vertex 32.19033960937562 0 3.410689243181488
      vertex 32 0 3.4000000000000004
    endloop
  endfacet
  facet normal 0 -1 0
    outer loop
      vertex 37.86999999731779 0 0
      vertex 32.378285587725735 0 3.4426225492909004
      vertex 32.19033960937562 0 3.410689243181488
    endloop
  endfacet
  facet normal 0 -1 0
    outer loop
      vertex 37.86999999731779 0 0
      vertex 32.561474405323786 0 3.4953983384757756
      vertex 32.378285587725735 0 3.4426225492909004
    endloop
  endfacet
  facet normal 0 -1 0
    outer loop
      vertex 37.86999999731779 0 0
      vertex 32.73760235649985 0 3.568352924565888
      vertex 32.561474405323786 0 3.4953983384757756
    endloop
  endfacet
  facet normal 0 -1 0
    outer loop
      vertex 37.86999999731779 0 0
      vertex 32.90445453007607 0 3.6605688613119174
      vertex 32.73760235649985 0 3.568352924565888
    endloop
  endfacet
  facet normal 0 -1 0
    outer loop
      vertex 37.86999999731779 0 0
      vertex 33.05993266315985 0 3.77088647980435
      vertex 32.90445453007607 0 3.6605688613119174
    endloop
  endfacet
  facet normal 0 -1 0
    outer loop
      vertex 37.86999999731779 0 0
      vertex 33.20208152801713 0 3.8979184719828694
      vertex 33.05993266315985 0 3.77088647980435
    endloop
  endfacet
  facet normal 0 -1 0
    outer loop
      vertex 37.86999999731779 0 0
      vertex 33.32911352019565 0 4.040067336840154
      vertex 33.20208152801713 0 3.8979184719828694
    endloop
  endfacet
  facet normal 0 -1 0
    outer loop
      vertex 37.86999999731779 0 0
      vertex 33.439431138688086 0 4.195545469923928
      vertex 33.32911352019565 0 4.040067336840154
    endloop
  endfacet
  facet normal 0 -1 0
    outer loop
      vertex 37.86999999731779 0 0
      vertex 33.531647075434115 0 4.3623976435001515
      vertex 33.439431138688086 0 4.195545469923928
    endloop
  endfacet
  facet normal 0 -1 0
    outer loop
      vertex 37.86999999731779 0 0
      vertex 33.60460166152423 0 4.538525594676217
      vertex 33.531647075434115 0 4.3623976435001515
    endloop
  endfacet
  facet normal 0 -1 0
    outer loop
      vertex 37.86999999731779 0 0
      vertex 33.6573774507091 0 4.721714412274266
      vertex 33.60460166152423 0 4.538525594676217
    endloop
  endfacet
  facet normal 0 -1 0
    outer loop
      vertex 37.86999999731779 0 0
      vertex 33.689310756818514 0 4.909660390624377
      vertex 33.6573774507091 0 4.721714412274266
    endloop
  endfacet
  facet normal 0 -1 0
    outer loop
      vertex 37.86999999731779 0 0
      vertex 37.86999999731779 0 5.9
      vertex 33.689310756818514 0 4.909660390624377
    endloop
  endfacet
  facet normal 0.05607044046118207 -0.9984268153983491 0
    outer loop
      vertex 38.14991118758917 0.015719473361968994 0
      vertex 38.14991118758917 0.015719473361968994 5.9
      vertex 37.86999999731779 0 5.9
    endloop
  endfacet
  facet normal 0.16750623642684231 -0.9858710162887002 0
    outer loop
      vertex 38.42630233615637 0.06268022209405899 0
      vertex 38.42630233615637 0.06268022209405899 5.9
      vertex 38.14991118758917 0.015719473361968994 5.9
    endloop
  endfacet
  facet normal 0.27683550708915217 -0.9609173231941923 0
    outer loop
      vertex 38.69569765776396 0.14029167592525482 0
      vertex 38.69569765776396 0.14029167592525482 5.9
      vertex 38.42630233615637 0.06268022209405899 5.9
    endloop
  endfacet
  facet normal 0.3826834294613449 -0.9238795337140573 0
    outer loop
      vertex 38.954709351062775 0.24757783114910126 0
      vertex 38.954709351062775 0.24757783114910126 5.9
      vertex 38.69569765776396 0.14029167592525482 5.9
    endloop
  endfacet
  facet normal 0.48371887913857353 -0.8752234263117746 0
    outer loop
      vertex 39.2000801935792 0.38318949937820435 0
      vertex 39.2000801935792 0.38318949937820435 5.9
      vertex 38.954709351062775 0.24757783114910126 5.9
    endloop
  endfacet
  facet normal 0.5786713079447687 -0.8155608606115735 0
    outer loop
      vertex 39.42872450500727 0.5454212948679924 0
      vertex 39.42872450500727 0.5454212948679924 5.9
      vertex 39.2000801935792 0.38318949937820435 5.9
    endloop
  endfacet
  facet normal 0.6663465829820945 -0.745642160388002 0
    outer loop
      vertex 39.63776694983244 0.7322330474853516 0
      vertex 39.63776694983244 0.7322330474853516 5.9
      vertex 39.42872450500727 0.5454212948679924 5.9
    endloop
  endfacet
  facet normal 0.745642160388002 -0.6663465829820945 0
    outer loop
      vertex 39.8245787024498 0.941275492310524 0
      vertex 39.8245787024498 0.941275492310524 5.9
      vertex 39.63776694983244 0.7322330474853516 5.9
    endloop
  endfacet
  facet normal 0.8155608695107534 -0.5786712954025489 0
    outer loop
      vertex 39.98681049793959 1.1699198111891747 0
      vertex 39.98681049793959 1.1699198111891747 5.9
      vertex 39.8245787024498 0.941275492310524 5.9
    endloop
  endfacet
  facet normal 0.8752234263117746 -0.48371887913857353 0
    outer loop
      vertex 40.12242216616869 1.415290653705597 0
      vertex 40.12242216616869 1.415290653705597 5.9
      vertex 39.98681049793959 1.1699198111891747 5.9
    endloop
  endfacet
  facet normal 0.9238795243180984 -0.3826834521451955 0
    outer loop
      vertex 40.22970832884312 1.6743023470044136 0
      vertex 40.22970832884312 1.6743023470044136 5.9
      vertex 40.12242216616869 1.415290653705597 5.9
    endloop
  endfacet
  facet normal 0.9609173231941923 -0.27683550708915217 0
    outer loop
      vertex 40.30731978267431 1.9436976686120033 0
      vertex 40.30731978267431 1.9436976686120033 5.9
      vertex 40.22970832884312 1.6743023470044136 5.9
    endloop
  endfacet
  facet normal 0.9858710199317408 -0.16750621498544285 0
    outer loop
      vertex 40.35428052395582 2.2200888097286224 0
      vertex 40.35428052395582 2.2200888097286224 5.9
      vertex 40.30731978267431 1.9436976686120033 5.9
    endloop
  endfacet
  facet normal 0.9984268153983491 -0.05607044046118207 0
    outer loop
      vertex 40.36999999731779 2.5 0
      vertex 40.36999999731779 2.5 5.9
      vertex 40.35428052395582 2.2200888097286224 5.9
    endloop
  endfacet
  facet normal 1 0 0
    outer loop
      vertex 40.36999999731779 2.5 0
      vertex 40.36999999731779 3.465 5.9
      vertex 40.36999999731779 2.5 5.9
    endloop
  endfacet
  facet normal 0 0 -1
    outer loop
      vertex 37.86999999731779 0 0
      vertex 30.566107504925 9.053617311482842 0
      vertex 30.78706819811593 9.652557481488454 0
    endloop
  endfacet
  facet normal 0 0 -1
    outer loop
      vertex 37.86999999731779 0 0
      vertex 30.78706819811593 9.652557481488454 0
      vertex 30.96035543849935 10.266987693620763 0
    endloop
  endfacet
  facet normal 0 0 -1
    outer loop
      vertex 37.86999999731779 0 0
      vertex 37.86999999731779 24.32999999821186 0
      vertex 38.14991118758917 0.015719473361968994 0
    endloop
  endfacet
  facet normal 0 0 -1
    outer loop
      vertex 38.14991118758917 0.015719473361968994 0
      vertex 38.14991118758917 24.31428052484989 0
      vertex 38.42630233615637 0.06268022209405899 0
    endloop
  endfacet
  facet normal 0 0 -1
    outer loop
      vertex 38.42630233615637 0.06268022209405899 0
      vertex 38.42630233615637 24.267319783568382 0
      vertex 38.69569765776396 0.14029167592525482 0
    endloop
  endfacet
  facet normal 0 0 -1
    outer loop
      vertex 37.86999999731779 0 0
      vertex 30.96035543849935 10.266987693620763 0
      vertex 37.86999999731779 24.32999999821186 0
    endloop
  endfacet
  facet normal 0 0 -1
    outer loop
      vertex 38.69569765776396 0.14029167592525482 0
      vertex 38.42630233615637 24.267319783568382 0
      vertex 38.669999999999995 3.465 0
    endloop
  endfacet
  facet normal 0 -1 0
    outer loop
      vertex 2.5 0 5.9
      vertex 30.94006733684015 0 3.77088647980435
      vertex 30.797918471982868 0 3.8979184719828694
    endloop
  endfacet
  facet normal 0 -1 0
    outer loop
      vertex 2.5 0 5.9
      vertex 30.797918471982868 0 3.8979184719828694
      vertex 30.67088647980435 0 4.040067336840153
    endloop
  endfacet
  facet normal 0 -1 0
    outer loop
      vertex 2.5 0 5.9
      vertex 31.621714412274265 0 3.4426225492909004
      vertex 31.438525594676214 0 3.4953983384757756
    endloop
  endfacet
  facet normal 0 -1 0
    outer loop
      vertex 2.5 0 5.9
      vertex 31.809660390624376 0 3.410689243181488
      vertex 31.621714412274265 0 3.4426225492909004
    endloop
  endfacet
  facet normal 0 -1 0
    outer loop
      vertex 2.5 0 5.9
      vertex 31.438525594676214 0 3.4953983384757756
      vertex 31.26239764350015 0 3.568352924565888
    endloop
  endfacet
  facet normal 0 -1 0
    outer loop
      vertex 2.5 0 5.9
      vertex 31.26239764350015 0 3.568352924565888
      vertex 31.095545469923927 0 3.6605688613119174
    endloop
  endfacet
  facet normal 0 -1 0
    outer loop
      vertex 2.5 0 5.9
      vertex 31.095545469923927 0 3.6605688613119174
      vertex 30.94006733684015 0 3.77088647980435
    endloop
  endfacet
  facet normal 0 -1 0
    outer loop
      vertex 2.5 0 5.9
      vertex 30.67088647980435 0 4.040067336840153
      vertex 30.560568861311918 0 4.195545469923928
    endloop
  endfacet
  facet normal 0 -1 0
    outer loop
      vertex 2.5 0 5.9
      vertex 30.560568861311918 0 4.195545469923928
      vertex 30.468352924565888 0 4.3623976435001515
    endloop
  endfacet
  facet normal 0 -1 0
    outer loop
      vertex 2.5 0 5.9
      vertex 30.468352924565888 0 4.3623976435001515
      vertex 30.395398338475776 0 4.538525594676217
    endloop
  endfacet
  facet normal 0 -1 0
    outer loop
      vertex 2.5 0 5.9
      vertex 30.395398338475776 0 4.538525594676217
      vertex 30.3426225492909 0 4.721714412274266
    endloop
  endfacet
  facet normal 0 -1 0
    outer loop
      vertex 2.5 0 5.9
      vertex 30.3426225492909 0 4.721714412274266
      vertex 30.31068924318149 0 4.909660390624378
    endloop
  endfacet
  facet normal 0 -1 0
    outer loop
      vertex 2.5 0 5.9
      vertex 30.31068924318149 0 4.909660390624378
      vertex 30.3 0 5.1000000000000005
    endloop
  endfacet
  facet normal 0 -1 0
    outer loop
      vertex 2.5 0 5.9
      vertex 30.3 0 5.1000000000000005
      vertex 30.31068924318149 0 5.290339609375623
    endloop
  endfacet
  facet normal 0 -1 0
    outer loop
      vertex 2.5 0 5.9
      vertex 30.31068924318149 0 5.290339609375623
      vertex 30.3426225492909 0 5.478285587725735
    endloop
  endfacet
  facet normal 0 -1 0
    outer loop
      vertex 2.5 0 5.9
      vertex 30.3426225492909 0 5.478285587725735
      vertex 30.395398338475776 0 5.661474405323784
    endloop
  endfacet
  facet normal 0 -1 0
    outer loop
      vertex 2.5 0 5.9
      vertex 30.395398338475776 0 5.661474405323784
      vertex 30.468352924565888 0 5.83760235649985
    endloop
  endfacet
  facet normal 0 -1 0
    outer loop
      vertex 2.5 0 5.9
      vertex 30.468352924565888 0 5.83760235649985
      vertex 30.502838883140967 0 5.9
    endloop
  endfacet
  facet normal 0 0 1
    outer loop
      vertex 2.5 0 5.9
      vertex 30.502838883140967 0 5.9
      vertex 30.502838883140964 1.6 5.9
    endloop
  endfacet
  facet normal 0 -1 0
    outer loop
      vertex 33.689310756818514 0 4.909660390624377
      vertex 37.86999999731779 0 5.9
      vertex 33.7 0 5.1000000000000005
    endloop
  endfacet
  facet normal 0 -1 0
    outer loop
      vertex 33.7 0 5.1000000000000005
      vertex 37.86999999731779 0 5.9
      vertex 33.689310756818514 0 5.290339609375624
    endloop
  endfacet
  facet normal 0 -1 0
    outer loop
      vertex 33.689310756818514 0 5.290339609375624
      vertex 37.86999999731779 0 5.9
      vertex 33.6573774507091 0 5.478285587725734
    endloop
  endfacet
  facet normal 0 -1 0
    outer loop
      vertex 33.6573774507091 0 5.478285587725734
      vertex 37.86999999731779 0 5.9
      vertex 33.60460166152423 0 5.661474405323784
    endloop
  endfacet
  facet normal 0 -1 0
    outer loop
      vertex 33.60460166152423 0 5.661474405323784
      vertex 37.86999999731779 0 5.9
      vertex 33.531647075434115 0 5.83760235649985
    endloop
  endfacet
  facet normal 0 -1 0
    outer loop
      vertex 33.531647075434115 0 5.83760235649985
      vertex 37.86999999731779 0 5.9
      vertex 33.49716111685904 0 5.9
    endloop
  endfacet
  facet normal 0 0 1
    outer loop
      vertex 33.49716111685904 0 5.9
      vertex 38.769999999999996 1.6 5.9
      vertex 33.49716111685904 1.6 5.9
    endloop
  endfacet
  facet normal 0 0 1
    outer loop
      vertex 33.49716111685904 0 5.9
      vertex 37.86999999731779 0 5.9
      vertex 38.769999999999996 1.6 5.9
    endloop
  endfacet
  facet normal 0 0 1
    outer loop
      vertex 37.86999999731779 0 5.9
      vertex 38.14991118758917 0.015719473361968994 5.9
      vertex 38.769999999999996 1.6 5.9
    endloop
  endfacet
  facet normal 0 0 1
    outer loop
      vertex 38.14991118758917 0.015719473361968994 5.9
      vertex 38.42630233615637 0.06268022209405899 5.9
      vertex 38.769999999999996 1.6 5.9
    endloop
  endfacet
  facet normal 0 0 1
    outer loop
      vertex 38.42630233615637 0.06268022209405899 5.9
      vertex 38.69569765776396 0.14029167592525482 5.9
      vertex 38.769999999999996 1.6 5.9
    endloop
  endfacet
  facet normal 0 0 1
    outer loop
      vertex 38.69569765776396 0.14029167592525482 5.9
      vertex 38.954709351062775 0.24757783114910126 5.9
      vertex 38.769999999999996 1.6 5.9
    endloop
  endfacet
  facet normal 0 0 1
    outer loop
      vertex 38.954709351062775 0.24757783114910126 5.9
      vertex 39.2000801935792 0.38318949937820435 5.9
      vertex 38.769999999999996 3.465 5.9
    endloop
  endfacet
  facet normal 0 0 1
    outer loop
      vertex 39.2000801935792 0.38318949937820435 5.9
      vertex 39.42872450500727 0.5454212948679924 5.9
      vertex 38.769999999999996 3.465 5.9
    endloop
  endfacet
  facet normal 0 0 1
    outer loop
      vertex 38.954709351062775 0.24757783114910126 5.9
      vertex 38.769999999999996 3.465 5.9
      vertex 38.769999999999996 1.6 5.9
    endloop
  endfacet
  facet normal 0 0 1
    outer loop
      vertex 39.42872450500727 0.5454212948679924 5.9
      vertex 39.63776694983244 0.7322330474853516 5.9
      vertex 38.769999999999996 3.465 5.9
    endloop
  endfacet
  facet normal 0 0 1
    outer loop
      vertex 39.63776694983244 0.7322330474853516 5.9
      vertex 39.8245787024498 0.941275492310524 5.9
      vertex 38.769999999999996 3.465 5.9
    endloop
  endfacet
  facet normal 0 0 1
    outer loop
      vertex 39.8245787024498 0.941275492310524 5.9
      vertex 39.98681049793959 1.1699198111891747 5.9
      vertex 38.769999999999996 3.465 5.9
    endloop
  endfacet
  facet normal 0 0 1
    outer loop
      vertex 39.98681049793959 1.1699198111891747 5.9
      vertex 40.12242216616869 1.415290653705597 5.9
      vertex 38.769999999999996 3.465 5.9
    endloop
  endfacet
  facet normal 0 0 1
    outer loop
      vertex 40.12242216616869 1.415290653705597 5.9
      vertex 40.22970832884312 1.6743023470044136 5.9
      vertex 38.769999999999996 3.465 5.9
    endloop
  endfacet
  facet normal 0 0 1
    outer loop
      vertex 40.22970832884312 1.6743023470044136 5.9
      vertex 40.30731978267431 1.9436976686120033 5.9
      vertex 38.769999999999996 3.465 5.9
    endloop
  endfacet
  facet normal 0 0 1
    outer loop
      vertex 40.30731978267431 1.9436976686120033 5.9
      vertex 40.35428052395582 2.2200888097286224 5.9
      vertex 38.769999999999996 3.465 5.9
    endloop
  endfacet
  facet normal 0 0 1
    outer loop
      vertex 40.35428052395582 2.2200888097286224 5.9
      vertex 40.36999999731779 2.5 5.9
      vertex 38.769999999999996 3.465 5.9
    endloop
  endfacet
  facet normal 0 0 1
    outer loop
      vertex 40.36999999731779 2.5 5.9
      vertex 40.36999999731779 3.465 5.9
      vertex 38.769999999999996 3.465 5.9
    endloop
  endfacet
  facet normal 0 0 -1
    outer loop
      vertex 19.94586956521739 13.599782608695651 0
      vertex 19.94586956521739 15.991086956521738 0
      vertex 23.293695652173913 15.991086956521738 0
    endloop
  endfacet
  facet normal 0 0 -1
    outer loop
      vertex 19.94586956521739 13.599782608695651 0
      vertex 23.604960075422472 15.920042884660802 0
      vertex 23.293695652173913 13.599782608695651 0
    endloop
  endfacet
  facet normal 0 0 -1
    outer loop
      vertex 19.94586956521739 13.599782608695651 0
      vertex 23.293695652173913 15.991086956521738 0
      vertex 23.37401799230472 15.986576151834882 0
    endloop
  endfacet
  facet normal 0 0 -1
    outer loop
      vertex 19.94586956521739 13.599782608695651 0
      vertex 23.37401799230472 15.986576151834882 0
      vertex 23.45333023422438 15.973100458720456 0
    endloop
  endfacet
  facet normal 0 0 -1
    outer loop
      vertex 19.94586956521739 13.599782608695651 0
      vertex 23.45333023422438 15.973100458720456 0
      vertex 23.530634979398354 15.950829345169273 0
    endloop
  endfacet
  facet normal 0 0 -1
    outer loop
      vertex 19.94586956521739 13.599782608695651 0
      vertex 23.530634979398354 15.950829345169273 0
      vertex 23.604960075422472 15.920042884660802 0
    endloop
  endfacet
  facet normal 0 0 -1
    outer loop
      vertex 23.293695652173913 13.599782608695651 0
      vertex 23.604960075422472 15.920042884660802 0
      vertex 23.37401799230472 13.604293413382509 0
    endloop
  endfacet
  facet normal 0 0 -1
    outer loop
      vertex 23.37401799230472 13.604293413382509 0
      vertex 23.604960075422472 15.920042884660802 0
      vertex 23.45333023422438 13.617769106496935 0
    endloop
  endfacet
  facet normal 0 0 -1
    outer loop
      vertex 23.45333023422438 13.617769106496935 0
      vertex 23.604960075422472 15.920042884660802 0
      vertex 23.530634979398354 13.640040220048116 0
    endloop
  endfacet
  facet normal 0 0 -1
    outer loop
      vertex 23.530634979398354 13.640040220048116 0
      vertex 23.740981814537356 15.83457475957663 0
      vertex 23.604960075422472 13.670826680556587 0
    endloop
  endfacet
  facet normal 0 0 -1
    outer loop
      vertex 23.604960075422472 13.670826680556587 0
      vertex 23.740981814537356 15.83457475957663 0
      vertex 23.67537083821452 13.709741336742173 0
    endloop
  endfacet
  facet normal 0 0 -1
    outer loop
      vertex 23.67537083821452 13.709741336742173 0
      vertex 23.800967906687568 15.78096790668757 0
      vertex 23.740981814537356 13.756294805640758 0
    endloop
  endfacet
  facet normal 0 0 -1
    outer loop
      vertex 23.740981814537356 13.756294805640758 0
      vertex 23.85457475957663 15.720981814537359 0
      vertex 23.800967906687568 13.809901658529819 0
    endloop
  endfacet
  facet normal 0 0 -1
    outer loop
      vertex 23.800967906687568 13.809901658529819 0
      vertex 23.901128228475216 15.655370838214521 0
      vertex 23.85457475957663 13.86988775068003 0
    endloop
  endfacet
  facet normal 0 0 -1
    outer loop
      vertex 23.85457475957663 13.86988775068003 0
      vertex 23.970829345169275 15.510634979398354 0
      vertex 23.901128228475216 13.93549872700287 0
    endloop
  endfacet
  facet normal 0 0 -1
    outer loop
      vertex 23.901128228475216 13.93549872700287 0
      vertex 23.970829345169275 15.510634979398354 0
      vertex 23.9400428846608 14.005909489794917 0
    endloop
  endfacet
  facet normal 0 0 -1
    outer loop
      vertex 23.9400428846608 14.005909489794917 0
      vertex 23.993100458720455 15.433330234224382 0
      vertex 23.970829345169275 14.080234585819037 0
    endloop
  endfacet
  facet normal 0 0 -1
    outer loop
      vertex 23.530634979398354 13.640040220048116 0
      vertex 23.604960075422472 15.920042884660802 0
      vertex 23.67537083821452 15.881128228475218 0
    endloop
  endfacet
  facet normal 0 0 -1
    outer loop
      vertex 23.530634979398354 13.640040220048116 0
      vertex 23.67537083821452 15.881128228475218 0
      vertex 23.740981814537356 15.83457475957663 0
    endloop
  endfacet
  facet normal 0 0 -1
    outer loop
      vertex 23.85457475957663 13.86988775068003 0
      vertex 23.9400428846608 15.584960075422472 0
      vertex 23.970829345169275 15.510634979398354 0
    endloop
  endfacet
  facet normal 0 0 -1
    outer loop
      vertex 23.9400428846608 14.005909489794917 0
      vertex 23.970829345169275 15.510634979398354 0
      vertex 23.993100458720455 15.433330234224382 0
    endloop
  endfacet
  facet normal 0 0 -1
    outer loop
      vertex 23.67537083821452 13.709741336742173 0
      vertex 23.740981814537356 15.83457475957663 0
      vertex 23.800967906687568 15.78096790668757 0
    endloop
  endfacet
  facet normal 0 0 -1
    outer loop
      vertex 23.740981814537356 13.756294805640758 0
      vertex 23.800967906687568 15.78096790668757 0
      vertex 23.85457475957663 15.720981814537359 0
    endloop
  endfacet
  facet normal 0 0 -1
    outer loop
      vertex 23.800967906687568 13.809901658529819 0
      vertex 23.85457475957663 15.720981814537359 0
      vertex 23.901128228475216 15.655370838214521 0
    endloop
  endfacet
  facet normal 0 0 -1
    outer loop
      vertex 23.85457475957663 13.86988775068003 0
      vertex 23.901128228475216 15.655370838214521 0
      vertex 23.9400428846608 15.584960075422472 0
    endloop
  endfacet
  facet normal 0 0 -1
    outer loop
      vertex 23.970829345169275 14.080234585819037 0
      vertex 24.011086956521737 15.273695652173913 0
      vertex 23.993100458720455 14.157539330993009 0
    endloop
  endfacet
  facet normal 0 0 -1
    outer loop
      vertex 23.993100458720455 14.157539330993009 0
      vertex 24.011086956521737 15.273695652173913 0
      vertex 24.00657615183488 14.236851572912672 0
    endloop
  endfacet
  facet normal 0 0 -1
    outer loop
      vertex 24.00657615183488 14.236851572912672 0
      vertex 24.011086956521737 15.273695652173913 0
      vertex 24.011086956521737 14.317173913043478 0
    endloop
  endfacet
  facet normal 0 0 -1
    outer loop
      vertex 23.970829345169275 14.080234585819037 0
      vertex 24.00657615183488 15.354017992304719 0
      vertex 24.011086956521737 15.273695652173913 0
    endloop
  endfacet
  facet normal 0 0 -1
    outer loop
      vertex 23.970829345169275 14.080234585819037 0
      vertex 23.993100458720455 15.433330234224382 0
      vertex 24.00657615183488 15.354017992304719 0
    endloop
  endfacet
  facet normal 0 0 -1
    outer loop
      vertex 2.5 24.32999999821186 0
      vertex 37.86999999731779 24.32999999821186 0
      vertex 23.054565217391303 20.295434782608694 0
    endloop
  endfacet
  facet normal 0 1 0
    outer loop
      vertex 2.5 24.32999999821186 0
      vertex 32.19033960937562 24.32999999821186 3.410689243181488
      vertex 37.86999999731779 24.32999999821186 0
    endloop
  endfacet
  facet normal 0 0 -1
    outer loop
      vertex 26.16594790590846 19.676542287533696 0
      vertex 37.86999999731779 24.32999999821186 0
      vertex 26.745705367637715 19.40927043484605 0
    endloop
  endfacet
  facet normal 0 0 -1
    outer loop
      vertex 23.054565217391303 20.295434782608694 0
      vertex 37.86999999731779 24.32999999821186 0
      vertex 23.69247177944235 20.270371365080706 0
    endloop
  endfacet
  facet normal 0 0 -1
    outer loop
      vertex 23.69247177944235 20.270371365080706 0
      vertex 37.86999999731779 24.32999999821186 0
      vertex 24.326445432668145 20.19533563948196 0
    endloop
  endfacet
  facet normal 0 0 -1
    outer loop
      vertex 24.326445432668145 20.19533563948196 0
      vertex 37.86999999731779 24.32999999821186 0
      vertex 24.95257752377054 20.07079022110804 0
    endloop
  endfacet
  facet normal 0 0 -1
    outer loop
      vertex 24.95257752377054 20.07079022110804 0
      vertex 37.86999999731779 24.32999999821186 0
      vertex 25.56700773590285 19.897502980724624 0
    endloop
  endfacet
  facet normal 0 0 -1
    outer loop
      vertex 26.16594790590846 19.676542287533696 0
      vertex 25.56700773590285 19.897502980724624 0
      vertex 37.86999999731779 24.32999999821186 0
    endloop
  endfacet
  facet normal 0 1 0
    outer loop
      vertex 2.5 24.32999999821186 0
      vertex 30.797918471982868 24.32999999821186 3.8979184719828694
      vertex 30.94006733684015 24.32999999821186 3.77088647980435
    endloop
  endfacet
  facet normal 0 1 0
    outer loop
      vertex 2.5 24.32999999821186 0
      vertex 31.621714412274265 24.32999999821186 3.4426225492909004
      vertex 31.809660390624376 24.32999999821186 3.410689243181488
    endloop
  endfacet
  facet normal 0 1 0
    outer loop
      vertex 2.5 24.32999999821186 0
      vertex 31.438525594676214 24.32999999821186 3.4953983384757756
      vertex 31.621714412274265 24.32999999821186 3.4426225492909004
    endloop
  endfacet
  facet normal 0 1 0
    outer loop
      vertex 2.5 24.32999999821186 0
      vertex 31.809660390624376 24.32999999821186 3.410689243181488
      vertex 32 24.32999999821186 3.4000000000000004
    endloop
  endfacet
  facet normal 0 1 0
    outer loop
      vertex 2.5 24.32999999821186 0
      vertex 32 24.32999999821186 3.4000000000000004
      vertex 32.19033960937562 24.32999999821186 3.410689243181488
    endloop
  endfacet
  facet normal 0 1 0
    outer loop
      vertex 2.5 24.32999999821186 0
      vertex 31.26239764350015 24.32999999821186 3.568352924565888
      vertex 31.438525594676214 24.32999999821186 3.4953983384757756
    endloop
  endfacet
  facet normal 0 1 0
    outer loop
      vertex 2.5 24.32999999821186 0
      vertex 31.095545469923927 24.32999999821186 3.6605688613119174
      vertex 31.26239764350015 24.32999999821186 3.568352924565888
    endloop
  endfacet
  facet normal 0 1 0
    outer loop
      vertex 2.5 24.32999999821186 0
      vertex 30.94006733684015 24.32999999821186 3.77088647980435
      vertex 31.095545469923927 24.32999999821186 3.6605688613119174
    endloop
  endfacet
  facet normal 0 1 0
    outer loop
      vertex 2.5 24.32999999821186 0
      vertex 30.67088647980435 24.32999999821186 4.040067336840153
      vertex 30.797918471982868 24.32999999821186 3.8979184719828694
    endloop
  endfacet
  facet normal 0 1 0
    outer loop
      vertex 2.5 24.32999999821186 0
      vertex 30.560568861311918 24.32999999821186 4.195545469923928
      vertex 30.67088647980435 24.32999999821186 4.040067336840153
    endloop
  endfacet
  facet normal 0 1 0
    outer loop
      vertex 2.5 24.32999999821186 0
      vertex 30.468352924565888 24.32999999821186 4.3623976435001515
      vertex 30.560568861311918 24.32999999821186 4.195545469923928
    endloop
  endfacet
  facet normal 0 1 0
    outer loop
      vertex 2.5 24.32999999821186 0
      vertex 30.395398338475776 24.32999999821186 4.538525594676217
      vertex 30.468352924565888 24.32999999821186 4.3623976435001515
    endloop
  endfacet
  facet normal 0 1 0
    outer loop
      vertex 2.5 24.32999999821186 0
      vertex 30.3426225492909 24.32999999821186 4.721714412274266
      vertex 30.395398338475776 24.32999999821186 4.538525594676217
    endloop
  endfacet
  facet normal 0 1 0
    outer loop
      vertex 2.5 24.32999999821186 0
      vertex 30.31068924318149 24.32999999821186 4.909660390624378
      vertex 30.3426225492909 24.32999999821186 4.721714412274266
    endloop
  endfacet
  facet normal 0 0 -1
    outer loop
      vertex 30.96035543849935 10.266987693620763 0
      vertex 31.08490085687326 10.893119784723156 0
      vertex 37.86999999731779 24.32999999821186 0
    endloop
  endfacet
  facet normal 0 0 -1
    outer loop
      vertex 31.08490085687326 10.893119784723156 0
      vertex 31.159936582472014 11.527093437948952 0
      vertex 37.86999999731779 24.32999999821186 0
    endloop
  endfacet
  facet normal 0 0 -1
    outer loop
      vertex 31.159936582472014 11.527093437948952 0
      vertex 31.185 12.165 0
      vertex 37.86999999731779 24.32999999821186 0
    endloop
  endfacet
  facet normal 0 0 -1
    outer loop
      vertex 31.185 12.165 0
      vertex 31.159936582472014 12.802906562051046 0
      vertex 37.86999999731779 24.32999999821186 0
    endloop
  endfacet
  facet normal 0 0 -1
    outer loop
      vertex 31.159936582472014 12.802906562051046 0
      vertex 31.08490085687326 13.436880215276842 0
      vertex 37.86999999731779 24.32999999821186 0
    endloop
  endfacet
  facet normal 0 0 -1
    outer loop
      vertex 31.08490085687326 13.436880215276842 0
      vertex 30.96035543849935 14.063012306379235 0
      vertex 37.86999999731779 24.32999999821186 0
    endloop
  endfacet
  facet normal 0 0 -1
    outer loop
      vertex 30.96035543849935 14.063012306379235 0
      vertex 30.78706819811593 14.677442518511544 0
      vertex 37.86999999731779 24.32999999821186 0
    endloop
  endfacet
  facet normal 0 0 -1
    outer loop
      vertex 30.78706819811593 14.677442518511544 0
      vertex 30.566107504925 15.276382688517156 0
      vertex 37.86999999731779 24.32999999821186 0
    endloop
  endfacet
  facet normal 0 0 -1
    outer loop
      vertex 38.14991118758917 0.015719473361968994 0
      vertex 37.86999999731779 24.32999999821186 0
      vertex 38.14991118758917 24.31428052484989 0
    endloop
  endfacet
  facet normal 0 0 -1
    outer loop
      vertex 38.42630233615637 0.06268022209405899 0
      vertex 38.14991118758917 24.31428052484989 0
      vertex 38.42630233615637 24.267319783568382 0
    endloop
  endfacet
  facet normal 0 0 -1
    outer loop
      vertex 38.669999999999995 3.465 0
      vertex 38.42630233615637 24.267319783568382 0
      vertex 38.669999999999995 20.865 0
    endloop
  endfacet
  facet normal 0 0 -1
    outer loop
      vertex 29.986900465851242 16.41314050417879 0
      vertex 37.86999999731779 24.32999999821186 0
      vertex 30.29883565223735 15.856140150246413 0
    endloop
  endfacet
  facet normal 0 0 -1
    outer loop
      vertex 29.986900465851242 16.41314050417879 0
      vertex 29.632225127207196 16.943949660127576 0
      vertex 37.86999999731779 24.32999999821186 0
    endloop
  endfacet
  facet normal 0 0 -1
    outer loop
      vertex 29.632225127207196 16.943949660127576 0
      vertex 29.23699632890846 17.445295003367505 0
      vertex 37.86999999731779 24.32999999821186 0
    endloop
  endfacet
  facet normal 0 0 -1
    outer loop
      vertex 28.33486022075881 18.34743111151716 0
      vertex 27.83351487751888 18.74265990981589 0
      vertex 37.86999999731779 24.32999999821186 0
    endloop
  endfacet
  facet normal 0 0 -1
    outer loop
      vertex 26.745705367637715 19.40927043484605 0
      vertex 37.86999999731779 24.32999999821186 0
      vertex 27.302705721570096 19.09733524845994 0
    endloop
  endfacet
  facet normal 0 0 -1
    outer loop
      vertex 27.302705721570096 19.09733524845994 0
      vertex 37.86999999731779 24.32999999821186 0
      vertex 27.83351487751888 18.74265990981589 0
    endloop
  endfacet
  facet normal 0 0 -1
    outer loop
      vertex 28.803650787550467 17.914085570159166 0
      vertex 37.86999999731779 24.32999999821186 0
      vertex 29.23699632890846 17.445295003367505 0
    endloop
  endfacet
  facet normal 0 0 -1
    outer loop
      vertex 28.803650787550467 17.914085570159166 0
      vertex 28.33486022075881 18.34743111151716 0
      vertex 37.86999999731779 24.32999999821186 0
    endloop
  endfacet
  facet normal 0 0 -1
    outer loop
      vertex 30.566107504925 15.276382688517156 0
      vertex 30.29883565223735 15.856140150246413 0
      vertex 37.86999999731779 24.32999999821186 0
    endloop
  endfacet
  facet normal 0 0 -1
    outer loop
      vertex 38.669999999999995 20.865 0
      vertex 40.36999999731779 21.82999999821186 0
      vertex 40.36999999731779 20.865 0
    endloop
  endfacet
  facet normal 0 0 -1
    outer loop
      vertex 38.669999999999995 20.865 0
      vertex 40.22970832884312 22.655697651207447 0
      vertex 40.30731978267431 22.386302337050438 0
    endloop
  endfacet
  facet normal 0 0 -1
    outer loop
      vertex 38.669999999999995 20.865 0
      vertex 40.35428052395582 22.109911188483238 0
      vertex 40.36999999731779 21.82999999821186 0
    endloop
  endfacet
  facet normal 0 0 -1
    outer loop
      vertex 38.669999999999995 20.865 0
      vertex 40.30731978267431 22.386302337050438 0
      vertex 40.35428052395582 22.109911188483238 0
    endloop
  endfacet
  facet normal 0 0 -1
    outer loop
      vertex 38.669999999999995 20.865 0
      vertex 40.12242216616869 22.914709344506264 0
      vertex 40.22970832884312 22.655697651207447 0
    endloop
  endfacet
  facet normal 0 0 -1
    outer loop
      vertex 38.669999999999995 20.865 0
      vertex 39.98681049793959 23.160080194473267 0
      vertex 40.12242216616869 22.914709344506264 0
    endloop
  endfacet
  facet normal 0 0 -1
    outer loop
      vertex 38.669999999999995 20.865 0
      vertex 39.63776694983244 23.59776695072651 0
      vertex 39.8245787024498 23.388724505901337 0
    endloop
  endfacet
  facet normal 0 0 -1
    outer loop
      vertex 38.669999999999995 20.865 0
      vertex 39.42872450500727 23.78457870334387 0
      vertex 39.63776694983244 23.59776695072651 0
    endloop
  endfacet
  facet normal 0 0 -1
    outer loop
      vertex 38.669999999999995 20.865 0
      vertex 39.8245787024498 23.388724505901337 0
      vertex 39.98681049793959 23.160080194473267 0
    endloop
  endfacet
  facet normal 0 0 -1
    outer loop
      vertex 38.669999999999995 20.865 0
      vertex 38.42630233615637 24.267319783568382 0
      vertex 38.69569765776396 24.189708322286606 0
    endloop
  endfacet
  facet normal 0 0 -1
    outer loop
      vertex 38.669999999999995 20.865 0
      vertex 38.69569765776396 24.189708322286606 0
      vertex 38.954709351062775 24.08242216706276 0
    endloop
  endfacet
  facet normal 0 0 -1
    outer loop
      vertex 38.669999999999995 20.865 0
      vertex 38.954709351062775 24.08242216706276 0
      vertex 39.2000801935792 23.946810498833656 0
    endloop
  endfacet
  facet normal 0 0 -1
    outer loop
      vertex 38.669999999999995 20.865 0
      vertex 39.2000801935792 23.946810498833656 0
      vertex 39.42872450500727 23.78457870334387 0
    endloop
  endfacet
  facet normal 1 0 0
    outer loop
      vertex 40.36999999731779 20.865 0
      vertex 40.36999999731779 21.82999999821186 0
      vertex 40.36999999731779 21.82999999821186 5.9
    endloop
  endfacet
  facet normal 0.9984268153983491 0.05607044046118207 0
    outer loop
      vertex 40.36999999731779 21.82999999821186 0
      vertex 40.35428052395582 22.109911188483238 0
      vertex 40.36999999731779 21.82999999821186 5.9
    endloop
  endfacet
  facet normal 0.9858710206774128 0.16750621059673051 0
    outer loop
      vertex 40.35428052395582 22.109911188483238 0
      vertex 40.30731978267431 22.386302337050438 0
      vertex 40.35428052395582 22.109911188483238 5.9
    endloop
  endfacet
  facet normal 0.96091732115748 0.2768355141587371 0
    outer loop
      vertex 40.30731978267431 22.386302337050438 0
      vertex 40.22970832884312 22.655697651207447 0
      vertex 40.30731978267431 22.386302337050438 5.9
    endloop
  endfacet
  facet normal 0.9238795243180984 0.3826834521451955 0
    outer loop
      vertex 40.22970832884312 22.655697651207447 0
      vertex 40.12242216616869 22.914709344506264 0
      vertex 40.22970832884312 22.655697651207447 5.9
    endloop
  endfacet
  facet normal 0.05607044046118207 0.9984268153983491 0
    outer loop
      vertex 37.86999999731779 24.32999999821186 0
      vertex 38.14991118758917 24.31428052484989 5.9
      vertex 38.14991118758917 24.31428052484989 0
    endloop
  endfacet
  facet normal 0.16750621059673051 0.9858710206774128 0
    outer loop
      vertex 38.14991118758917 24.31428052484989 0
      vertex 38.42630233615637 24.267319783568382 5.9
      vertex 38.42630233615637 24.267319783568382 0
    endloop
  endfacet
  facet normal 0.276835531628224 0.9609173161246074 0
    outer loop
      vertex 38.42630233615637 24.267319783568382 0
      vertex 38.69569765776396 24.189708322286606 5.9
      vertex 38.69569765776396 24.189708322286606 0
    endloop
  endfacet
  facet normal 0.3826834294613449 0.9238795337140573 0
    outer loop
      vertex 38.69569765776396 24.189708322286606 0
      vertex 38.954709351062775 24.08242216706276 5.9
      vertex 38.954709351062775 24.08242216706276 0
    endloop
  endfacet
  facet normal 0.8752234325300814 0.48371886788739377 0
    outer loop
      vertex 39.98681049793959 23.160080194473267 0
      vertex 40.12242216616869 22.914709344506264 5.9
      vertex 40.12242216616869 22.914709344506264 0
    endloop
  endfacet
  facet normal 0.8155608606115735 0.5786713079447687 0
    outer loop
      vertex 39.98681049793959 23.160080194473267 0
      vertex 39.8245787024498 23.388724505901337 0
      vertex 39.98681049793959 23.160080194473267 5.9
    endloop
  endfacet
  facet normal 0.745642160388002 0.6663465829820945 0
    outer loop
      vertex 39.8245787024498 23.388724505901337 0
      vertex 39.63776694983244 23.59776695072651 0
      vertex 39.8245787024498 23.388724505901337 5.9
    endloop
  endfacet
  facet normal 0.5786713079447687 0.8155608606115735 0
    outer loop
      vertex 39.2000801935792 23.946810498833656 0
      vertex 39.42872450500727 23.78457870334387 5.9
      vertex 39.42872450500727 23.78457870334387 0
    endloop
  endfacet
  facet normal 0.6663465829820945 0.745642160388002 0
    outer loop
      vertex 39.63776694983244 23.59776695072651 0
      vertex 39.42872450500727 23.78457870334387 0
      vertex 39.63776694983244 23.59776695072651 5.9
    endloop
  endfacet
  facet normal 0.48371887913857353 0.8752234263117746 0
    outer loop
      vertex 38.954709351062775 24.08242216706276 0
      vertex 39.2000801935792 23.946810498833656 5.9
      vertex 39.2000801935792 23.946810498833656 0
    endloop
  endfacet
  facet normal 0 1 0
    outer loop
      vertex 37.86999999731779 24.32999999821186 0
      vertex 32.19033960937562 24.32999999821186 3.410689243181488
      vertex 32.378285587725735 24.32999999821186 3.4426225492909004
    endloop
  endfacet
  facet normal 0 1 0
    outer loop
      vertex 37.86999999731779 24.32999999821186 0
      vertex 32.378285587725735 24.32999999821186 3.4426225492909004
      vertex 32.561474405323786 24.32999999821186 3.4953983384757756
    endloop
  endfacet
  facet normal 0 1 0
    outer loop
      vertex 37.86999999731779 24.32999999821186 0
      vertex 32.561474405323786 24.32999999821186 3.4953983384757756
      vertex 32.73760235649985 24.32999999821186 3.568352924565888
    endloop
  endfacet
  facet normal 0 1 0
    outer loop
      vertex 37.86999999731779 24.32999999821186 0
      vertex 32.73760235649985 24.32999999821186 3.568352924565888
      vertex 32.90445453007607 24.32999999821186 3.6605688613119174
    endloop
  endfacet
  facet normal 0 1 0
    outer loop
      vertex 37.86999999731779 24.32999999821186 0
      vertex 32.90445453007607 24.32999999821186 3.6605688613119174
      vertex 33.05993266315985 24.32999999821186 3.77088647980435
    endloop
  endfacet
  facet normal 0 1 0
    outer loop
      vertex 37.86999999731779 24.32999999821186 0
      vertex 33.05993266315985 24.32999999821186 3.77088647980435
      vertex 33.20208152801713 24.32999999821186 3.8979184719828694
    endloop
  endfacet
  facet normal 0 1 0
    outer loop
      vertex 37.86999999731779 24.32999999821186 0
      vertex 33.20208152801713 24.32999999821186 3.8979184719828694
      vertex 33.32911352019565 24.32999999821186 4.040067336840154
    endloop
  endfacet
  facet normal 0 1 0
    outer loop
      vertex 37.86999999731779 24.32999999821186 0
      vertex 33.32911352019565 24.32999999821186 4.040067336840154
      vertex 33.439431138688086 24.32999999821186 4.195545469923928
    endloop
  endfacet
  facet normal 0 1 0
    outer loop
      vertex 37.86999999731779 24.32999999821186 0
      vertex 33.439431138688086 24.32999999821186 4.195545469923928
      vertex 33.531647075434115 24.32999999821186 4.3623976435001515
    endloop
  endfacet
  facet normal 0 1 0
    outer loop
      vertex 37.86999999731779 24.32999999821186 0
      vertex 33.531647075434115 24.32999999821186 4.3623976435001515
      vertex 33.60460166152423 24.32999999821186 4.538525594676217
    endloop
  endfacet
  facet normal 0 1 0
    outer loop
      vertex 37.86999999731779 24.32999999821186 0
      vertex 33.60460166152423 24.32999999821186 4.538525594676217
      vertex 33.6573774507091 24.32999999821186 4.721714412274266
    endloop
  endfacet
  facet normal 0 1 0
    outer loop
      vertex 37.86999999731779 24.32999999821186 0
      vertex 33.6573774507091 24.32999999821186 4.721714412274266
      vertex 33.689310756818514 24.32999999821186 4.909660390624377
    endloop
  endfacet
  facet normal 0 1 0
    outer loop
      vertex 37.86999999731779 24.32999999821186 0
      vertex 33.689310756818514 24.32999999821186 4.909660390624377
      vertex 33.7 24.32999999821186 5.1000000000000005
    endloop
  endfacet
  facet normal 1 0 0
    outer loop
      vertex 40.36999999731779 20.865 0
      vertex 40.36999999731779 21.82999999821186 5.9
      vertex 40.36999999731779 20.865 5.9
    endloop
  endfacet
  facet normal 0 1 0
    outer loop
      vertex 37.86999999731779 24.32999999821186 0
      vertex 33.7 24.32999999821186 5.1000000000000005
      vertex 37.86999999731779 24.32999999821186 5.9
    endloop
  endfacet
  facet normal 0.9984268153983491 0.05607044046118207 0
    outer loop
      vertex 40.35428052395582 22.109911188483238 0
      vertex 40.35428052395582 22.109911188483238 5.9
      vertex 40.36999999731779 21.82999999821186 5.9
    endloop
  endfacet
  facet normal 0.9858710206774128 0.16750621059673051 0
    outer loop
      vertex 40.30731978267431 22.386302337050438 0
      vertex 40.30731978267431 22.386302337050438 5.9
      vertex 40.35428052395582 22.109911188483238 5.9
    endloop
  endfacet
  facet normal 0.96091732115748 0.2768355141587371 0
    outer loop
      vertex 40.22970832884312 22.655697651207447 0
      vertex 40.22970832884312 22.655697651207447 5.9
      vertex 40.30731978267431 22.386302337050438 5.9
    endloop
  endfacet
  facet normal 0.05607044046118207 0.9984268153983491 0
    outer loop
      vertex 37.86999999731779 24.32999999821186 0
      vertex 37.86999999731779 24.32999999821186 5.9
      vertex 38.14991118758917 24.31428052484989 5.9
    endloop
  endfacet
  facet normal 0.16750621059673051 0.9858710206774128 0
    outer loop
      vertex 38.14991118758917 24.31428052484989 0
      vertex 38.14991118758917 24.31428052484989 5.9
      vertex 38.42630233615637 24.267319783568382 5.9
    endloop
  endfacet
  facet normal 0.276835531628224 0.9609173161246074 0
    outer loop
      vertex 38.42630233615637 24.267319783568382 0
      vertex 38.42630233615637 24.267319783568382 5.9
      vertex 38.69569765776396 24.189708322286606 5.9
    endloop
  endfacet
  facet normal 0.3826834294613449 0.9238795337140573 0
    outer loop
      vertex 38.69569765776396 24.189708322286606 0
      vertex 38.69569765776396 24.189708322286606 5.9
      vertex 38.954709351062775 24.08242216706276 5.9
    endloop
  endfacet
  facet normal 0.48371887913857353 0.8752234263117746 0
    outer loop
      vertex 38.954709351062775 24.08242216706276 0
      vertex 38.954709351062775 24.08242216706276 5.9
      vertex 39.2000801935792 23.946810498833656 5.9
    endloop
  endfacet
  facet normal 0.745642160388002 0.6663465829820945 0
    outer loop
      vertex 39.63776694983244 23.59776695072651 0
      vertex 39.63776694983244 23.59776695072651 5.9
      vertex 39.8245787024498 23.388724505901337 5.9
    endloop
  endfacet
  facet normal 0.8752234325300814 0.48371886788739377 0
    outer loop
      vertex 39.98681049793959 23.160080194473267 0
      vertex 39.98681049793959 23.160080194473267 5.9
      vertex 40.12242216616869 22.914709344506264 5.9
    endloop
  endfacet
  facet normal 0.9238795243180984 0.3826834521451955 0
    outer loop
      vertex 40.12242216616869 22.914709344506264 0
      vertex 40.12242216616869 22.914709344506264 5.9
      vertex 40.22970832884312 22.655697651207447 5.9
    endloop
  endfacet
  facet normal 0.8155608606115735 0.5786713079447687 0
    outer loop
      vertex 39.8245787024498 23.388724505901337 0
      vertex 39.8245787024498 23.388724505901337 5.9
      vertex 39.98681049793959 23.160080194473267 5.9
    endloop
  endfacet
  facet normal 0.5786713079447687 0.8155608606115735 0
    outer loop
      vertex 39.2000801935792 23.946810498833656 0
      vertex 39.2000801935792 23.946810498833656 5.9
      vertex 39.42872450500727 23.78457870334387 5.9
    endloop
  endfacet
  facet normal 0.6663465829820945 0.745642160388002 0
    outer loop
      vertex 39.42872450500727 23.78457870334387 0
      vertex 39.42872450500727 23.78457870334387 5.9
      vertex 39.63776694983244 23.59776695072651 5.9
    endloop
  endfacet
  facet normal 0 1 0
    outer loop
      vertex 2.5 24.32999999821186 5.9
      vertex 30.3 24.32999999821186 5.1000000000000005
      vertex 30.31068924318149 24.32999999821186 4.909660390624378
    endloop
  endfacet
  facet normal 0 1 0
    outer loop
      vertex 2.5 24.32999999821186 5.9
      vertex 30.31068924318149 24.32999999821186 5.290339609375623
      vertex 30.3 24.32999999821186 5.1000000000000005
    endloop
  endfacet
  facet normal 0 1 0
    outer loop
      vertex 2.5 24.32999999821186 5.9
      vertex 30.3426225492909 24.32999999821186 5.478285587725735
      vertex 30.31068924318149 24.32999999821186 5.290339609375623
    endloop
  endfacet
  facet normal 0 1 0
    outer loop
      vertex 2.5 24.32999999821186 5.9
      vertex 30.395398338475776 24.32999999821186 5.661474405323784
      vertex 30.3426225492909 24.32999999821186 5.478285587725735
    endloop
  endfacet
  facet normal 0 0 1
    outer loop
      vertex 1.6 22.73 5.9
      vertex 30.502838883140964 22.73 5.9
      vertex 30.502838883140967 24.32999999821186 5.9
    endloop
  endfacet
  facet normal 0 1 0
    outer loop
      vertex 2.5 24.32999999821186 5.9
      vertex 30.468352924565888 24.32999999821186 5.83760235649985
      vertex 30.395398338475776 24.32999999821186 5.661474405323784
    endloop
  endfacet
  facet normal 0 1 0
    outer loop
      vertex 2.5 24.32999999821186 5.9
      vertex 30.502838883140967 24.32999999821186 5.9
      vertex 30.468352924565888 24.32999999821186 5.83760235649985
    endloop
  endfacet
  facet normal 0 1 0
    outer loop
      vertex 33.7 24.32999999821186 5.1000000000000005
      vertex 33.689310756818514 24.32999999821186 5.290339609375624
      vertex 37.86999999731779 24.32999999821186 5.9
    endloop
  endfacet
  facet normal 0 1 0
    outer loop
      vertex 33.689310756818514 24.32999999821186 5.290339609375624
      vertex 33.6573774507091 24.32999999821186 5.478285587725734
      vertex 37.86999999731779 24.32999999821186 5.9
    endloop
  endfacet
  facet normal 0 1 0
    outer loop
      vertex 33.6573774507091 24.32999999821186 5.478285587725734
      vertex 33.60460166152423 24.32999999821186 5.661474405323784
      vertex 37.86999999731779 24.32999999821186 5.9
    endloop
  endfacet
  facet normal 0 0 1
    outer loop
      vertex 33.49716111685904 22.73 5.9
      vertex 37.86999999731779 24.32999999821186 5.9
      vertex 33.49716111685904 24.32999999821186 5.9
    endloop
  endfacet
  facet normal 0 1 0
    outer loop
      vertex 33.60460166152423 24.32999999821186 5.661474405323784
      vertex 33.531647075434115 24.32999999821186 5.83760235649985
      vertex 37.86999999731779 24.32999999821186 5.9
    endloop
  endfacet
  facet normal 0 1 0
    outer loop
      vertex 33.531647075434115 24.32999999821186 5.83760235649985
      vertex 33.49716111685904 24.32999999821186 5.9
      vertex 37.86999999731779 24.32999999821186 5.9
    endloop
  endfacet
  facet normal 0 0 1
    outer loop
      vertex 33.49716111685904 22.73 5.9
      vertex 38.769999999999996 22.73 5.9
      vertex 37.86999999731779 24.32999999821186 5.9
    endloop
  endfacet
  facet normal 0 0 1
    outer loop
      vertex 38.769999999999996 20.865 5.9
      vertex 38.954709351062775 24.08242216706276 5.9
      vertex 38.769999999999996 22.73 5.9
    endloop
  endfacet
  facet normal 0 0 1
    outer loop
      vertex 38.769999999999996 20.865 5.9
      vertex 40.36999999731779 20.865 5.9
      vertex 38.954709351062775 24.08242216706276 5.9
    endloop
  endfacet
  facet normal 0 0 1
    outer loop
      vertex 40.36999999731779 20.865 5.9
      vertex 40.36999999731779 21.82999999821186 5.9
      vertex 40.35428052395582 22.109911188483238 5.9
    endloop
  endfacet
  facet normal 0 0 1
    outer loop
      vertex 40.36999999731779 20.865 5.9
      vertex 40.35428052395582 22.109911188483238 5.9
      vertex 40.30731978267431 22.386302337050438 5.9
    endloop
  endfacet
  facet normal 0 0 1
    outer loop
      vertex 40.36999999731779 20.865 5.9
      vertex 40.30731978267431 22.386302337050438 5.9
      vertex 40.22970832884312 22.655697651207447 5.9
    endloop
  endfacet
  facet normal 0 0 1
    outer loop
      vertex 40.36999999731779 20.865 5.9
      vertex 40.22970832884312 22.655697651207447 5.9
      vertex 40.12242216616869 22.914709344506264 5.9
    endloop
  endfacet
  facet normal 0 0 1
    outer loop
      vertex 40.36999999731779 20.865 5.9
      vertex 40.12242216616869 22.914709344506264 5.9
      vertex 39.98681049793959 23.160080194473267 5.9
    endloop
  endfacet
  facet normal 0 0 1
    outer loop
      vertex 40.36999999731779 20.865 5.9
      vertex 39.8245787024498 23.388724505901337 5.9
      vertex 39.63776694983244 23.59776695072651 5.9
    endloop
  endfacet
  facet normal 0 0 1
    outer loop
      vertex 40.36999999731779 20.865 5.9
      vertex 39.63776694983244 23.59776695072651 5.9
      vertex 39.42872450500727 23.78457870334387 5.9
    endloop
  endfacet
  facet normal 0 0 1
    outer loop
      vertex 40.36999999731779 20.865 5.9
      vertex 39.98681049793959 23.160080194473267 5.9
      vertex 39.8245787024498 23.388724505901337 5.9
    endloop
  endfacet
  facet normal 0 0 1
    outer loop
      vertex 38.769999999999996 22.73 5.9
      vertex 38.14991118758917 24.31428052484989 5.9
      vertex 37.86999999731779 24.32999999821186 5.9
    endloop
  endfacet
  facet normal 0 0 1
    outer loop
      vertex 38.769999999999996 22.73 5.9
      vertex 38.42630233615637 24.267319783568382 5.9
      vertex 38.14991118758917 24.31428052484989 5.9
    endloop
  endfacet
  facet normal 0 0 1
    outer loop
      vertex 38.769999999999996 22.73 5.9
      vertex 38.69569765776396 24.189708322286606 5.9
      vertex 38.42630233615637 24.267319783568382 5.9
    endloop
  endfacet
  facet normal 0 0 1
    outer loop
      vertex 38.769999999999996 22.73 5.9
      vertex 38.954709351062775 24.08242216706276 5.9
      vertex 38.69569765776396 24.189708322286606 5.9
    endloop
  endfacet
  facet normal 0 0 1
    outer loop
      vertex 40.36999999731779 20.865 5.9
      vertex 39.2000801935792 23.946810498833656 5.9
      vertex 38.954709351062775 24.08242216706276 5.9
    endloop
  endfacet
  facet normal 0 0 1
    outer loop
      vertex 40.36999999731779 20.865 5.9
      vertex 39.42872450500727 23.78457870334387 5.9
      vertex 39.2000801935792 23.946810498833656 5.9
    endloop
  endfacet
  facet normal 0.3826834323650916 0 0.923879532511286
    outer loop
      vertex 31.438525594676214 0 3.4953983384757756
      vertex 31.438525594676214 1.6 3.4953983384757756
      vertex 31.26239764350015 0 3.568352924565888
    endloop
  endfacet
  facet normal 0.4837188871052388 0 0.8752234219087544
    outer loop
      vertex 31.26239764350015 0 3.568352924565888
      vertex 31.26239764350015 1.6 3.568352924565888
      vertex 31.095545469923927 0 3.6605688613119174
    endloop
  endfacet
  facet normal 0.2768355114248473 0 0.9609173219451002
    outer loop
      vertex 31.438525594676214 0 3.4953983384757756
      vertex 31.621714412274265 1.6 3.4426225492909004
      vertex 31.438525594676214 1.6 3.4953983384757756
    endloop
  endfacet
  facet normal 0.4837188871052388 0 0.8752234219087544
    outer loop
      vertex 31.095545469923927 0 3.6605688613119174
      vertex 31.26239764350015 1.6 3.568352924565888
      vertex 31.095545469923927 1.6 3.6605688613119174
    endloop
  endfacet
  facet normal 0.3826834323650916 0 0.923879532511286
    outer loop
      vertex 31.26239764350015 0 3.568352924565888
      vertex 31.438525594676214 1.6 3.4953983384757756
      vertex 31.26239764350015 1.6 3.568352924565888
    endloop
  endfacet
  facet normal 0.2768355114248473 1.0059542994136409e-18 0.9609173219451002
    outer loop
      vertex 31.438525594676214 0 3.4953983384757756
      vertex 31.621714412274265 0 3.4426225492909004
      vertex 31.621714412274265 1.6 3.4426225492909004
    endloop
  endfacet
  facet normal 0.16750622330473747 -9.485857576131887e-20 0.9858710185182358
    outer loop
      vertex 31.621714412274265 0 3.4426225492909004
      vertex 31.809660390624376 0 3.410689243181488
      vertex 31.809660390624376 1.6 3.410689243181488
    endloop
  endfacet
  facet normal 0.056070447237191484 -2.199946528437858e-19 0.9984268150178165
    outer loop
      vertex 31.809660390624376 0 3.410689243181488
      vertex 32 0 3.4000000000000004
      vertex 32 1.6 3.4000000000000004
    endloop
  endfacet
  facet normal -0.056070447237192525 -5.85140293792197e-19 0.9984268150178165
    outer loop
      vertex 32 0 3.4000000000000004
      vertex 32.19033960937562 0 3.410689243181488
      vertex 32.19033960937562 1.6 3.410689243181488
    endloop
  endfacet
  facet normal -0.1675062233047344 -4.772101501135324e-19 0.9858710185182362
    outer loop
      vertex 32.19033960937562 0 3.410689243181488
      vertex 32.378285587725735 0 3.4426225492909004
      vertex 32.378285587725735 1.6 3.4426225492909004
    endloop
  endfacet
  facet normal -0.2768355114248473 -1.0059542994136409e-18 0.9609173219451002
    outer loop
      vertex 32.378285587725735 0 3.4426225492909004
      vertex 32.561474405323786 0 3.4953983384757756
      vertex 32.561474405323786 1.6 3.4953983384757756
    endloop
  endfacet
  facet normal -0.3826834323650916 -2.232550393008222e-18 0.923879532511286
    outer loop
      vertex 32.561474405323786 0 3.4953983384757756
      vertex 32.73760235649985 0 3.568352924565888
      vertex 32.73760235649985 1.6 3.568352924565888
    endloop
  endfacet
  facet normal 0.16750622330473747 0 0.9858710185182358
    outer loop
      vertex 31.621714412274265 0 3.4426225492909004
      vertex 31.809660390624376 1.6 3.410689243181488
      vertex 31.621714412274265 1.6 3.4426225492909004
    endloop
  endfacet
  facet normal 0.056070447237191484 0 0.9984268150178165
    outer loop
      vertex 31.809660390624376 0 3.410689243181488
      vertex 32 1.6 3.4000000000000004
      vertex 31.809660390624376 1.6 3.410689243181488
    endloop
  endfacet
  facet normal -0.056070447237192525 0 0.9984268150178165
    outer loop
      vertex 32 0 3.4000000000000004
      vertex 32.19033960937562 1.6 3.410689243181488
      vertex 32 1.6 3.4000000000000004
    endloop
  endfacet
  facet normal -0.1675062233047344 0 0.9858710185182362
    outer loop
      vertex 32.19033960937562 0 3.410689243181488
      vertex 32.378285587725735 1.6 3.4426225492909004
      vertex 32.19033960937562 1.6 3.410689243181488
    endloop
  endfacet
  facet normal -0.2768355114248473 0 0.9609173219451002
    outer loop
      vertex 32.378285587725735 0 3.4426225492909004
      vertex 32.561474405323786 1.6 3.4953983384757756
      vertex 32.378285587725735 1.6 3.4426225492909004
    endloop
  endfacet
  facet normal -0.3826834323650916 0 0.923879532511286
    outer loop
      vertex 32.561474405323786 0 3.4953983384757756
      vertex 32.73760235649985 1.6 3.568352924565888
      vertex 32.561474405323786 1.6 3.4953983384757756
    endloop
  endfacet
  facet normal -0.4837188871052388 0 0.8752234219087544
    outer loop
      vertex 32.73760235649985 0 3.568352924565888
      vertex 32.90445453007607 1.6 3.6605688613119174
      vertex 32.73760235649985 1.6 3.568352924565888
    endloop
  endfacet
  facet normal 0.666346577952004 2.1334403244853696e-18 0.7456421648831655
    outer loop
      vertex 30.797918471982868 0 3.8979184719828694
      vertex 30.94006733684015 0 3.77088647980435
      vertex 30.94006733684015 1.6 3.77088647980435
    endloop
  endfacet
  facet normal 0.5786712961798046 0 0.8155608689592609
    outer loop
      vertex 31.095545469923927 0 3.6605688613119174
      vertex 31.095545469923927 1.6 3.6605688613119174
      vertex 30.94006733684015 0 3.77088647980435
    endloop
  endfacet
  facet normal 0.7456421648831655 0 0.666346577952004
    outer loop
      vertex 30.797918471982868 0 3.8979184719828694
      vertex 30.797918471982868 1.6 3.8979184719828694
      vertex 30.67088647980435 0 4.040067336840153
    endloop
  endfacet
  facet normal 0.8155608689592654 0 0.5786712961797985
    outer loop
      vertex 30.67088647980435 0 4.040067336840153
      vertex 30.67088647980435 1.6 4.040067336840153
      vertex 30.560568861311918 0 4.195545469923928
    endloop
  endfacet
  facet normal 0.666346577952004 0 0.7456421648831655
    outer loop
      vertex 30.797918471982868 0 3.8979184719828694
      vertex 30.94006733684015 1.6 3.77088647980435
      vertex 30.797918471982868 1.6 3.8979184719828694
    endloop
  endfacet
  facet normal 0.5786712961798046 0 0.8155608689592609
    outer loop
      vertex 30.94006733684015 0 3.77088647980435
      vertex 31.095545469923927 1.6 3.6605688613119174
      vertex 30.94006733684015 1.6 3.77088647980435
    endloop
  endfacet
  facet normal 0.7456421648831655 0 0.666346577952004
    outer loop
      vertex 30.67088647980435 0 4.040067336840153
      vertex 30.797918471982868 1.6 3.8979184719828694
      vertex 30.67088647980435 1.6 4.040067336840153
    endloop
  endfacet
  facet normal 0.8155608689592654 1.035199953903515e-18 0.5786712961797985
    outer loop
      vertex 30.67088647980435 1.6 4.040067336840153
      vertex 30.560568861311918 1.6 4.195545469923928
      vertex 30.560568861311918 0 4.195545469923928
    endloop
  endfacet
  facet normal -0.4837188871052388 -1.898449231717883e-18 0.8752234219087544
    outer loop
      vertex 32.73760235649985 0 3.568352924565888
      vertex 32.90445453007607 0 3.6605688613119174
      vertex 32.90445453007607 1.6 3.6605688613119174
    endloop
  endfacet
  facet normal -0.5786712961798046 -5.530303695314112e-18 0.8155608689592609
    outer loop
      vertex 32.90445453007607 0 3.6605688613119174
      vertex 33.05993266315985 0 3.77088647980435
      vertex 33.05993266315985 1.6 3.77088647980435
    endloop
  endfacet
  facet normal -0.666346577952004 -2.1334403244853696e-18 0.7456421648831655
    outer loop
      vertex 33.05993266315985 0 3.77088647980435
      vertex 33.20208152801713 0 3.8979184719828694
      vertex 33.20208152801713 1.6 3.8979184719828694
    endloop
  endfacet
  facet normal -0.745642164883177 -2.5912315813776243e-18 0.6663465779519914
    outer loop
      vertex 33.20208152801713 0 3.8979184719828694
      vertex 33.32911352019565 0 4.040067336840154
      vertex 33.32911352019565 1.6 4.040067336840154
    endloop
  endfacet
  facet normal -0.8155608689592462 9.883711424181485e-19 0.5786712961798255
    outer loop
      vertex 33.32911352019565 0 4.040067336840154
      vertex 33.439431138688086 0 4.195545469923928
      vertex 33.439431138688086 1.6 4.195545469923928
    endloop
  endfacet
  facet normal -0.5786712961798046 0 0.8155608689592609
    outer loop
      vertex 32.90445453007607 0 3.6605688613119174
      vertex 33.05993266315985 1.6 3.77088647980435
      vertex 32.90445453007607 1.6 3.6605688613119174
    endloop
  endfacet
  facet normal -0.666346577952004 0 0.7456421648831655
    outer loop
      vertex 33.05993266315985 0 3.77088647980435
      vertex 33.20208152801713 1.6 3.8979184719828694
      vertex 33.05993266315985 1.6 3.77088647980435
    endloop
  endfacet
  facet normal -0.745642164883177 0 0.6663465779519914
    outer loop
      vertex 33.20208152801713 0 3.8979184719828694
      vertex 33.32911352019565 1.6 4.040067336840154
      vertex 33.20208152801713 1.6 3.8979184719828694
    endloop
  endfacet
  facet normal -0.8155608689592462 0 0.5786712961798255
    outer loop
      vertex 33.32911352019565 0 4.040067336840154
      vertex 33.439431138688086 1.6 4.195545469923928
      vertex 33.32911352019565 1.6 4.040067336840154
    endloop
  endfacet
  facet normal 0.8752234219087532 0 0.48371888710524075
    outer loop
      vertex 30.560568861311918 0 4.195545469923928
      vertex 30.560568861311918 1.6 4.195545469923928
      vertex 30.468352924565888 0 4.3623976435001515
    endloop
  endfacet
  facet normal 0.9238795325112865 0 0.3826834323650903
    outer loop
      vertex 30.468352924565888 0 4.3623976435001515
      vertex 30.468352924565888 1.6 4.3623976435001515
      vertex 30.395398338475776 0 4.538525594676217
    endloop
  endfacet
  facet normal 0.9609173219451007 0 0.27683551142484547
    outer loop
      vertex 30.395398338475776 0 4.538525594676217
      vertex 30.395398338475776 1.6 4.538525594676217
      vertex 30.3426225492909 0 4.721714412274266
    endloop
  endfacet
  facet normal 0.8752234219087532 0 0.48371888710524075
    outer loop
      vertex 30.468352924565888 0 4.3623976435001515
      vertex 30.560568861311918 1.6 4.195545469923928
      vertex 30.468352924565888 1.6 4.3623976435001515
    endloop
  endfacet
  facet normal 0.9238795325112865 0 0.3826834323650903
    outer loop
      vertex 30.395398338475776 0 4.538525594676217
      vertex 30.468352924565888 1.6 4.3623976435001515
      vertex 30.395398338475776 1.6 4.538525594676217
    endloop
  endfacet
  facet normal 0.9609173219451007 0 0.27683551142484547
    outer loop
      vertex 30.3426225492909 0 4.721714412274266
      vertex 30.395398338475776 1.6 4.538525594676217
      vertex 30.3426225492909 1.6 4.721714412274266
    endloop
  endfacet
  facet normal 0.9858710185182362 0 0.16750622330473441
    outer loop
      vertex 30.3426225492909 0 4.721714412274266
      vertex 30.3426225492909 1.6 4.721714412274266
      vertex 30.31068924318149 0 4.909660390624378
    endloop
  endfacet
  facet normal 0.9984268150178163 0 0.0560704472371964
    outer loop
      vertex 30.31068924318149 0 4.909660390624378
      vertex 30.31068924318149 1.6 4.909660390624378
      vertex 30.3 0 5.1000000000000005
    endloop
  endfacet
  facet normal 0.9984268150178163 0 -0.0560704472371964
    outer loop
      vertex 30.3 0 5.1000000000000005
      vertex 30.3 1.6 5.1000000000000005
      vertex 30.31068924318149 0 5.290339609375623
    endloop
  endfacet
  facet normal 0.9858710185182362 0 0.16750622330473441
    outer loop
      vertex 30.31068924318149 0 4.909660390624378
      vertex 30.3426225492909 1.6 4.721714412274266
      vertex 30.31068924318149 1.6 4.909660390624378
    endloop
  endfacet
  facet normal 0.9984268150178163 0 0.0560704472371964
    outer loop
      vertex 30.3 0 5.1000000000000005
      vertex 30.31068924318149 1.6 4.909660390624378
      vertex 30.3 1.6 5.1000000000000005
    endloop
  endfacet
  facet normal -0.8752234219087532 2.5684953461203924e-18 0.48371888710524075
    outer loop
      vertex 33.439431138688086 0 4.195545469923928
      vertex 33.531647075434115 0 4.3623976435001515
      vertex 33.531647075434115 1.6 4.3623976435001515
    endloop
  endfacet
  facet normal -0.9238795325112865 2.284505512593405e-18 0.3826834323650903
    outer loop
      vertex 33.531647075434115 0 4.3623976435001515
      vertex 33.60460166152423 0 4.538525594676217
      vertex 33.60460166152423 1.6 4.538525594676217
    endloop
  endfacet
  facet normal -0.9609173219451056 -1.0388329171509017e-18 0.2768355114248282
    outer loop
      vertex 33.60460166152423 0 4.538525594676217
      vertex 33.6573774507091 0 4.721714412274266
      vertex 33.6573774507091 1.6 4.721714412274266
    endloop
  endfacet
  facet normal -0.8752234219087532 0 0.48371888710524075
    outer loop
      vertex 33.439431138688086 0 4.195545469923928
      vertex 33.531647075434115 1.6 4.3623976435001515
      vertex 33.439431138688086 1.6 4.195545469923928
    endloop
  endfacet
  facet normal -0.9238795325112865 0 0.3826834323650903
    outer loop
      vertex 33.531647075434115 0 4.3623976435001515
      vertex 33.60460166152423 1.6 4.538525594676217
      vertex 33.531647075434115 1.6 4.3623976435001515
    endloop
  endfacet
  facet normal -0.9609173219451056 0 0.2768355114248282
    outer loop
      vertex 33.60460166152423 0 4.538525594676217
      vertex 33.6573774507091 1.6 4.721714412274266
      vertex 33.60460166152423 1.6 4.538525594676217
    endloop
  endfacet
  facet normal -0.9858710185182329 -1.0471667736092025e-18 0.1675062233047533
    outer loop
      vertex 33.6573774507091 0 4.721714412274266
      vertex 33.689310756818514 0 4.909660390624377
      vertex 33.689310756818514 1.6 4.909660390624377
    endloop
  endfacet
  facet normal -0.9984268150178163 -4.229830556180531e-20 0.05607044723719613
    outer loop
      vertex 33.689310756818514 0 4.909660390624377
      vertex 33.7 0 5.1000000000000005
      vertex 33.7 1.6 5.1000000000000005
    endloop
  endfacet
  facet normal -0.9858710185182329 0 0.1675062233047533
    outer loop
      vertex 33.6573774507091 0 4.721714412274266
      vertex 33.689310756818514 1.6 4.909660390624377
      vertex 33.6573774507091 1.6 4.721714412274266
    endloop
  endfacet
  facet normal -0.9984268150178163 0 0.05607044723719613
    outer loop
      vertex 33.689310756818514 0 4.909660390624377
      vertex 33.7 1.6 5.1000000000000005
      vertex 33.689310756818514 1.6 4.909660390624377
    endloop
  endfacet
  facet normal -0.9984268150178163 0 -0.05607044723719613
    outer loop
      vertex 33.7 0 5.1000000000000005
      vertex 33.689310756818514 1.6 5.290339609375624
      vertex 33.7 1.6 5.1000000000000005
    endloop
  endfacet
  facet normal 0.9858710185182362 0 -0.16750622330473441
    outer loop
      vertex 30.31068924318149 0 5.290339609375623
      vertex 30.31068924318149 1.6 5.290339609375623
      vertex 30.3426225492909 0 5.478285587725735
    endloop
  endfacet
  facet normal 0.9609173219451007 0 -0.27683551142484547
    outer loop
      vertex 30.3426225492909 0 5.478285587725735
      vertex 30.3426225492909 1.6 5.478285587725735
      vertex 30.395398338475776 0 5.661474405323784
    endloop
  endfacet
  facet normal 0.9238795325112865 0 -0.3826834323650903
    outer loop
      vertex 30.395398338475776 0 5.661474405323784
      vertex 30.395398338475776 1.6 5.661474405323784
      vertex 30.468352924565888 0 5.83760235649985
    endloop
  endfacet
  facet normal 0.9984268150178163 1.1186700404352397e-19 -0.0560704472371964
    outer loop
      vertex 30.3 1.6 5.1000000000000005
      vertex 30.31068924318149 1.6 5.290339609375623
      vertex 30.31068924318149 0 5.290339609375623
    endloop
  endfacet
  facet normal 0.9858710185182362 0 -0.16750622330473441
    outer loop
      vertex 30.3426225492909 0 5.478285587725735
      vertex 30.31068924318149 1.6 5.290339609375623
      vertex 30.3426225492909 1.6 5.478285587725735
    endloop
  endfacet
  facet normal 0.9609173219451007 0 -0.27683551142484547
    outer loop
      vertex 30.395398338475776 0 5.661474405323784
      vertex 30.3426225492909 1.6 5.478285587725735
      vertex 30.395398338475776 1.6 5.661474405323784
    endloop
  endfacet
  facet normal 0.875223421908742 1.944500785886129e-15 -0.4837188871052609
    outer loop
      vertex 30.468352924565888 0 5.83760235649985
      vertex 30.502838883140964 1.6 5.9
      vertex 30.502838883140967 0 5.9
    endloop
  endfacet
  facet normal 0.9238795325112865 0 -0.3826834323650903
    outer loop
      vertex 30.468352924565888 0 5.83760235649985
      vertex 30.395398338475776 1.6 5.661474405323784
      vertex 30.468352924565888 1.6 5.83760235649985
    endloop
  endfacet
  facet normal 0.8752234219087631 0 -0.4837188871052227
    outer loop
      vertex 30.468352924565888 0 5.83760235649985
      vertex 30.468352924565888 1.6 5.83760235649985
      vertex 30.502838883140964 1.6 5.9
    endloop
  endfacet
  facet normal -0.9984268150178163 4.229830556180531e-20 -0.05607044723719613
    outer loop
      vertex 33.7 0 5.1000000000000005
      vertex 33.689310756818514 0 5.290339609375624
      vertex 33.689310756818514 1.6 5.290339609375624
    endloop
  endfacet
  facet normal -0.9858710185182328 1.932514996157262e-19 -0.16750622330475406
    outer loop
      vertex 33.689310756818514 0 5.290339609375624
      vertex 33.6573774507091 0 5.478285587725734
      vertex 33.6573774507091 1.6 5.478285587725734
    endloop
  endfacet
  facet normal -0.9609173219451059 9.18241495594175e-19 -0.27683551142482704
    outer loop
      vertex 33.6573774507091 0 5.478285587725734
      vertex 33.60460166152423 0 5.661474405323784
      vertex 33.60460166152423 1.6 5.661474405323784
    endloop
  endfacet
  facet normal -0.9858710185182328 0 -0.16750622330475406
    outer loop
      vertex 33.689310756818514 0 5.290339609375624
      vertex 33.6573774507091 1.6 5.478285587725734
      vertex 33.689310756818514 1.6 5.290339609375624
    endloop
  endfacet
  facet normal -0.9609173219451059 0 -0.27683551142482704
    outer loop
      vertex 33.6573774507091 0 5.478285587725734
      vertex 33.60460166152423 1.6 5.661474405323784
      vertex 33.6573774507091 1.6 5.478285587725734
    endloop
  endfacet
  facet normal -0.9238795325112865 0 -0.3826834323650903
    outer loop
      vertex 33.60460166152423 0 5.661474405323784
      vertex 33.531647075434115 1.6 5.83760235649985
      vertex 33.60460166152423 1.6 5.661474405323784
    endloop
  endfacet
  facet normal -0.9238795325112865 -2.284505512593405e-18 -0.3826834323650903
    outer loop
      vertex 33.60460166152423 0 5.661474405323784
      vertex 33.531647075434115 0 5.83760235649985
      vertex 33.531647075434115 1.6 5.83760235649985
    endloop
  endfacet
  facet normal -0.8752234219087631 0 -0.4837188871052227
    outer loop
      vertex 33.531647075434115 0 5.83760235649985
      vertex 33.49716111685904 0 5.9
      vertex 33.531647075434115 1.6 5.83760235649985
    endloop
  endfacet
  facet normal -0.8752234219087631 0 -0.4837188871052227
    outer loop
      vertex 33.49716111685904 0 5.9
      vertex 33.49716111685904 1.6 5.9
      vertex 33.531647075434115 1.6 5.83760235649985
    endloop
  endfacet
  facet normal 0.38268343236509167 0 0.9238795325112861
    outer loop
      vertex 31.438525594676214 22.73 3.4953983384757756
      vertex 31.438525594676214 24.32999999821186 3.4953983384757756
      vertex 31.26239764350015 22.73 3.568352924565888
    endloop
  endfacet
  facet normal 0.4837188871052388 0 0.8752234219087542
    outer loop
      vertex 31.26239764350015 22.73 3.568352924565888
      vertex 31.26239764350015 24.32999999821186 3.568352924565888
      vertex 31.095545469923927 22.73 3.6605688613119174
    endloop
  endfacet
  facet normal 0.27683551142484736 0 0.9609173219451002
    outer loop
      vertex 31.438525594676214 22.73 3.4953983384757756
      vertex 31.621714412274265 24.32999999821186 3.4426225492909004
      vertex 31.438525594676214 24.32999999821186 3.4953983384757756
    endloop
  endfacet
  facet normal 0.4837188871052388 0 0.8752234219087542
    outer loop
      vertex 31.095545469923927 22.73 3.6605688613119174
      vertex 31.26239764350015 24.32999999821186 3.568352924565888
      vertex 31.095545469923927 24.32999999821186 3.6605688613119174
    endloop
  endfacet
  facet normal 0.38268343236509167 0 0.9238795325112861
    outer loop
      vertex 31.26239764350015 22.73 3.568352924565888
      vertex 31.438525594676214 24.32999999821186 3.4953983384757756
      vertex 31.26239764350015 24.32999999821186 3.568352924565888
    endloop
  endfacet
  facet normal 0.27683551142484736 1.0059543005378829e-18 0.9609173219451002
    outer loop
      vertex 31.438525594676214 22.73 3.4953983384757756
      vertex 31.621714412274265 22.73 3.4426225492909004
      vertex 31.621714412274265 24.32999999821186 3.4426225492909004
    endloop
  endfacet
  facet normal 0.16750622330473747 -9.485857586733164e-20 0.9858710185182358
    outer loop
      vertex 31.621714412274265 22.73 3.4426225492909004
      vertex 31.809660390624376 22.73 3.410689243181488
      vertex 31.809660390624376 24.32999999821186 3.410689243181488
    endloop
  endfacet
  facet normal 0.05607044723719149 -2.199946530896491e-19 0.9984268150178165
    outer loop
      vertex 31.809660390624376 22.73 3.410689243181488
      vertex 32 22.73 3.4000000000000004
      vertex 32 24.32999999821186 3.4000000000000004
    endloop
  endfacet
  facet normal -0.05607044723719253 -5.851402944461425e-19 0.9984268150178165
    outer loop
      vertex 32 22.73 3.4000000000000004
      vertex 32.19033960937562 22.73 3.410689243181488
      vertex 32.19033960937562 24.32999999821186 3.410689243181488
    endloop
  endfacet
  facet normal -0.16750622330473436 -4.772101506468564e-19 0.9858710185182362
    outer loop
      vertex 32.19033960937562 22.73 3.410689243181488
      vertex 32.378285587725735 22.73 3.4426225492909004
      vertex 32.378285587725735 24.32999999821186 3.4426225492909004
    endloop
  endfacet
  facet normal -0.27683551142484736 -1.0059543005378829e-18 0.9609173219451002
    outer loop
      vertex 32.378285587725735 22.73 3.4426225492909004
      vertex 32.561474405323786 22.73 3.4953983384757756
      vertex 32.561474405323786 24.32999999821186 3.4953983384757756
    endloop
  endfacet
  facet normal -0.38268343236509167 -2.2325503955032924e-18 0.9238795325112861
    outer loop
      vertex 32.561474405323786 22.73 3.4953983384757756
      vertex 32.73760235649985 22.73 3.568352924565888
      vertex 32.73760235649985 24.32999999821186 3.568352924565888
    endloop
  endfacet
  facet normal 0.16750622330473747 0 0.9858710185182358
    outer loop
      vertex 31.621714412274265 22.73 3.4426225492909004
      vertex 31.809660390624376 24.32999999821186 3.410689243181488
      vertex 31.621714412274265 24.32999999821186 3.4426225492909004
    endloop
  endfacet
  facet normal 0.05607044723719149 0 0.9984268150178165
    outer loop
      vertex 31.809660390624376 22.73 3.410689243181488
      vertex 32 24.32999999821186 3.4000000000000004
      vertex 31.809660390624376 24.32999999821186 3.410689243181488
    endloop
  endfacet
  facet normal -0.05607044723719253 0 0.9984268150178165
    outer loop
      vertex 32 22.73 3.4000000000000004
      vertex 32.19033960937562 24.32999999821186 3.410689243181488
      vertex 32 24.32999999821186 3.4000000000000004
    endloop
  endfacet
  facet normal -0.16750622330473436 0 0.9858710185182362
    outer loop
      vertex 32.19033960937562 22.73 3.410689243181488
      vertex 32.378285587725735 24.32999999821186 3.4426225492909004
      vertex 32.19033960937562 24.32999999821186 3.410689243181488
    endloop
  endfacet
  facet normal -0.27683551142484736 0 0.9609173219451002
    outer loop
      vertex 32.378285587725735 22.73 3.4426225492909004
      vertex 32.561474405323786 24.32999999821186 3.4953983384757756
      vertex 32.378285587725735 24.32999999821186 3.4426225492909004
    endloop
  endfacet
  facet normal -0.38268343236509167 0 0.9238795325112861
    outer loop
      vertex 32.561474405323786 22.73 3.4953983384757756
      vertex 32.73760235649985 24.32999999821186 3.568352924565888
      vertex 32.561474405323786 24.32999999821186 3.4953983384757756
    endloop
  endfacet
  facet normal -0.4837188871052388 0 0.8752234219087542
    outer loop
      vertex 32.73760235649985 22.73 3.568352924565888
      vertex 32.90445453007607 24.32999999821186 3.6605688613119174
      vertex 32.73760235649985 24.32999999821186 3.568352924565888
    endloop
  endfacet
  facet normal 0.666346577952004 2.133440326869676e-18 0.7456421648831656
    outer loop
      vertex 30.797918471982868 22.73 3.8979184719828694
      vertex 30.94006733684015 22.73 3.77088647980435
      vertex 30.94006733684015 24.32999999821186 3.77088647980435
    endloop
  endfacet
  facet normal 0.5786712961798046 0 0.815560868959261
    outer loop
      vertex 31.095545469923927 22.73 3.6605688613119174
      vertex 31.095545469923927 24.32999999821186 3.6605688613119174
      vertex 30.94006733684015 22.73 3.77088647980435
    endloop
  endfacet
  facet normal 0.7456421648831656 0 0.666346577952004
    outer loop
      vertex 30.797918471982868 22.73 3.8979184719828694
      vertex 30.797918471982868 24.32999999821186 3.8979184719828694
      vertex 30.67088647980435 22.73 4.040067336840153
    endloop
  endfacet
  facet normal 0.8155608689592653 0 0.5786712961797984
    outer loop
      vertex 30.67088647980435 22.73 4.040067336840153
      vertex 30.67088647980435 24.32999999821186 4.040067336840153
      vertex 30.560568861311918 22.73 4.195545469923928
    endloop
  endfacet
  facet normal 0.666346577952004 0 0.7456421648831656
    outer loop
      vertex 30.797918471982868 22.73 3.8979184719828694
      vertex 30.94006733684015 24.32999999821186 3.77088647980435
      vertex 30.797918471982868 24.32999999821186 3.8979184719828694
    endloop
  endfacet
  facet normal 0.5786712961798046 0 0.815560868959261
    outer loop
      vertex 30.94006733684015 22.73 3.77088647980435
      vertex 31.095545469923927 24.32999999821186 3.6605688613119174
      vertex 30.94006733684015 24.32999999821186 3.77088647980435
    endloop
  endfacet
  facet normal 0.7456421648831656 0 0.666346577952004
    outer loop
      vertex 30.67088647980435 22.73 4.040067336840153
      vertex 30.797918471982868 24.32999999821186 3.8979184719828694
      vertex 30.67088647980435 24.32999999821186 4.040067336840153
    endloop
  endfacet
  facet normal 0.8155608689592653 1.0351999550604413e-18 0.5786712961797984
    outer loop
      vertex 30.67088647980435 24.32999999821186 4.040067336840153
      vertex 30.560568861311918 24.32999999821186 4.195545469923928
      vertex 30.560568861311918 22.73 4.195545469923928
    endloop
  endfacet
  facet normal -0.4837188871052388 -1.898449233839566e-18 0.8752234219087542
    outer loop
      vertex 32.73760235649985 22.73 3.568352924565888
      vertex 32.90445453007607 22.73 3.6605688613119174
      vertex 32.90445453007607 24.32999999821186 3.6605688613119174
    endloop
  endfacet
  facet normal -0.5786712961798046 -5.53030370149471e-18 0.815560868959261
    outer loop
      vertex 32.90445453007607 22.73 3.6605688613119174
      vertex 33.05993266315985 22.73 3.77088647980435
      vertex 33.05993266315985 24.32999999821186 3.77088647980435
    endloop
  endfacet
  facet normal -0.666346577952004 -2.133440326869676e-18 0.7456421648831656
    outer loop
      vertex 33.05993266315985 22.73 3.77088647980435
      vertex 33.20208152801713 22.73 3.8979184719828694
      vertex 33.20208152801713 24.32999999821186 3.8979184719828694
    endloop
  endfacet
  facet normal -0.7456421648831769 -2.591231584273552e-18 0.6663465779519914
    outer loop
      vertex 33.20208152801713 22.73 3.8979184719828694
      vertex 33.32911352019565 22.73 4.040067336840154
      vertex 33.32911352019565 24.32999999821186 4.040067336840154
    endloop
  endfacet
  facet normal -0.8155608689592463 9.883711435227398e-19 0.5786712961798255
    outer loop
      vertex 33.32911352019565 22.73 4.040067336840154
      vertex 33.439431138688086 22.73 4.195545469923928
      vertex 33.439431138688086 24.32999999821186 4.195545469923928
    endloop
  endfacet
  facet normal -0.5786712961798046 0 0.815560868959261
    outer loop
      vertex 32.90445453007607 22.73 3.6605688613119174
      vertex 33.05993266315985 24.32999999821186 3.77088647980435
      vertex 32.90445453007607 24.32999999821186 3.6605688613119174
    endloop
  endfacet
  facet normal -0.666346577952004 0 0.7456421648831656
    outer loop
      vertex 33.05993266315985 22.73 3.77088647980435
      vertex 33.20208152801713 24.32999999821186 3.8979184719828694
      vertex 33.05993266315985 24.32999999821186 3.77088647980435
    endloop
  endfacet
  facet normal -0.7456421648831769 0 0.6663465779519914
    outer loop
      vertex 33.20208152801713 22.73 3.8979184719828694
      vertex 33.32911352019565 24.32999999821186 4.040067336840154
      vertex 33.20208152801713 24.32999999821186 3.8979184719828694
    endloop
  endfacet
  facet normal -0.8155608689592463 0 0.5786712961798255
    outer loop
      vertex 33.32911352019565 22.73 4.040067336840154
      vertex 33.439431138688086 24.32999999821186 4.195545469923928
      vertex 33.32911352019565 24.32999999821186 4.040067336840154
    endloop
  endfacet
  facet normal 0.8752234219087532 0 0.4837188871052408
    outer loop
      vertex 30.560568861311918 22.73 4.195545469923928
      vertex 30.560568861311918 24.32999999821186 4.195545469923928
      vertex 30.468352924565888 22.73 4.3623976435001515
    endloop
  endfacet
  facet normal 0.9238795325112866 0 0.38268343236509034
    outer loop
      vertex 30.468352924565888 22.73 4.3623976435001515
      vertex 30.468352924565888 24.32999999821186 4.3623976435001515
      vertex 30.395398338475776 22.73 4.538525594676217
    endloop
  endfacet
  facet normal 0.9609173219451007 0 0.27683551142484547
    outer loop
      vertex 30.395398338475776 22.73 4.538525594676217
      vertex 30.395398338475776 24.32999999821186 4.538525594676217
      vertex 30.3426225492909 22.73 4.721714412274266
    endloop
  endfacet
  facet normal 0.8752234219087532 0 0.4837188871052408
    outer loop
      vertex 30.468352924565888 22.73 4.3623976435001515
      vertex 30.560568861311918 24.32999999821186 4.195545469923928
      vertex 30.468352924565888 24.32999999821186 4.3623976435001515
    endloop
  endfacet
  facet normal 0.9238795325112866 0 0.38268343236509034
    outer loop
      vertex 30.395398338475776 22.73 4.538525594676217
      vertex 30.468352924565888 24.32999999821186 4.3623976435001515
      vertex 30.395398338475776 24.32999999821186 4.538525594676217
    endloop
  endfacet
  facet normal 0.9609173219451007 0 0.27683551142484547
    outer loop
      vertex 30.3426225492909 22.73 4.721714412274266
      vertex 30.395398338475776 24.32999999821186 4.538525594676217
      vertex 30.3426225492909 24.32999999821186 4.721714412274266
    endloop
  endfacet
  facet normal 0.9858710185182363 0 0.16750622330473444
    outer loop
      vertex 30.3426225492909 22.73 4.721714412274266
      vertex 30.3426225492909 24.32999999821186 4.721714412274266
      vertex 30.31068924318149 22.73 4.909660390624378
    endloop
  endfacet
  facet normal 0.9984268150178163 0 0.05607044723719639
    outer loop
      vertex 30.31068924318149 22.73 4.909660390624378
      vertex 30.31068924318149 24.32999999821186 4.909660390624378
      vertex 30.3 22.73 5.1000000000000005
    endloop
  endfacet
  facet normal 0.9984268150178163 0 -0.05607044723719639
    outer loop
      vertex 30.3 22.73 5.1000000000000005
      vertex 30.3 24.32999999821186 5.1000000000000005
      vertex 30.31068924318149 22.73 5.290339609375623
    endloop
  endfacet
  facet normal 0.9858710185182363 0 0.16750622330473444
    outer loop
      vertex 30.31068924318149 22.73 4.909660390624378
      vertex 30.3426225492909 24.32999999821186 4.721714412274266
      vertex 30.31068924318149 24.32999999821186 4.909660390624378
    endloop
  endfacet
  facet normal 0.9984268150178163 0 0.05607044723719639
    outer loop
      vertex 30.3 22.73 5.1000000000000005
      vertex 30.31068924318149 24.32999999821186 4.909660390624378
      vertex 30.3 24.32999999821186 5.1000000000000005
    endloop
  endfacet
  facet normal -0.8752234219087532 2.568495348990911e-18 0.4837188871052408
    outer loop
      vertex 33.439431138688086 22.73 4.195545469923928
      vertex 33.531647075434115 22.73 4.3623976435001515
      vertex 33.531647075434115 24.32999999821186 4.3623976435001515
    endloop
  endfacet
  facet normal -0.9238795325112866 2.2845055151465397e-18 0.38268343236509034
    outer loop
      vertex 33.531647075434115 22.73 4.3623976435001515
      vertex 33.60460166152423 22.73 4.538525594676217
      vertex 33.60460166152423 24.32999999821186 4.538525594676217
    endloop
  endfacet
  facet normal -0.9609173219451056 -1.0388329183118885e-18 0.27683551142482826
    outer loop
      vertex 33.60460166152423 22.73 4.538525594676217
      vertex 33.6573774507091 22.73 4.721714412274266
      vertex 33.6573774507091 24.32999999821186 4.721714412274266
    endloop
  endfacet
  facet normal -0.8752234219087532 0 0.4837188871052408
    outer loop
      vertex 33.439431138688086 22.73 4.195545469923928
      vertex 33.531647075434115 24.32999999821186 4.3623976435001515
      vertex 33.439431138688086 24.32999999821186 4.195545469923928
    endloop
  endfacet
  facet normal -0.9238795325112866 0 0.38268343236509034
    outer loop
      vertex 33.531647075434115 22.73 4.3623976435001515
      vertex 33.60460166152423 24.32999999821186 4.538525594676217
      vertex 33.531647075434115 24.32999999821186 4.3623976435001515
    endloop
  endfacet
  facet normal -0.9609173219451056 0 0.27683551142482826
    outer loop
      vertex 33.60460166152423 22.73 4.538525594676217
      vertex 33.6573774507091 24.32999999821186 4.721714412274266
      vertex 33.60460166152423 24.32999999821186 4.538525594676217
    endloop
  endfacet
  facet normal -0.985871018518233 -1.0471667747795032e-18 0.16750622330475332
    outer loop
      vertex 33.6573774507091 22.73 4.721714412274266
      vertex 33.689310756818514 22.73 4.909660390624377
      vertex 33.689310756818514 24.32999999821186 4.909660390624377
    endloop
  endfacet
  facet normal -0.9984268150178163 -4.229830560907737e-20 0.05607044723719613
    outer loop
      vertex 33.689310756818514 22.73 4.909660390624377
      vertex 33.7 22.73 5.1000000000000005
      vertex 33.7 24.32999999821186 5.1000000000000005
    endloop
  endfacet
  facet normal -0.985871018518233 0 0.16750622330475332
    outer loop
      vertex 33.6573774507091 22.73 4.721714412274266
      vertex 33.689310756818514 24.32999999821186 4.909660390624377
      vertex 33.6573774507091 24.32999999821186 4.721714412274266
    endloop
  endfacet
  facet normal -0.9984268150178163 0 0.05607044723719613
    outer loop
      vertex 33.689310756818514 22.73 4.909660390624377
      vertex 33.7 24.32999999821186 5.1000000000000005
      vertex 33.689310756818514 24.32999999821186 4.909660390624377
    endloop
  endfacet
  facet normal -0.9984268150178163 0 -0.05607044723719613
    outer loop
      vertex 33.7 22.73 5.1000000000000005
      vertex 33.689310756818514 24.32999999821186 5.290339609375624
      vertex 33.7 24.32999999821186 5.1000000000000005
    endloop
  endfacet
  facet normal 0.9858710185182363 0 -0.16750622330473444
    outer loop
      vertex 30.31068924318149 22.73 5.290339609375623
      vertex 30.31068924318149 24.32999999821186 5.290339609375623
      vertex 30.3426225492909 22.73 5.478285587725735
    endloop
  endfacet
  facet normal 0.9609173219451007 0 -0.27683551142484547
    outer loop
      vertex 30.3426225492909 22.73 5.478285587725735
      vertex 30.3426225492909 24.32999999821186 5.478285587725735
      vertex 30.395398338475776 22.73 5.661474405323784
    endloop
  endfacet
  facet normal 0.9238795325112866 0 -0.38268343236509034
    outer loop
      vertex 30.395398338475776 22.73 5.661474405323784
      vertex 30.395398338475776 24.32999999821186 5.661474405323784
      vertex 30.468352924565888 22.73 5.83760235649985
    endloop
  endfacet
  facet normal 0.9984268150178163 1.118670041685451e-19 -0.05607044723719639
    outer loop
      vertex 30.3 24.32999999821186 5.1000000000000005
      vertex 30.31068924318149 24.32999999821186 5.290339609375623
      vertex 30.31068924318149 22.73 5.290339609375623
    endloop
  endfacet
  facet normal 0.9858710185182363 0 -0.16750622330473444
    outer loop
      vertex 30.3426225492909 22.73 5.478285587725735
      vertex 30.31068924318149 24.32999999821186 5.290339609375623
      vertex 30.3426225492909 24.32999999821186 5.478285587725735
    endloop
  endfacet
  facet normal 0.9609173219451007 0 -0.27683551142484547
    outer loop
      vertex 30.395398338475776 22.73 5.661474405323784
      vertex 30.3426225492909 24.32999999821186 5.478285587725735
      vertex 30.395398338475776 24.32999999821186 5.661474405323784
    endloop
  endfacet
  facet normal 0.8752234219087631 -1.941658004643526e-15 -0.4837188871052227
    outer loop
      vertex 30.468352924565888 22.73 5.83760235649985
      vertex 30.502838883140967 24.32999999821186 5.9
      vertex 30.502838883140964 22.73 5.9
    endloop
  endfacet
  facet normal 0.9238795325112866 0 -0.38268343236509034
    outer loop
      vertex 30.468352924565888 22.73 5.83760235649985
      vertex 30.395398338475776 24.32999999821186 5.661474405323784
      vertex 30.468352924565888 24.32999999821186 5.83760235649985
    endloop
  endfacet
  facet normal 0.875223421908742 0 -0.48371888710526084
    outer loop
      vertex 30.468352924565888 22.73 5.83760235649985
      vertex 30.468352924565888 24.32999999821186 5.83760235649985
      vertex 30.502838883140967 24.32999999821186 5.9
    endloop
  endfacet
  facet normal -0.9984268150178163 4.229830560907737e-20 -0.05607044723719613
    outer loop
      vertex 33.7 22.73 5.1000000000000005
      vertex 33.689310756818514 22.73 5.290339609375624
      vertex 33.689310756818514 24.32999999821186 5.290339609375624
    endloop
  endfacet
  facet normal -0.9858710185182328 1.9325149983170163e-19 -0.16750622330475406
    outer loop
      vertex 33.689310756818514 22.73 5.290339609375624
      vertex 33.6573774507091 22.73 5.478285587725734
      vertex 33.6573774507091 24.32999999821186 5.478285587725734
    endloop
  endfacet
  facet normal -0.9609173219451059 9.1824149662039e-19 -0.27683551142482704
    outer loop
      vertex 33.6573774507091 22.73 5.478285587725734
      vertex 33.60460166152423 22.73 5.661474405323784
      vertex 33.60460166152423 24.32999999821186 5.661474405323784
    endloop
  endfacet
  facet normal -0.9858710185182328 0 -0.16750622330475406
    outer loop
      vertex 33.689310756818514 22.73 5.290339609375624
      vertex 33.6573774507091 24.32999999821186 5.478285587725734
      vertex 33.689310756818514 24.32999999821186 5.290339609375624
    endloop
  endfacet
  facet normal -0.9609173219451059 0 -0.27683551142482704
    outer loop
      vertex 33.6573774507091 22.73 5.478285587725734
      vertex 33.60460166152423 24.32999999821186 5.661474405323784
      vertex 33.6573774507091 24.32999999821186 5.478285587725734
    endloop
  endfacet
  facet normal -0.9238795325112866 0 -0.38268343236509034
    outer loop
      vertex 33.60460166152423 22.73 5.661474405323784
      vertex 33.531647075434115 24.32999999821186 5.83760235649985
      vertex 33.60460166152423 24.32999999821186 5.661474405323784
    endloop
  endfacet
  facet normal -0.9238795325112866 -2.2845055151465397e-18 -0.38268343236509034
    outer loop
      vertex 33.60460166152423 22.73 5.661474405323784
      vertex 33.531647075434115 22.73 5.83760235649985
      vertex 33.531647075434115 24.32999999821186 5.83760235649985
    endloop
  endfacet
  facet normal -0.8752234219087631 0 -0.4837188871052227
    outer loop
      vertex 33.531647075434115 22.73 5.83760235649985
      vertex 33.49716111685904 22.73 5.9
      vertex 33.531647075434115 24.32999999821186 5.83760235649985
    endloop
  endfacet
  facet normal -0.8752234219087631 0 -0.4837188871052227
    outer loop
      vertex 33.49716111685904 22.73 5.9
      vertex 33.49716111685904 24.32999999821186 5.9
      vertex 33.531647075434115 24.32999999821186 5.83760235649985
    endloop
  endfacet
  facet normal 0 0 1
    outer loop
      vertex 1.6 1.6 1.6
      vertex 4.37952943166626 3.667206761697774 1.6
      vertex 4.178322435910785 3.8099707385703336 1.6
    endloop
  endfacet
  facet normal 0 0 1
    outer loop
      vertex 1.6 1.6 1.6
      vertex 4.595455773941372 3.547868490614677 1.6
      vertex 4.37952943166626 3.667206761697774 1.6
    endloop
  endfacet
  facet normal 0 0 1
    outer loop
      vertex 1.6 1.6 1.6
      vertex 4.823386063698632 3.4534566733215906 1.6
      vertex 4.595455773941372 3.547868490614677 1.6
    endloop
  endfacet
  facet normal 0 0 1
    outer loop
      vertex 1.6 1.6 1.6
      vertex 5.060453945296109 3.385158593199987 1.6
      vertex 4.823386063698632 3.4534566733215906 1.6
    endloop
  endfacet
  facet normal 0 0 1
    outer loop
      vertex 1.6 1.6 1.6
      vertex 5.303678152572722 3.3438331382348654 1.6
      vertex 5.060453945296109 3.385158593199987 1.6
    endloop
  endfacet
  facet normal 0 0 1
    outer loop
      vertex 1.6 1.6 1.6
      vertex 5.55 3.329999999999999 1.6
      vertex 5.303678152572722 3.3438331382348654 1.6
    endloop
  endfacet
  facet normal 0 0 1
    outer loop
      vertex 1.6 1.6 1.6
      vertex 5.7963218474272775 3.3438331382348654 1.6
      vertex 5.55 3.329999999999999 1.6
    endloop
  endfacet
  facet normal 0 0 1
    outer loop
      vertex 1.6 1.6 1.6
      vertex 6.039546054703891 3.385158593199987 1.6
      vertex 5.7963218474272775 3.3438331382348654 1.6
    endloop
  endfacet
  facet normal 0 0 1
    outer loop
      vertex 1.6 1.6 1.6
      vertex 3.994365081389595 3.9743650813895943 1.6
      vertex 3.829970738570334 4.158322435910785 1.6
    endloop
  endfacet
  facet normal 0 0 1
    outer loop
      vertex 1.6 1.6 1.6
      vertex 3.829970738570334 4.158322435910785 1.6
      vertex 3.6872067616977744 4.3595294316662585 1.6
    endloop
  endfacet
  facet normal 0 0 1
    outer loop
      vertex 1.6 1.6 1.6
      vertex 3.6872067616977744 4.3595294316662585 1.6
      vertex 3.5678684906146776 4.575455773941371 1.6
    endloop
  endfacet
  facet normal 0 0 1
    outer loop
      vertex 1.6 1.6 1.6
      vertex 3.5678684906146776 4.575455773941371 1.6
      vertex 3.473456673321591 4.803386063698632 1.6
    endloop
  endfacet
  facet normal 0 0 1
    outer loop
      vertex 1.6 1.6 1.6
      vertex 4.178322435910785 3.8099707385703336 1.6
      vertex 3.994365081389595 3.9743650813895943 1.6
    endloop
  endfacet
  facet normal 0 0 1
    outer loop
      vertex 1.6 1.6 1.6
      vertex 3.473456673321591 4.803386063698632 1.6
      vertex 3.4051585931999875 5.0404539452961075 1.6
    endloop
  endfacet
  facet normal 0 0 1
    outer loop
      vertex 1.6 1.6 1.6
      vertex 3.4051585931999875 5.0404539452961075 1.6
      vertex 3.363833138234866 5.2836781525727226 1.6
    endloop
  endfacet
  facet normal 0 0 1
    outer loop
      vertex 1.6 1.6 1.6
      vertex 3.363833138234866 5.2836781525727226 1.6
      vertex 1.6 22.73 1.6
    endloop
  endfacet
  facet normal 0 0 1
    outer loop
      vertex 3.6872067616977744 6.70047056833374 1.6
      vertex 3.829970738570334 6.901677564089214 1.6
      vertex 3.829970738570334 17.428322435910783 1.6
    endloop
  endfacet
  facet normal 0 0 1
    outer loop
      vertex 3.829970738570334 6.901677564089214 1.6
      vertex 3.994365081389595 7.085634918610404 1.6
      vertex 3.994365081389595 17.244365081389592 1.6
    endloop
  endfacet
  facet normal 0 0 1
    outer loop
      vertex 3.994365081389595 7.085634918610404 1.6
      vertex 4.178322435910785 7.250029261429665 1.6
      vertex 4.178322435910785 17.07997073857033 1.6
    endloop
  endfacet
  facet normal 0 0 1
    outer loop
      vertex 4.178322435910785 7.250029261429665 1.6
      vertex 4.37952943166626 7.392793238302225 1.6
      vertex 4.178322435910785 17.07997073857033 1.6
    endloop
  endfacet
  facet normal 0 0 1
    outer loop
      vertex 4.37952943166626 7.392793238302225 1.6
      vertex 4.595455773941373 7.512131509385322 1.6
      vertex 4.595455773941372 16.817868490614675 1.6
    endloop
  endfacet
  facet normal 0 0 1
    outer loop
      vertex 1.6 22.73 1.6
      vertex 3.363833138234866 5.2836781525727226 1.6
      vertex 3.3499999999999996 5.529999999999999 1.6
    endloop
  endfacet
  facet normal 0 0 1
    outer loop
      vertex 1.6 22.73 1.6
      vertex 3.3499999999999996 5.529999999999999 1.6
      vertex 3.363833138234866 5.776321847427276 1.6
    endloop
  endfacet
  facet normal 0 0 1
    outer loop
      vertex 1.6 22.73 1.6
      vertex 3.363833138234866 5.776321847427276 1.6
      vertex 3.4051585931999875 6.019546054703891 1.6
    endloop
  endfacet
  facet normal 0 0 1
    outer loop
      vertex 1.6 22.73 1.6
      vertex 3.4051585931999875 6.019546054703891 1.6
      vertex 3.473456673321591 6.256613936301367 1.6
    endloop
  endfacet
  facet normal 0 0 1
    outer loop
      vertex 1.6 22.73 1.6
      vertex 3.473456673321591 6.256613936301367 1.6
      vertex 3.5678684906146776 6.4845442260586275 1.6
    endloop
  endfacet
  facet normal 0 0 1
    outer loop
      vertex 1.6 22.73 1.6
      vertex 3.5678684906146776 6.4845442260586275 1.6
      vertex 3.6872067616977744 6.70047056833374 1.6
    endloop
  endfacet
  facet normal 0 0 1
    outer loop
      vertex 4.595455773941373 7.512131509385322 1.6
      vertex 4.823386063698632 7.606543326678408 1.6
      vertex 4.595455773941372 16.817868490614675 1.6
    endloop
  endfacet
  facet normal 0 0 1
    outer loop
      vertex 4.823386063698632 7.606543326678408 1.6
      vertex 5.060453945296108 7.674841406800011 1.6
      vertex 5.060453945296109 16.655158593199985 1.6
    endloop
  endfacet
  facet normal 0 0 1
    outer loop
      vertex 6.276613936301367 7.606543326678408 1.6
      vertex 6.504544226058627 7.512131509385322 1.6
      vertex 6.276613936301367 16.72345667332159 1.6
    endloop
  endfacet
  facet normal 0 0 1
    outer loop
      vertex 6.720470568333741 7.392793238302224 1.6
      vertex 6.504544226058628 16.817868490614675 1.6
      vertex 6.504544226058627 7.512131509385322 1.6
    endloop
  endfacet
  facet normal 0 0 1
    outer loop
      vertex 6.921677564089213 7.250029261429665 1.6
      vertex 6.720470568333742 16.937206761697773 1.6
      vertex 6.720470568333741 7.392793238302224 1.6
    endloop
  endfacet
  facet normal 0 0 1
    outer loop
      vertex 5.060453945296108 7.674841406800011 1.6
      vertex 5.303678152572722 7.716166861765133 1.6
      vertex 5.303678152572722 16.613833138234863 1.6
    endloop
  endfacet
  facet normal 0 0 1
    outer loop
      vertex 5.303678152572722 7.716166861765133 1.6
      vertex 5.55 7.7299999999999995 1.6
      vertex 5.303678152572722 16.613833138234863 1.6
    endloop
  endfacet
  facet normal 0 0 1
    outer loop
      vertex 5.55 7.7299999999999995 1.6
      vertex 5.7963218474272775 7.716166861765133 1.6
      vertex 5.7963218474272775 16.613833138234863 1.6
    endloop
  endfacet
  facet normal 0 0 1
    outer loop
      vertex 5.7963218474272775 7.716166861765133 1.6
      vertex 6.039546054703892 7.674841406800011 1.6
      vertex 6.039546054703891 16.655158593199985 1.6
    endloop
  endfacet
  facet normal 0 0 1
    outer loop
      vertex 6.039546054703892 7.674841406800011 1.6
      vertex 6.276613936301367 7.606543326678408 1.6
      vertex 6.039546054703891 16.655158593199985 1.6
    endloop
  endfacet
  facet normal 0 0 1
    outer loop
      vertex 1.6 1.6 1.6
      vertex 34.33045394529611 3.385158593199987 1.6
      vertex 6.039546054703891 3.385158593199987 1.6
    endloop
  endfacet
  facet normal 0 0 1
    outer loop
      vertex 6.039546054703891 3.385158593199987 1.6
      vertex 34.33045394529611 3.385158593199987 1.6
      vertex 6.276613936301367 3.4534566733215906 1.6
    endloop
  endfacet
  facet normal 0 0 1
    outer loop
      vertex 6.276613936301367 3.4534566733215906 1.6
      vertex 34.09338606369863 3.4534566733215906 1.6
      vertex 6.504544226058628 3.547868490614677 1.6
    endloop
  endfacet
  facet normal 0 0 1
    outer loop
      vertex 6.504544226058628 3.547868490614677 1.6
      vertex 33.86545577394137 3.547868490614677 1.6
      vertex 6.720470568333742 3.6672067616977744 1.6
    endloop
  endfacet
  facet normal 0 0 1
    outer loop
      vertex 6.720470568333742 3.6672067616977744 1.6
      vertex 33.64952943166626 3.667206761697774 1.6
      vertex 6.921677564089213 3.8099707385703336 1.6
    endloop
  endfacet
  facet normal 0 0 1
    outer loop
      vertex 6.921677564089213 3.8099707385703336 1.6
      vertex 33.44832243591079 3.8099707385703336 1.6
      vertex 7.105634918610405 3.9743650813895943 1.6
    endloop
  endfacet
  facet normal 0 0 1
    outer loop
      vertex 7.105634918610405 3.9743650813895943 1.6
      vertex 33.099970738570335 4.158322435910785 1.6
      vertex 7.2700292614296655 4.158322435910786 1.6
    endloop
  endfacet
  facet normal 0 0 1
    outer loop
      vertex 7.2700292614296655 4.158322435910786 1.6
      vertex 33.099970738570335 4.158322435910785 1.6
      vertex 7.412793238302225 4.3595294316662585 1.6
    endloop
  endfacet
  facet normal 0 0 1
    outer loop
      vertex 7.412793238302225 4.3595294316662585 1.6
      vertex 32.957206761697776 4.3595294316662585 1.6
      vertex 7.532131509385322 4.575455773941371 1.6
    endloop
  endfacet
  facet normal 0 0 1
    outer loop
      vertex 7.532131509385322 4.575455773941371 1.6
      vertex 32.83786849061468 17.845455773941367 1.6
      vertex 7.626543326678409 4.803386063698632 1.6
    endloop
  endfacet
  facet normal 0 0 1
    outer loop
      vertex 32.83786849061468 17.845455773941367 1.6
      vertex 7.694841406800013 5.040453945296108 1.6
      vertex 7.626543326678409 4.803386063698632 1.6
    endloop
  endfacet
  facet normal 0 0 1
    outer loop
      vertex 7.694841406800013 5.040453945296108 1.6
      vertex 32.67515859319999 19.28954605470389 1.6
      vertex 7.736166861765134 5.283678152572722 1.6
    endloop
  endfacet
  facet normal 0 0 1
    outer loop
      vertex 32.67515859319999 19.28954605470389 1.6
      vertex 7.75 5.529999999999999 1.6
      vertex 7.736166861765134 5.283678152572722 1.6
    endloop
  endfacet
  facet normal 0 0 1
    outer loop
      vertex 32.67515859319999 19.28954605470389 1.6
      vertex 7.736166861765134 5.776321847427277 1.6
      vertex 7.75 5.529999999999999 1.6
    endloop
  endfacet
  facet normal 0 0 1
    outer loop
      vertex 32.67515859319999 19.28954605470389 1.6
      vertex 7.694841406800013 6.019546054703891 1.6
      vertex 7.736166861765134 5.776321847427277 1.6
    endloop
  endfacet
  facet normal 0 0 1
    outer loop
      vertex 32.67515859319999 19.28954605470389 1.6
      vertex 7.626543326678409 6.256613936301367 1.6
      vertex 7.694841406800013 6.019546054703891 1.6
    endloop
  endfacet
  facet normal 0 0 1
    outer loop
      vertex 32.67515859319999 19.28954605470389 1.6
      vertex 6.921677564089213 7.250029261429665 1.6
      vertex 7.105634918610405 7.085634918610404 1.6
    endloop
  endfacet
  facet normal 0 0 1
    outer loop
      vertex 32.67515859319999 19.28954605470389 1.6
      vertex 7.105634918610405 7.085634918610404 1.6
      vertex 7.2700292614296655 6.901677564089213 1.6
    endloop
  endfacet
  facet normal 0 0 1
    outer loop
      vertex 32.67515859319999 19.28954605470389 1.6
      vertex 7.412793238302225 6.70047056833374 1.6
      vertex 7.532131509385322 6.4845442260586275 1.6
    endloop
  endfacet
  facet normal 0 0 1
    outer loop
      vertex 32.67515859319999 19.28954605470389 1.6
      vertex 7.532131509385322 6.4845442260586275 1.6
      vertex 7.626543326678409 6.256613936301367 1.6
    endloop
  endfacet
  facet normal 0 0 1
    outer loop
      vertex 32.67515859319999 19.28954605470389 1.6
      vertex 7.2700292614296655 6.901677564089213 1.6
      vertex 7.412793238302225 6.70047056833374 1.6
    endloop
  endfacet
  facet normal 1 0 0
    outer loop
      vertex 1.6 1.6 1.6
      vertex 1.6 22.73 5.9
      vertex 1.6 1.6 5.9
    endloop
  endfacet
  facet normal 0 1 0
    outer loop
      vertex 1.6 1.6 1.6
      vertex 1.6 1.6 5.9
      vertex 30.468352924565888 1.6 5.83760235649985
    endloop
  endfacet
  facet normal 0 1 0
    outer loop
      vertex 9.411 1.6 6.96
      vertex 9.411 1.6 8.36
      vertex 16.411 1.6 6.96
    endloop
  endfacet
  facet normal 0 1 0
    outer loop
      vertex 9.411 1.6 8.36
      vertex 16.411 1.6 8.36
      vertex 16.411 1.6 6.96
    endloop
  endfacet
  facet normal 0 0 1
    outer loop
      vertex 4.823386063698632 7.606543326678408 1.6
      vertex 5.060453945296109 16.655158593199985 1.6
      vertex 4.823386063698632 16.72345667332159 1.6
    endloop
  endfacet
  facet normal 0 0 1
    outer loop
      vertex 3.6872067616977744 6.70047056833374 1.6
      vertex 3.829970738570334 17.428322435910783 1.6
      vertex 3.6872067616977744 17.629529431666256 1.6
    endloop
  endfacet
  facet normal 0 0 1
    outer loop
      vertex 3.6872067616977744 6.70047056833374 1.6
      vertex 3.6872067616977744 17.629529431666256 1.6
      vertex 3.5678684906146776 17.845455773941367 1.6
    endloop
  endfacet
  facet normal 0 0 1
    outer loop
      vertex 3.6872067616977744 6.70047056833374 1.6
      vertex 3.5678684906146776 17.845455773941367 1.6
      vertex 3.473456673321591 18.07338606369863 1.6
    endloop
  endfacet
  facet normal 0 0 1
    outer loop
      vertex 3.6872067616977744 6.70047056833374 1.6
      vertex 3.473456673321591 18.07338606369863 1.6
      vertex 3.4051585931999875 18.310453945296103 1.6
    endloop
  endfacet
  facet normal 0 0 1
    outer loop
      vertex 3.6872067616977744 6.70047056833374 1.6
      vertex 3.363833138234866 18.55367815257272 1.6
      vertex 3.3499999999999996 18.799999999999997 1.6
    endloop
  endfacet
  facet normal 0 0 1
    outer loop
      vertex 3.6872067616977744 6.70047056833374 1.6
      vertex 3.4051585931999875 18.310453945296103 1.6
      vertex 3.363833138234866 18.55367815257272 1.6
    endloop
  endfacet
  facet normal 0 0 1
    outer loop
      vertex 3.829970738570334 6.901677564089214 1.6
      vertex 3.994365081389595 17.244365081389592 1.6
      vertex 3.829970738570334 17.428322435910783 1.6
    endloop
  endfacet
  facet normal 0 0 1
    outer loop
      vertex 3.994365081389595 7.085634918610404 1.6
      vertex 4.178322435910785 17.07997073857033 1.6
      vertex 3.994365081389595 17.244365081389592 1.6
    endloop
  endfacet
  facet normal 0 0 1
    outer loop
      vertex 4.37952943166626 7.392793238302225 1.6
      vertex 4.37952943166626 16.937206761697773 1.6
      vertex 4.178322435910785 17.07997073857033 1.6
    endloop
  endfacet
  facet normal 0 0 1
    outer loop
      vertex 4.37952943166626 7.392793238302225 1.6
      vertex 4.595455773941372 16.817868490614675 1.6
      vertex 4.37952943166626 16.937206761697773 1.6
    endloop
  endfacet
  facet normal 0 0 1
    outer loop
      vertex 4.823386063698632 7.606543326678408 1.6
      vertex 4.823386063698632 16.72345667332159 1.6
      vertex 4.595455773941372 16.817868490614675 1.6
    endloop
  endfacet
  facet normal 0 0 1
    outer loop
      vertex 1.6 22.73 1.6
      vertex 3.6872067616977744 6.70047056833374 1.6
      vertex 3.3499999999999996 18.799999999999997 1.6
    endloop
  endfacet
  facet normal 0 0 1
    outer loop
      vertex 5.060453945296108 7.674841406800011 1.6
      vertex 5.303678152572722 16.613833138234863 1.6
      vertex 5.060453945296109 16.655158593199985 1.6
    endloop
  endfacet
  facet normal 0 0 1
    outer loop
      vertex 5.55 7.7299999999999995 1.6
      vertex 5.55 16.599999999999998 1.6
      vertex 5.303678152572722 16.613833138234863 1.6
    endloop
  endfacet
  facet normal 0 0 1
    outer loop
      vertex 5.55 7.7299999999999995 1.6
      vertex 5.7963218474272775 16.613833138234863 1.6
      vertex 5.55 16.599999999999998 1.6
    endloop
  endfacet
  facet normal 0 0 1
    outer loop
      vertex 5.7963218474272775 7.716166861765133 1.6
      vertex 6.039546054703891 16.655158593199985 1.6
      vertex 5.7963218474272775 16.613833138234863 1.6
    endloop
  endfacet
  facet normal 0 0 1
    outer loop
      vertex 6.276613936301367 7.606543326678408 1.6
      vertex 6.276613936301367 16.72345667332159 1.6
      vertex 6.039546054703891 16.655158593199985 1.6
    endloop
  endfacet
  facet normal 0 0 1
    outer loop
      vertex 6.504544226058627 7.512131509385322 1.6
      vertex 6.504544226058628 16.817868490614675 1.6
      vertex 6.276613936301367 16.72345667332159 1.6
    endloop
  endfacet
  facet normal 0 0 1
    outer loop
      vertex 6.720470568333741 7.392793238302224 1.6
      vertex 6.720470568333742 16.937206761697773 1.6
      vertex 6.504544226058628 16.817868490614675 1.6
    endloop
  endfacet
  facet normal 0 0 1
    outer loop
      vertex 6.921677564089213 7.250029261429665 1.6
      vertex 6.921677564089213 17.07997073857033 1.6
      vertex 6.720470568333742 16.937206761697773 1.6
    endloop
  endfacet
  facet normal 0 0 1
    outer loop
      vertex 6.921677564089213 7.250029261429665 1.6
      vertex 7.105634918610405 17.244365081389592 1.6
      vertex 6.921677564089213 17.07997073857033 1.6
    endloop
  endfacet
  facet normal 0 0 1
    outer loop
      vertex 6.921677564089213 7.250029261429665 1.6
      vertex 7.2700292614296655 17.428322435910783 1.6
      vertex 7.105634918610405 17.244365081389592 1.6
    endloop
  endfacet
  facet normal 0 0 1
    outer loop
      vertex 6.921677564089213 7.250029261429665 1.6
      vertex 7.412793238302225 17.629529431666256 1.6
      vertex 7.2700292614296655 17.428322435910783 1.6
    endloop
  endfacet
  facet normal 0 0 1
    outer loop
      vertex 6.921677564089213 7.250029261429665 1.6
      vertex 7.532131509385322 17.845455773941367 1.6
      vertex 7.412793238302225 17.629529431666256 1.6
    endloop
  endfacet
  facet normal 0 0 1
    outer loop
      vertex 6.921677564089213 7.250029261429665 1.6
      vertex 7.626543326678409 18.07338606369863 1.6
      vertex 7.532131509385322 17.845455773941367 1.6
    endloop
  endfacet
  facet normal 1 0 0
    outer loop
      vertex 1.6 1.6 1.6
      vertex 1.6 22.73 1.6
      vertex 1.6 22.73 5.9
    endloop
  endfacet
  facet normal 0 0 1
    outer loop
      vertex 1.6 22.73 1.6
      vertex 3.3499999999999996 18.799999999999997 1.6
      vertex 3.363833138234866 19.046321847427276 1.6
    endloop
  endfacet
  facet normal 0 0 1
    outer loop
      vertex 1.6 22.73 1.6
      vertex 3.363833138234866 19.046321847427276 1.6
      vertex 3.4051585931999875 19.28954605470389 1.6
    endloop
  endfacet
  facet normal 0 0 1
    outer loop
      vertex 1.6 22.73 1.6
      vertex 3.4051585931999875 19.28954605470389 1.6
      vertex 3.473456673321591 19.526613936301363 1.6
    endloop
  endfacet
  facet normal 0 0 1
    outer loop
      vertex 1.6 22.73 1.6
      vertex 3.473456673321591 19.526613936301363 1.6
      vertex 3.5678684906146776 19.754544226058627 1.6
    endloop
  endfacet
  facet normal 0 0 1
    outer loop
      vertex 1.6 22.73 1.6
      vertex 3.5678684906146776 19.754544226058627 1.6
      vertex 3.6872067616977744 19.970470568333738 1.6
    endloop
  endfacet
  facet normal 0 0 1
    outer loop
      vertex 1.6 22.73 1.6
      vertex 3.6872067616977744 19.970470568333738 1.6
      vertex 3.829970738570334 20.17167756408921 1.6
    endloop
  endfacet
  facet normal 0 0 1
    outer loop
      vertex 1.6 22.73 1.6
      vertex 3.829970738570334 20.17167756408921 1.6
      vertex 3.994365081389595 20.355634918610402 1.6
    endloop
  endfacet
  facet normal 0 0 1
    outer loop
      vertex 1.6 22.73 1.6
      vertex 3.994365081389595 20.355634918610402 1.6
      vertex 4.178322435910785 20.520029261429663 1.6
    endloop
  endfacet
  facet normal 0 0 1
    outer loop
      vertex 1.6 22.73 1.6
      vertex 4.178322435910785 20.520029261429663 1.6
      vertex 4.37952943166626 20.66279323830222 1.6
    endloop
  endfacet
  facet normal 0 0 1
    outer loop
      vertex 1.6 22.73 1.6
      vertex 4.37952943166626 20.66279323830222 1.6
      vertex 4.595455773941373 20.78213150938532 1.6
    endloop
  endfacet
  facet normal 0 0 1
    outer loop
      vertex 1.6 22.73 1.6
      vertex 4.595455773941373 20.78213150938532 1.6
      vertex 4.823386063698632 20.876543326678405 1.6
    endloop
  endfacet
  facet normal 0 0 1
    outer loop
      vertex 1.6 22.73 1.6
      vertex 4.823386063698632 20.876543326678405 1.6
      vertex 5.060453945296108 20.94484140680001 1.6
    endloop
  endfacet
  facet normal 0 0 1
    outer loop
      vertex 1.6 22.73 1.6
      vertex 5.060453945296108 20.94484140680001 1.6
      vertex 5.303678152572722 20.98616686176513 1.6
    endloop
  endfacet
  facet normal 0 0 1
    outer loop
      vertex 1.6 22.73 1.6
      vertex 5.303678152572722 20.98616686176513 1.6
      vertex 5.55 20.999999999999996 1.6
    endloop
  endfacet
  facet normal 0 0 1
    outer loop
      vertex 1.6 22.73 1.6
      vertex 5.55 20.999999999999996 1.6
      vertex 5.7963218474272775 20.98616686176513 1.6
    endloop
  endfacet
  facet normal 0 0 1
    outer loop
      vertex 1.6 22.73 1.6
      vertex 5.7963218474272775 20.98616686176513 1.6
      vertex 6.039546054703892 20.94484140680001 1.6
    endloop
  endfacet
  facet normal 0 0 1
    outer loop
      vertex 1.6 22.73 1.6
      vertex 6.039546054703892 20.94484140680001 1.6
      vertex 6.276613936301367 20.876543326678405 1.6
    endloop
  endfacet
  facet normal 0 0 1
    outer loop
      vertex 32.67515859319999 19.28954605470389 1.6
      vertex 7.626543326678409 18.07338606369863 1.6
      vertex 6.921677564089213 7.250029261429665 1.6
    endloop
  endfacet
  facet normal 0 0 1
    outer loop
      vertex 1.6 22.73 1.6
      vertex 6.276613936301367 20.876543326678405 1.6
      vertex 33.86545577394137 20.78213150938532 1.6
    endloop
  endfacet
  facet normal 0 0 1
    outer loop
      vertex 32.67515859319999 19.28954605470389 1.6
      vertex 7.694841406800013 18.310453945296107 1.6
      vertex 7.626543326678409 18.07338606369863 1.6
    endloop
  endfacet
  facet normal 0 0 1
    outer loop
      vertex 32.67515859319999 19.28954605470389 1.6
      vertex 7.736166861765134 18.55367815257272 1.6
      vertex 7.694841406800013 18.310453945296107 1.6
    endloop
  endfacet
  facet normal 0 0 1
    outer loop
      vertex 32.67515859319999 19.28954605470389 1.6
      vertex 7.75 18.799999999999997 1.6
      vertex 7.736166861765134 18.55367815257272 1.6
    endloop
  endfacet
  facet normal 0 0 1
    outer loop
      vertex 32.67515859319999 19.28954605470389 1.6
      vertex 7.736166861765134 19.046321847427276 1.6
      vertex 7.75 18.799999999999997 1.6
    endloop
  endfacet
  facet normal 0 0 1
    outer loop
      vertex 32.67515859319999 19.28954605470389 1.6
      vertex 7.694841406800013 19.289546054703887 1.6
      vertex 7.736166861765134 19.046321847427276 1.6
    endloop
  endfacet
  facet normal 0 0 1
    outer loop
      vertex 7.694841406800013 19.289546054703887 1.6
      vertex 32.74345667332159 19.526613936301363 1.6
      vertex 7.626543326678409 19.526613936301366 1.6
    endloop
  endfacet
  facet normal 0 0 1
    outer loop
      vertex 7.626543326678409 19.526613936301366 1.6
      vertex 32.74345667332159 19.526613936301363 1.6
      vertex 7.532131509385322 19.754544226058623 1.6
    endloop
  endfacet
  facet normal 0 0 1
    outer loop
      vertex 7.412793238302225 19.970470568333738 1.6
      vertex 7.532131509385322 19.754544226058623 1.6
      vertex 32.957206761697776 19.970470568333738 1.6
    endloop
  endfacet
  facet normal 0 0 1
    outer loop
      vertex 7.412793238302225 19.970470568333738 1.6
      vertex 33.099970738570335 20.17167756408921 1.6
      vertex 7.2700292614296655 20.17167756408921 1.6
    endloop
  endfacet
  facet normal 0 0 1
    outer loop
      vertex 7.2700292614296655 20.17167756408921 1.6
      vertex 33.099970738570335 20.17167756408921 1.6
      vertex 7.105634918610405 20.355634918610402 1.6
    endloop
  endfacet
  facet normal 0 0 1
    outer loop
      vertex 7.105634918610405 20.355634918610402 1.6
      vertex 33.44832243591079 20.520029261429663 1.6
      vertex 6.921677564089213 20.520029261429663 1.6
    endloop
  endfacet
  facet normal 0 0 1
    outer loop
      vertex 6.921677564089213 20.520029261429663 1.6
      vertex 33.64952943166626 20.66279323830222 1.6
      vertex 6.720470568333741 20.66279323830222 1.6
    endloop
  endfacet
  facet normal 0 0 1
    outer loop
      vertex 6.276613936301367 20.876543326678405 1.6
      vertex 6.504544226058627 20.78213150938532 1.6
      vertex 33.86545577394137 20.78213150938532 1.6
    endloop
  endfacet
  facet normal 0 0 1
    outer loop
      vertex 6.720470568333741 20.66279323830222 1.6
      vertex 33.86545577394137 20.78213150938532 1.6
      vertex 6.504544226058627 20.78213150938532 1.6
    endloop
  endfacet
  facet normal 0 -1 0
    outer loop
      vertex 1.6 22.73 1.6
      vertex 38.769999999999996 22.73 1.6
      vertex 1.6 22.73 5.9
    endloop
  endfacet
  facet normal 0 -1 0
    outer loop
      vertex 9.411 22.73 6.960000000000036
      vertex 16.411 22.73 8.359999999999964
      vertex 9.411 22.73 8.36
    endloop
  endfacet
  facet normal 0 -1 0
    outer loop
      vertex 9.411 22.73 6.960000000000036
      vertex 16.411 22.73 6.96
      vertex 16.411 22.73 8.359999999999964
    endloop
  endfacet
  facet normal 0 0 1
    outer loop
      vertex 1.6 1.6 1.6
      vertex 34.573678152572725 3.3438331382348654 1.6
      vertex 34.33045394529611 3.385158593199987 1.6
    endloop
  endfacet
  facet normal 0 0 1
    outer loop
      vertex 1.6 1.6 1.6
      vertex 34.82 3.329999999999999 1.6
      vertex 34.573678152572725 3.3438331382348654 1.6
    endloop
  endfacet
  facet normal 0 0 1
    outer loop
      vertex 1.6 1.6 1.6
      vertex 38.669999999999995 3.465 1.6
      vertex 34.82 3.329999999999999 1.6
    endloop
  endfacet
  facet normal 0 0 1
    outer loop
      vertex 6.504544226058628 3.547868490614677 1.6
      vertex 34.09338606369863 3.4534566733215906 1.6
      vertex 33.86545577394137 3.547868490614677 1.6
    endloop
  endfacet
  facet normal 0 0 1
    outer loop
      vertex 6.276613936301367 3.4534566733215906 1.6
      vertex 34.33045394529611 3.385158593199987 1.6
      vertex 34.09338606369863 3.4534566733215906 1.6
    endloop
  endfacet
  facet normal 0 0 1
    outer loop
      vertex 6.720470568333742 3.6672067616977744 1.6
      vertex 33.86545577394137 3.547868490614677 1.6
      vertex 33.64952943166626 3.667206761697774 1.6
    endloop
  endfacet
  facet normal 0 0 1
    outer loop
      vertex 6.921677564089213 3.8099707385703336 1.6
      vertex 33.64952943166626 3.667206761697774 1.6
      vertex 33.44832243591079 3.8099707385703336 1.6
    endloop
  endfacet
  facet normal 0 0 1
    outer loop
      vertex 7.105634918610405 3.9743650813895943 1.6
      vertex 33.2643650813896 3.9743650813895943 1.6
      vertex 33.099970738570335 4.158322435910785 1.6
    endloop
  endfacet
  facet normal 0 0 1
    outer loop
      vertex 7.412793238302225 4.3595294316662585 1.6
      vertex 33.099970738570335 4.158322435910785 1.6
      vertex 32.957206761697776 4.3595294316662585 1.6
    endloop
  endfacet
  facet normal 0 0 1
    outer loop
      vertex 7.532131509385322 4.575455773941371 1.6
      vertex 32.957206761697776 4.3595294316662585 1.6
      vertex 32.83786849061468 4.575455773941371 1.6
    endloop
  endfacet
  facet normal 0 0 1
    outer loop
      vertex 7.105634918610405 3.9743650813895943 1.6
      vertex 33.44832243591079 3.8099707385703336 1.6
      vertex 33.2643650813896 3.9743650813895943 1.6
    endloop
  endfacet
  facet normal 0 0 1
    outer loop
      vertex 7.532131509385322 4.575455773941371 1.6
      vertex 32.83786849061468 4.575455773941371 1.6
      vertex 32.74345667332159 4.803386063698632 1.6
    endloop
  endfacet
  facet normal 0 0 1
    outer loop
      vertex 7.532131509385322 4.575455773941371 1.6
      vertex 32.74345667332159 4.803386063698632 1.6
      vertex 32.67515859319999 5.0404539452961075 1.6
    endloop
  endfacet
  facet normal 0 0 1
    outer loop
      vertex 7.532131509385322 4.575455773941371 1.6
      vertex 32.67515859319999 5.0404539452961075 1.6
      vertex 32.63383313823486 5.2836781525727226 1.6
    endloop
  endfacet
  facet normal 0 0 1
    outer loop
      vertex 7.532131509385322 4.575455773941371 1.6
      vertex 32.63383313823486 5.2836781525727226 1.6
      vertex 32.62 5.529999999999999 1.6
    endloop
  endfacet
  facet normal 0 0 1
    outer loop
      vertex 7.532131509385322 4.575455773941371 1.6
      vertex 32.62 5.529999999999999 1.6
      vertex 32.63383313823486 5.776321847427276 1.6
    endloop
  endfacet
  facet normal 0 0 1
    outer loop
      vertex 7.532131509385322 4.575455773941371 1.6
      vertex 32.63383313823486 5.776321847427276 1.6
      vertex 32.67515859319999 6.019546054703891 1.6
    endloop
  endfacet
  facet normal 0 0 1
    outer loop
      vertex 7.532131509385322 4.575455773941371 1.6
      vertex 32.67515859319999 6.019546054703891 1.6
      vertex 32.74345667332159 6.256613936301367 1.6
    endloop
  endfacet
  facet normal 0 0 1
    outer loop
      vertex 7.532131509385322 4.575455773941371 1.6
      vertex 32.74345667332159 6.256613936301367 1.6
      vertex 32.83786849061468 6.4845442260586275 1.6
    endloop
  endfacet
  facet normal 0 0 1
    outer loop
      vertex 7.532131509385322 4.575455773941371 1.6
      vertex 32.83786849061468 6.4845442260586275 1.6
      vertex 32.957206761697776 6.70047056833374 1.6
    endloop
  endfacet
  facet normal 0 0 1
    outer loop
      vertex 7.532131509385322 4.575455773941371 1.6
      vertex 32.957206761697776 6.70047056833374 1.6
      vertex 33.099970738570335 6.901677564089214 1.6
    endloop
  endfacet
  facet normal 0 0 1
    outer loop
      vertex 1.6 1.6 1.6
      vertex 38.769999999999996 1.6 1.6
      vertex 38.669999999999995 3.465 1.6
    endloop
  endfacet
  facet normal 0 1 0
    outer loop
      vertex 1.6 1.6 1.6
      vertex 31.26239764350015 1.6 3.568352924565888
      vertex 31.438525594676214 1.6 3.4953983384757756
    endloop
  endfacet
  facet normal 0 1 0
    outer loop
      vertex 1.6 1.6 1.6
      vertex 31.095545469923927 1.6 3.6605688613119174
      vertex 31.26239764350015 1.6 3.568352924565888
    endloop
  endfacet
  facet normal 0 1 0
    outer loop
      vertex 1.6 1.6 1.6
      vertex 30.797918471982868 1.6 3.8979184719828694
      vertex 30.94006733684015 1.6 3.77088647980435
    endloop
  endfacet
  facet normal 0 1 0
    outer loop
      vertex 1.6 1.6 1.6
      vertex 30.94006733684015 1.6 3.77088647980435
      vertex 31.095545469923927 1.6 3.6605688613119174
    endloop
  endfacet
  facet normal 0 1 0
    outer loop
      vertex 1.6 1.6 1.6
      vertex 31.438525594676214 1.6 3.4953983384757756
      vertex 31.621714412274265 1.6 3.4426225492909004
    endloop
  endfacet
  facet normal 0 1 0
    outer loop
      vertex 1.6 1.6 1.6
      vertex 31.621714412274265 1.6 3.4426225492909004
      vertex 31.809660390624376 1.6 3.410689243181488
    endloop
  endfacet
  facet normal 0 1 0
    outer loop
      vertex 1.6 1.6 1.6
      vertex 31.809660390624376 1.6 3.410689243181488
      vertex 32 1.6 3.4000000000000004
    endloop
  endfacet
  facet normal 0 1 0
    outer loop
      vertex 1.6 1.6 1.6
      vertex 32 1.6 3.4000000000000004
      vertex 38.769999999999996 1.6 1.6
    endloop
  endfacet
  facet normal 0 1 0
    outer loop
      vertex 1.6 1.6 1.6
      vertex 30.67088647980435 1.6 4.040067336840153
      vertex 30.797918471982868 1.6 3.8979184719828694
    endloop
  endfacet
  facet normal 0 1 0
    outer loop
      vertex 1.6 1.6 1.6
      vertex 30.560568861311918 1.6 4.195545469923928
      vertex 30.67088647980435 1.6 4.040067336840153
    endloop
  endfacet
  facet normal 0 1 0
    outer loop
      vertex 1.6 1.6 1.6
      vertex 30.468352924565888 1.6 4.3623976435001515
      vertex 30.560568861311918 1.6 4.195545469923928
    endloop
  endfacet
  facet normal 0 1 0
    outer loop
      vertex 1.6 1.6 1.6
      vertex 30.3426225492909 1.6 4.721714412274266
      vertex 30.395398338475776 1.6 4.538525594676217
    endloop
  endfacet
  facet normal 0 1 0
    outer loop
      vertex 1.6 1.6 1.6
      vertex 30.395398338475776 1.6 4.538525594676217
      vertex 30.468352924565888 1.6 4.3623976435001515
    endloop
  endfacet
  facet normal 0 1 0
    outer loop
      vertex 1.6 1.6 1.6
      vertex 30.31068924318149 1.6 4.909660390624378
      vertex 30.3426225492909 1.6 4.721714412274266
    endloop
  endfacet
  facet normal 0 1 0
    outer loop
      vertex 1.6 1.6 1.6
      vertex 30.3 1.6 5.1000000000000005
      vertex 30.31068924318149 1.6 4.909660390624378
    endloop
  endfacet
  facet normal 0 1 0
    outer loop
      vertex 1.6 1.6 1.6
      vertex 30.31068924318149 1.6 5.290339609375623
      vertex 30.3 1.6 5.1000000000000005
    endloop
  endfacet
  facet normal 0 1 0
    outer loop
      vertex 1.6 1.6 1.6
      vertex 30.3426225492909 1.6 5.478285587725735
      vertex 30.31068924318149 1.6 5.290339609375623
    endloop
  endfacet
  facet normal 0 0 1
    outer loop
      vertex 7.532131509385322 4.575455773941371 1.6
      vertex 33.099970738570335 6.901677564089214 1.6
      vertex 33.2643650813896 7.085634918610404 1.6
    endloop
  endfacet
  facet normal 0 0 1
    outer loop
      vertex 7.532131509385322 4.575455773941371 1.6
      vertex 33.2643650813896 7.085634918610404 1.6
      vertex 33.44832243591079 7.250029261429665 1.6
    endloop
  endfacet
  facet normal 0 0 1
    outer loop
      vertex 7.532131509385322 4.575455773941371 1.6
      vertex 33.44832243591079 7.250029261429665 1.6
      vertex 33.64952943166626 7.392793238302225 1.6
    endloop
  endfacet
  facet normal 0 0 1
    outer loop
      vertex 7.532131509385322 4.575455773941371 1.6
      vertex 33.64952943166626 7.392793238302225 1.6
      vertex 33.86545577394137 7.512131509385322 1.6
    endloop
  endfacet
  facet normal 0 0 1
    outer loop
      vertex 7.532131509385322 4.575455773941371 1.6
      vertex 33.86545577394137 7.512131509385322 1.6
      vertex 34.09338606369863 7.606543326678408 1.6
    endloop
  endfacet
  facet normal 0 0 1
    outer loop
      vertex 7.532131509385322 4.575455773941371 1.6
      vertex 34.09338606369863 7.606543326678408 1.6
      vertex 34.09338606369863 16.72345667332159 1.6
    endloop
  endfacet
  facet normal 0 0 1
    outer loop
      vertex 38.769999999999996 1.6 1.6
      vertex 38.769999999999996 3.465 1.6
      vertex 38.669999999999995 3.465 1.6
    endloop
  endfacet
  facet normal 0 0 1
    outer loop
      vertex 38.669999999999995 3.465 1.6
      vertex 35.066321847427275 3.3438331382348654 1.6
      vertex 34.82 3.329999999999999 1.6
    endloop
  endfacet
  facet normal 0 0 1
    outer loop
      vertex 38.669999999999995 3.465 1.6
      vertex 35.309546054703894 3.385158593199987 1.6
      vertex 35.066321847427275 3.3438331382348654 1.6
    endloop
  endfacet
  facet normal 0 0 1
    outer loop
      vertex 38.669999999999995 3.465 1.6
      vertex 35.54661393630137 3.4534566733215906 1.6
      vertex 35.309546054703894 3.385158593199987 1.6
    endloop
  endfacet
  facet normal 0 0 1
    outer loop
      vertex 38.669999999999995 3.465 1.6
      vertex 35.77454422605863 3.547868490614677 1.6
      vertex 35.54661393630137 3.4534566733215906 1.6
    endloop
  endfacet
  facet normal 0 0 1
    outer loop
      vertex 38.669999999999995 3.465 1.6
      vertex 35.99047056833374 3.6672067616977744 1.6
      vertex 35.77454422605863 3.547868490614677 1.6
    endloop
  endfacet
  facet normal 0 0 1
    outer loop
      vertex 38.669999999999995 3.465 1.6
      vertex 36.19167756408921 3.8099707385703336 1.6
      vertex 35.99047056833374 3.6672067616977744 1.6
    endloop
  endfacet
  facet normal 0 0 1
    outer loop
      vertex 38.669999999999995 3.465 1.6
      vertex 36.3756349186104 3.9743650813895943 1.6
      vertex 36.19167756408921 3.8099707385703336 1.6
    endloop
  endfacet
  facet normal 0 0 1
    outer loop
      vertex 38.669999999999995 3.465 1.6
      vertex 36.540029261429666 4.158322435910786 1.6
      vertex 36.3756349186104 3.9743650813895943 1.6
    endloop
  endfacet
  facet normal 0 0 1
    outer loop
      vertex 38.669999999999995 3.465 1.6
      vertex 36.682793238302224 4.3595294316662585 1.6
      vertex 36.540029261429666 4.158322435910786 1.6
    endloop
  endfacet
  facet normal 0 0 1
    outer loop
      vertex 38.669999999999995 3.465 1.6
      vertex 36.80213150938532 4.575455773941371 1.6
      vertex 36.682793238302224 4.3595294316662585 1.6
    endloop
  endfacet
  facet normal 0 0 1
    outer loop
      vertex 38.669999999999995 3.465 1.6
      vertex 36.89654332667841 4.803386063698632 1.6
      vertex 36.80213150938532 4.575455773941371 1.6
    endloop
  endfacet
  facet normal 0 0 1
    outer loop
      vertex 38.669999999999995 3.465 1.6
      vertex 36.96484140680001 5.040453945296108 1.6
      vertex 36.89654332667841 4.803386063698632 1.6
    endloop
  endfacet
  facet normal 0 0 1
    outer loop
      vertex 38.669999999999995 3.465 1.6
      vertex 37.00616686176514 5.283678152572722 1.6
      vertex 36.96484140680001 5.040453945296108 1.6
    endloop
  endfacet
  facet normal 0 0 1
    outer loop
      vertex 38.669999999999995 3.465 1.6
      vertex 37.02 5.529999999999999 1.6
      vertex 37.00616686176514 5.283678152572722 1.6
    endloop
  endfacet
  facet normal 0 1 0
    outer loop
      vertex 38.769999999999996 1.6 1.6
      vertex 32 1.6 3.4000000000000004
      vertex 32.19033960937562 1.6 3.410689243181488
    endloop
  endfacet
  facet normal 0 1 0
    outer loop
      vertex 38.769999999999996 1.6 1.6
      vertex 32.19033960937562 1.6 3.410689243181488
      vertex 32.378285587725735 1.6 3.4426225492909004
    endloop
  endfacet
  facet normal 0 1 0
    outer loop
      vertex 38.769999999999996 1.6 1.6
      vertex 32.378285587725735 1.6 3.4426225492909004
      vertex 32.561474405323786 1.6 3.4953983384757756
    endloop
  endfacet
  facet normal 0 1 0
    outer loop
      vertex 38.769999999999996 1.6 1.6
      vertex 32.561474405323786 1.6 3.4953983384757756
      vertex 32.73760235649985 1.6 3.568352924565888
    endloop
  endfacet
  facet normal 0 1 0
    outer loop
      vertex 38.769999999999996 1.6 1.6
      vertex 32.73760235649985 1.6 3.568352924565888
      vertex 32.90445453007607 1.6 3.6605688613119174
    endloop
  endfacet
  facet normal 0 1 0
    outer loop
      vertex 38.769999999999996 1.6 1.6
      vertex 32.90445453007607 1.6 3.6605688613119174
      vertex 33.05993266315985 1.6 3.77088647980435
    endloop
  endfacet
  facet normal 0 1 0
    outer loop
      vertex 38.769999999999996 1.6 1.6
      vertex 33.05993266315985 1.6 3.77088647980435
      vertex 33.20208152801713 1.6 3.8979184719828694
    endloop
  endfacet
  facet normal 0 1 0
    outer loop
      vertex 38.769999999999996 1.6 1.6
      vertex 33.20208152801713 1.6 3.8979184719828694
      vertex 33.32911352019565 1.6 4.040067336840154
    endloop
  endfacet
  facet normal 0 1 0
    outer loop
      vertex 38.769999999999996 1.6 1.6
      vertex 33.32911352019565 1.6 4.040067336840154
      vertex 33.439431138688086 1.6 4.195545469923928
    endloop
  endfacet
  facet normal 0 1 0
    outer loop
      vertex 38.769999999999996 1.6 1.6
      vertex 33.439431138688086 1.6 4.195545469923928
      vertex 33.531647075434115 1.6 4.3623976435001515
    endloop
  endfacet
  facet normal 0 1 0
    outer loop
      vertex 38.769999999999996 1.6 1.6
      vertex 33.531647075434115 1.6 4.3623976435001515
      vertex 33.60460166152423 1.6 4.538525594676217
    endloop
  endfacet
  facet normal -1 0 0
    outer loop
      vertex 38.769999999999996 1.6 1.6
      vertex 38.769999999999996 1.6 5.9
      vertex 38.769999999999996 3.465 1.6
    endloop
  endfacet
  facet normal 0 1 0
    outer loop
      vertex 38.769999999999996 1.6 1.6
      vertex 33.60460166152423 1.6 4.538525594676217
      vertex 33.6573774507091 1.6 4.721714412274266
    endloop
  endfacet
  facet normal 0 1 0
    outer loop
      vertex 38.769999999999996 1.6 1.6
      vertex 33.6573774507091 1.6 4.721714412274266
      vertex 38.769999999999996 1.6 5.9
    endloop
  endfacet
  facet normal 0 0 1
    outer loop
      vertex 34.09338606369863 7.606543326678408 1.6
      vertex 34.33045394529611 7.674841406800011 1.6
      vertex 34.33045394529611 16.655158593199985 1.6
    endloop
  endfacet
  facet normal 0 0 1
    outer loop
      vertex 34.33045394529611 7.674841406800011 1.6
      vertex 34.573678152572725 7.716166861765133 1.6
      vertex 34.573678152572725 16.613833138234863 1.6
    endloop
  endfacet
  facet normal 0 0 1
    outer loop
      vertex 34.573678152572725 7.716166861765133 1.6
      vertex 34.82 7.7299999999999995 1.6
      vertex 34.573678152572725 16.613833138234863 1.6
    endloop
  endfacet
  facet normal 0 0 1
    outer loop
      vertex 34.82 7.7299999999999995 1.6
      vertex 35.066321847427275 7.716166861765133 1.6
      vertex 35.066321847427275 16.613833138234863 1.6
    endloop
  endfacet
  facet normal 0 0 1
    outer loop
      vertex 35.066321847427275 7.716166861765133 1.6
      vertex 35.309546054703894 7.674841406800011 1.6
      vertex 35.309546054703894 16.655158593199985 1.6
    endloop
  endfacet
  facet normal 0 0 1
    outer loop
      vertex 35.54661393630137 7.606543326678408 1.6
      vertex 35.77454422605863 7.512131509385322 1.6
      vertex 35.54661393630137 16.72345667332159 1.6
    endloop
  endfacet
  facet normal 0 0 1
    outer loop
      vertex 35.77454422605863 7.512131509385322 1.6
      vertex 35.99047056833374 7.392793238302224 1.6
      vertex 35.77454422605863 16.817868490614675 1.6
    endloop
  endfacet
  facet normal 0 0 1
    outer loop
      vertex 36.19167756408921 7.250029261429665 1.6
      vertex 35.99047056833374 16.937206761697773 1.6
      vertex 35.99047056833374 7.392793238302224 1.6
    endloop
  endfacet
  facet normal 0 0 1
    outer loop
      vertex 36.3756349186104 7.085634918610404 1.6
      vertex 36.3756349186104 17.244365081389592 1.6
      vertex 36.19167756408921 7.250029261429665 1.6
    endloop
  endfacet
  facet normal 0 0 1
    outer loop
      vertex 36.3756349186104 7.085634918610404 1.6
      vertex 36.540029261429666 6.901677564089213 1.6
      vertex 36.540029261429666 17.428322435910783 1.6
    endloop
  endfacet
  facet normal 0 0 1
    outer loop
      vertex 38.669999999999995 3.465 1.6
      vertex 37.02 18.799999999999997 1.6
      vertex 37.02 5.529999999999999 1.6
    endloop
  endfacet
  facet normal 0 0 1
    outer loop
      vertex 36.89654332667841 6.256613936301367 1.6
      vertex 36.80213150938532 17.845455773941367 1.6
      vertex 36.80213150938532 6.4845442260586275 1.6
    endloop
  endfacet
  facet normal 0 0 1
    outer loop
      vertex 37.02 5.529999999999999 1.6
      vertex 37.02 18.799999999999997 1.6
      vertex 37.00616686176514 5.776321847427277 1.6
    endloop
  endfacet
  facet normal 0 0 1
    outer loop
      vertex 36.96484140680001 6.019546054703891 1.6
      vertex 36.89654332667841 18.07338606369863 1.6
      vertex 36.89654332667841 6.256613936301367 1.6
    endloop
  endfacet
  facet normal 0 0 1
    outer loop
      vertex 37.00616686176514 5.776321847427277 1.6
      vertex 37.00616686176514 18.55367815257272 1.6
      vertex 36.96484140680001 6.019546054703891 1.6
    endloop
  endfacet
  facet normal 0 0 1
    outer loop
      vertex 36.682793238302224 6.70047056833374 1.6
      vertex 36.682793238302224 17.629529431666256 1.6
      vertex 36.540029261429666 6.901677564089213 1.6
    endloop
  endfacet
  facet normal 0 0 1
    outer loop
      vertex 36.80213150938532 6.4845442260586275 1.6
      vertex 36.80213150938532 17.845455773941367 1.6
      vertex 36.682793238302224 6.70047056833374 1.6
    endloop
  endfacet
  facet normal 0 0 1
    outer loop
      vertex 35.309546054703894 7.674841406800011 1.6
      vertex 35.54661393630137 7.606543326678408 1.6
      vertex 35.309546054703894 16.655158593199985 1.6
    endloop
  endfacet
  facet normal 0 1 0
    outer loop
      vertex 1.6 1.6 1.6
      vertex 30.395398338475776 1.6 5.661474405323784
      vertex 30.3426225492909 1.6 5.478285587725735
    endloop
  endfacet
  facet normal 0 1 0
    outer loop
      vertex 1.6 1.6 1.6
      vertex 30.468352924565888 1.6 5.83760235649985
      vertex 30.395398338475776 1.6 5.661474405323784
    endloop
  endfacet
  facet normal 0 1 0
    outer loop
      vertex 1.6 1.6 5.9
      vertex 30.502838883140964 1.6 5.9
      vertex 30.468352924565888 1.6 5.83760235649985
    endloop
  endfacet
  facet normal 0 1 0
    outer loop
      vertex 23.958999999999996 1.6 6.96
      vertex 23.958999999999996 1.6 8.36
      vertex 30.958999999999996 1.6 6.96
    endloop
  endfacet
  facet normal 0 1 0
    outer loop
      vertex 23.958999999999996 1.6 8.36
      vertex 30.958999999999996 1.6 8.36
      vertex 30.958999999999996 1.6 6.96
    endloop
  endfacet
  facet normal 0 1 0
    outer loop
      vertex 33.60460166152423 1.6 5.661474405323784
      vertex 33.531647075434115 1.6 5.83760235649985
      vertex 38.769999999999996 1.6 5.9
    endloop
  endfacet
  facet normal 0 1 0
    outer loop
      vertex 33.531647075434115 1.6 5.83760235649985
      vertex 33.49716111685904 1.6 5.9
      vertex 38.769999999999996 1.6 5.9
    endloop
  endfacet
  facet normal 0 1 0
    outer loop
      vertex 33.6573774507091 1.6 4.721714412274266
      vertex 33.689310756818514 1.6 4.909660390624377
      vertex 38.769999999999996 1.6 5.9
    endloop
  endfacet
  facet normal -1 0 0
    outer loop
      vertex 38.769999999999996 3.465 1.6
      vertex 38.769999999999996 1.6 5.9
      vertex 38.769999999999996 3.465 5.9
    endloop
  endfacet
  facet normal 0 1 0
    outer loop
      vertex 33.689310756818514 1.6 4.909660390624377
      vertex 33.7 1.6 5.1000000000000005
      vertex 38.769999999999996 1.6 5.9
    endloop
  endfacet
  facet normal 0 1 0
    outer loop
      vertex 33.7 1.6 5.1000000000000005
      vertex 33.689310756818514 1.6 5.290339609375624
      vertex 38.769999999999996 1.6 5.9
    endloop
  endfacet
  facet normal 0 1 0
    outer loop
      vertex 33.689310756818514 1.6 5.290339609375624
      vertex 33.6573774507091 1.6 5.478285587725734
      vertex 38.769999999999996 1.6 5.9
    endloop
  endfacet
  facet normal 0 1 0
    outer loop
      vertex 33.6573774507091 1.6 5.478285587725734
      vertex 33.60460166152423 1.6 5.661474405323784
      vertex 38.769999999999996 1.6 5.9
    endloop
  endfacet
  facet normal 0 0 1
    outer loop
      vertex 7.532131509385322 4.575455773941371 1.6
      vertex 33.64952943166626 16.937206761697773 1.6
      vertex 33.44832243591079 17.07997073857033 1.6
    endloop
  endfacet
  facet normal 0 0 1
    outer loop
      vertex 7.532131509385322 4.575455773941371 1.6
      vertex 34.09338606369863 16.72345667332159 1.6
      vertex 33.86545577394137 16.817868490614675 1.6
    endloop
  endfacet
  facet normal 0 0 1
    outer loop
      vertex 7.532131509385322 4.575455773941371 1.6
      vertex 33.86545577394137 16.817868490614675 1.6
      vertex 33.64952943166626 16.937206761697773 1.6
    endloop
  endfacet
  facet normal 0 0 1
    outer loop
      vertex 7.532131509385322 4.575455773941371 1.6
      vertex 33.099970738570335 17.428322435910783 1.6
      vertex 32.957206761697776 17.629529431666256 1.6
    endloop
  endfacet
  facet normal 0 0 1
    outer loop
      vertex 7.532131509385322 4.575455773941371 1.6
      vertex 32.957206761697776 17.629529431666256 1.6
      vertex 32.83786849061468 17.845455773941367 1.6
    endloop
  endfacet
  facet normal 0 0 1
    outer loop
      vertex 7.694841406800013 5.040453945296108 1.6
      vertex 32.83786849061468 17.845455773941367 1.6
      vertex 32.74345667332159 18.07338606369863 1.6
    endloop
  endfacet
  facet normal 0 0 1
    outer loop
      vertex 7.532131509385322 4.575455773941371 1.6
      vertex 33.44832243591079 17.07997073857033 1.6
      vertex 33.2643650813896 17.244365081389592 1.6
    endloop
  endfacet
  facet normal 0 0 1
    outer loop
      vertex 7.532131509385322 4.575455773941371 1.6
      vertex 33.2643650813896 17.244365081389592 1.6
      vertex 33.099970738570335 17.428322435910783 1.6
    endloop
  endfacet
  facet normal 0 0 1
    outer loop
      vertex 7.694841406800013 5.040453945296108 1.6
      vertex 32.74345667332159 18.07338606369863 1.6
      vertex 32.67515859319999 18.310453945296103 1.6
    endloop
  endfacet
  facet normal 0 0 1
    outer loop
      vertex 7.694841406800013 5.040453945296108 1.6
      vertex 32.67515859319999 18.310453945296103 1.6
      vertex 32.63383313823486 18.55367815257272 1.6
    endloop
  endfacet
  facet normal 0 0 1
    outer loop
      vertex 7.694841406800013 5.040453945296108 1.6
      vertex 32.63383313823486 18.55367815257272 1.6
      vertex 32.62 18.799999999999997 1.6
    endloop
  endfacet
  facet normal 0 0 1
    outer loop
      vertex 7.694841406800013 5.040453945296108 1.6
      vertex 32.62 18.799999999999997 1.6
      vertex 32.63383313823486 19.046321847427276 1.6
    endloop
  endfacet
  facet normal 0 0 1
    outer loop
      vertex 7.694841406800013 5.040453945296108 1.6
      vertex 32.63383313823486 19.046321847427276 1.6
      vertex 32.67515859319999 19.28954605470389 1.6
    endloop
  endfacet
  facet normal 0 0 1
    outer loop
      vertex 7.694841406800013 19.289546054703887 1.6
      vertex 32.67515859319999 19.28954605470389 1.6
      vertex 32.74345667332159 19.526613936301363 1.6
    endloop
  endfacet
  facet normal 0 0 1
    outer loop
      vertex 7.532131509385322 19.754544226058623 1.6
      vertex 32.74345667332159 19.526613936301363 1.6
      vertex 32.83786849061468 19.754544226058627 1.6
    endloop
  endfacet
  facet normal 0 0 1
    outer loop
      vertex 7.532131509385322 19.754544226058623 1.6
      vertex 32.83786849061468 19.754544226058627 1.6
      vertex 32.957206761697776 19.970470568333738 1.6
    endloop
  endfacet
  facet normal 0 0 1
    outer loop
      vertex 7.412793238302225 19.970470568333738 1.6
      vertex 32.957206761697776 19.970470568333738 1.6
      vertex 33.099970738570335 20.17167756408921 1.6
    endloop
  endfacet
  facet normal 0 0 1
    outer loop
      vertex 7.105634918610405 20.355634918610402 1.6
      vertex 33.099970738570335 20.17167756408921 1.6
      vertex 33.2643650813896 20.355634918610402 1.6
    endloop
  endfacet
  facet normal 0 0 1
    outer loop
      vertex 7.105634918610405 20.355634918610402 1.6
      vertex 33.2643650813896 20.355634918610402 1.6
      vertex 33.44832243591079 20.520029261429663 1.6
    endloop
  endfacet
  facet normal 0 0 1
    outer loop
      vertex 6.921677564089213 20.520029261429663 1.6
      vertex 33.44832243591079 20.520029261429663 1.6
      vertex 33.64952943166626 20.66279323830222 1.6
    endloop
  endfacet
  facet normal 0 0 1
    outer loop
      vertex 6.720470568333741 20.66279323830222 1.6
      vertex 33.64952943166626 20.66279323830222 1.6
      vertex 33.86545577394137 20.78213150938532 1.6
    endloop
  endfacet
  facet normal 0 0 1
    outer loop
      vertex 1.6 22.73 1.6
      vertex 33.86545577394137 20.78213150938532 1.6
      vertex 34.09338606369863 20.876543326678405 1.6
    endloop
  endfacet
  facet normal 0 0 1
    outer loop
      vertex 1.6 22.73 1.6
      vertex 34.09338606369863 20.876543326678405 1.6
      vertex 34.33045394529611 20.94484140680001 1.6
    endloop
  endfacet
  facet normal 0 0 1
    outer loop
      vertex 1.6 22.73 1.6
      vertex 34.33045394529611 20.94484140680001 1.6
      vertex 34.573678152572725 20.98616686176513 1.6
    endloop
  endfacet
  facet normal 0 0 1
    outer loop
      vertex 1.6 22.73 1.6
      vertex 34.573678152572725 20.98616686176513 1.6
      vertex 34.82 20.999999999999996 1.6
    endloop
  endfacet
  facet normal 0 0 1
    outer loop
      vertex 1.6 22.73 1.6
      vertex 34.82 20.999999999999996 1.6
      vertex 38.769999999999996 22.73 1.6
    endloop
  endfacet
  facet normal 0 -1 0
    outer loop
      vertex 1.6 22.73 5.9
      vertex 38.769999999999996 22.73 1.6
      vertex 31.621714412274265 22.73 3.4426225492909004
    endloop
  endfacet
  facet normal 0 0 1
    outer loop
      vertex 34.09338606369863 7.606543326678408 1.6
      vertex 34.33045394529611 16.655158593199985 1.6
      vertex 34.09338606369863 16.72345667332159 1.6
    endloop
  endfacet
  facet normal 0 0 1
    outer loop
      vertex 34.33045394529611 7.674841406800011 1.6
      vertex 34.573678152572725 16.613833138234863 1.6
      vertex 34.33045394529611 16.655158593199985 1.6
    endloop
  endfacet
  facet normal 0 0 1
    outer loop
      vertex 34.82 7.7299999999999995 1.6
      vertex 34.82 16.599999999999998 1.6
      vertex 34.573678152572725 16.613833138234863 1.6
    endloop
  endfacet
  facet normal 0 0 1
    outer loop
      vertex 34.82 7.7299999999999995 1.6
      vertex 35.066321847427275 16.613833138234863 1.6
      vertex 34.82 16.599999999999998 1.6
    endloop
  endfacet
  facet normal 0 0 1
    outer loop
      vertex 35.066321847427275 7.716166861765133 1.6
      vertex 35.309546054703894 16.655158593199985 1.6
      vertex 35.066321847427275 16.613833138234863 1.6
    endloop
  endfacet
  facet normal 0 0 1
    outer loop
      vertex 35.54661393630137 7.606543326678408 1.6
      vertex 35.54661393630137 16.72345667332159 1.6
      vertex 35.309546054703894 16.655158593199985 1.6
    endloop
  endfacet
  facet normal 0 0 1
    outer loop
      vertex 35.77454422605863 7.512131509385322 1.6
      vertex 35.77454422605863 16.817868490614675 1.6
      vertex 35.54661393630137 16.72345667332159 1.6
    endloop
  endfacet
  facet normal 0 0 1
    outer loop
      vertex 35.99047056833374 7.392793238302224 1.6
      vertex 35.99047056833374 16.937206761697773 1.6
      vertex 35.77454422605863 16.817868490614675 1.6
    endloop
  endfacet
  facet normal 0 0 1
    outer loop
      vertex 36.19167756408921 7.250029261429665 1.6
      vertex 36.19167756408921 17.07997073857033 1.6
      vertex 35.99047056833374 16.937206761697773 1.6
    endloop
  endfacet
  facet normal 0 0 1
    outer loop
      vertex 36.19167756408921 7.250029261429665 1.6
      vertex 36.3756349186104 17.244365081389592 1.6
      vertex 36.19167756408921 17.07997073857033 1.6
    endloop
  endfacet
  facet normal 0 0 1
    outer loop
      vertex 36.3756349186104 7.085634918610404 1.6
      vertex 36.540029261429666 17.428322435910783 1.6
      vertex 36.3756349186104 17.244365081389592 1.6
    endloop
  endfacet
  facet normal 0 0 1
    outer loop
      vertex 36.540029261429666 6.901677564089213 1.6
      vertex 36.682793238302224 17.629529431666256 1.6
      vertex 36.540029261429666 17.428322435910783 1.6
    endloop
  endfacet
  facet normal 0 0 1
    outer loop
      vertex 36.682793238302224 6.70047056833374 1.6
      vertex 36.80213150938532 17.845455773941367 1.6
      vertex 36.682793238302224 17.629529431666256 1.6
    endloop
  endfacet
  facet normal 0 0 1
    outer loop
      vertex 36.89654332667841 6.256613936301367 1.6
      vertex 36.89654332667841 18.07338606369863 1.6
      vertex 36.80213150938532 17.845455773941367 1.6
    endloop
  endfacet
  facet normal 0 0 1
    outer loop
      vertex 36.96484140680001 6.019546054703891 1.6
      vertex 36.96484140680001 18.310453945296107 1.6
      vertex 36.89654332667841 18.07338606369863 1.6
    endloop
  endfacet
  facet normal 0 0 1
    outer loop
      vertex 36.96484140680001 6.019546054703891 1.6
      vertex 37.00616686176514 18.55367815257272 1.6
      vertex 36.96484140680001 18.310453945296107 1.6
    endloop
  endfacet
  facet normal 0 0 1
    outer loop
      vertex 37.00616686176514 5.776321847427277 1.6
      vertex 37.02 18.799999999999997 1.6
      vertex 37.00616686176514 18.55367815257272 1.6
    endloop
  endfacet
  facet normal 0 0 1
    outer loop
      vertex 38.669999999999995 3.465 1.6
      vertex 38.669999999999995 20.865 1.6
      vertex 37.02 18.799999999999997 1.6
    endloop
  endfacet
  facet normal 0 0 1
    outer loop
      vertex 38.669999999999995 20.865 1.6
      vertex 37.00616686176514 19.046321847427276 1.6
      vertex 37.02 18.799999999999997 1.6
    endloop
  endfacet
  facet normal 0 0 1
    outer loop
      vertex 38.669999999999995 20.865 1.6
      vertex 36.96484140680001 19.289546054703887 1.6
      vertex 37.00616686176514 19.046321847427276 1.6
    endloop
  endfacet
  facet normal 0 0 1
    outer loop
      vertex 38.669999999999995 20.865 1.6
      vertex 36.3756349186104 20.355634918610402 1.6
      vertex 36.540029261429666 20.17167756408921 1.6
    endloop
  endfacet
  facet normal 0 0 1
    outer loop
      vertex 38.669999999999995 20.865 1.6
      vertex 36.89654332667841 19.526613936301366 1.6
      vertex 36.96484140680001 19.289546054703887 1.6
    endloop
  endfacet
  facet normal 0 0 1
    outer loop
      vertex 38.669999999999995 20.865 1.6
      vertex 36.80213150938532 19.754544226058623 1.6
      vertex 36.89654332667841 19.526613936301366 1.6
    endloop
  endfacet
  facet normal 0 0 1
    outer loop
      vertex 38.669999999999995 20.865 1.6
      vertex 36.540029261429666 20.17167756408921 1.6
      vertex 36.682793238302224 19.970470568333738 1.6
    endloop
  endfacet
  facet normal 0 0 1
    outer loop
      vertex 38.669999999999995 20.865 1.6
      vertex 36.682793238302224 19.970470568333738 1.6
      vertex 36.80213150938532 19.754544226058623 1.6
    endloop
  endfacet
  facet normal 0 0 1
    outer loop
      vertex 38.669999999999995 20.865 1.6
      vertex 36.19167756408921 20.520029261429663 1.6
      vertex 36.3756349186104 20.355634918610402 1.6
    endloop
  endfacet
  facet normal 0 0 1
    outer loop
      vertex 38.769999999999996 22.73 1.6
      vertex 34.82 20.999999999999996 1.6
      vertex 35.066321847427275 20.98616686176513 1.6
    endloop
  endfacet
  facet normal 0 0 1
    outer loop
      vertex 38.769999999999996 22.73 1.6
      vertex 35.066321847427275 20.98616686176513 1.6
      vertex 35.309546054703894 20.94484140680001 1.6
    endloop
  endfacet
  facet normal 0 0 1
    outer loop
      vertex 38.769999999999996 22.73 1.6
      vertex 35.309546054703894 20.94484140680001 1.6
      vertex 35.54661393630137 20.876543326678405 1.6
    endloop
  endfacet
  facet normal 0 0 1
    outer loop
      vertex 38.769999999999996 22.73 1.6
      vertex 35.54661393630137 20.876543326678405 1.6
      vertex 35.77454422605863 20.78213150938532 1.6
    endloop
  endfacet
  facet normal 0 0 1
    outer loop
      vertex 38.769999999999996 22.73 1.6
      vertex 35.77454422605863 20.78213150938532 1.6
      vertex 35.99047056833374 20.66279323830222 1.6
    endloop
  endfacet
  facet normal 0 0 1
    outer loop
      vertex 38.769999999999996 22.73 1.6
      vertex 35.99047056833374 20.66279323830222 1.6
      vertex 36.19167756408921 20.520029261429663 1.6
    endloop
  endfacet
  facet normal 0 0 1
    outer loop
      vertex 38.669999999999995 20.865 1.6
      vertex 38.769999999999996 22.73 1.6
      vertex 36.19167756408921 20.520029261429663 1.6
    endloop
  endfacet
  facet normal 0 0 1
    outer loop
      vertex 38.669999999999995 20.865 1.6
      vertex 38.769999999999996 20.865 1.6
      vertex 38.769999999999996 22.73 1.6
    endloop
  endfacet
  facet normal 0 -1 0
    outer loop
      vertex 38.769999999999996 22.73 1.6
      vertex 32 22.73 3.4000000000000004
      vertex 31.809660390624376 22.73 3.410689243181488
    endloop
  endfacet
  facet normal 0 -1 0
    outer loop
      vertex 38.769999999999996 22.73 1.6
      vertex 32.19033960937562 22.73 3.410689243181488
      vertex 32 22.73 3.4000000000000004
    endloop
  endfacet
  facet normal 0 -1 0
    outer loop
      vertex 38.769999999999996 22.73 1.6
      vertex 31.809660390624376 22.73 3.410689243181488
      vertex 31.621714412274265 22.73 3.4426225492909004
    endloop
  endfacet
  facet normal 0 -1 0
    outer loop
      vertex 38.769999999999996 22.73 1.6
      vertex 32.378285587725735 22.73 3.4426225492909004
      vertex 32.19033960937562 22.73 3.410689243181488
    endloop
  endfacet
  facet normal 0 -1 0
    outer loop
      vertex 38.769999999999996 22.73 1.6
      vertex 32.561474405323786 22.73 3.4953983384757756
      vertex 32.378285587725735 22.73 3.4426225492909004
    endloop
  endfacet
  facet normal 0 -1 0
    outer loop
      vertex 38.769999999999996 22.73 1.6
      vertex 32.73760235649985 22.73 3.568352924565888
      vertex 32.561474405323786 22.73 3.4953983384757756
    endloop
  endfacet
  facet normal 0 -1 0
    outer loop
      vertex 38.769999999999996 22.73 1.6
      vertex 32.90445453007607 22.73 3.6605688613119174
      vertex 32.73760235649985 22.73 3.568352924565888
    endloop
  endfacet
  facet normal 0 -1 0
    outer loop
      vertex 38.769999999999996 22.73 1.6
      vertex 33.05993266315985 22.73 3.77088647980435
      vertex 32.90445453007607 22.73 3.6605688613119174
    endloop
  endfacet
  facet normal 0 -1 0
    outer loop
      vertex 38.769999999999996 22.73 1.6
      vertex 33.20208152801713 22.73 3.8979184719828694
      vertex 33.05993266315985 22.73 3.77088647980435
    endloop
  endfacet
  facet normal 0 -1 0
    outer loop
      vertex 38.769999999999996 22.73 1.6
      vertex 33.32911352019565 22.73 4.040067336840154
      vertex 33.20208152801713 22.73 3.8979184719828694
    endloop
  endfacet
  facet normal 0 -1 0
    outer loop
      vertex 38.769999999999996 22.73 1.6
      vertex 33.439431138688086 22.73 4.195545469923928
      vertex 33.32911352019565 22.73 4.040067336840154
    endloop
  endfacet
  facet normal 0 -1 0
    outer loop
      vertex 38.769999999999996 22.73 1.6
      vertex 33.531647075434115 22.73 4.3623976435001515
      vertex 33.439431138688086 22.73 4.195545469923928
    endloop
  endfacet
  facet normal 0 -1 0
    outer loop
      vertex 38.769999999999996 22.73 1.6
      vertex 33.60460166152423 22.73 4.538525594676217
      vertex 33.531647075434115 22.73 4.3623976435001515
    endloop
  endfacet
  facet normal -1 0 0
    outer loop
      vertex 38.769999999999996 20.865 1.6
      vertex 38.769999999999996 20.865 5.9
      vertex 38.769999999999996 22.73 1.6
    endloop
  endfacet
  facet normal 0 -1 0
    outer loop
      vertex 38.769999999999996 22.73 1.6
      vertex 33.6573774507091 22.73 4.721714412274266
      vertex 33.60460166152423 22.73 4.538525594676217
    endloop
  endfacet
  facet normal 0 -1 0
    outer loop
      vertex 38.769999999999996 22.73 1.6
      vertex 33.689310756818514 22.73 4.909660390624377
      vertex 33.6573774507091 22.73 4.721714412274266
    endloop
  endfacet
  facet normal 0 -1 0
    outer loop
      vertex 38.769999999999996 22.73 1.6
      vertex 33.7 22.73 5.1000000000000005
      vertex 33.689310756818514 22.73 4.909660390624377
    endloop
  endfacet
  facet normal 0 -1 0
    outer loop
      vertex 38.769999999999996 22.73 1.6
      vertex 33.689310756818514 22.73 5.290339609375624
      vertex 33.7 22.73 5.1000000000000005
    endloop
  endfacet
  facet normal 0 -1 0
    outer loop
      vertex 38.769999999999996 22.73 1.6
      vertex 33.6573774507091 22.73 5.478285587725734
      vertex 33.689310756818514 22.73 5.290339609375624
    endloop
  endfacet
  facet normal 0 -1 0
    outer loop
      vertex 1.6 22.73 5.9
      vertex 31.438525594676214 22.73 3.4953983384757756
      vertex 31.26239764350015 22.73 3.568352924565888
    endloop
  endfacet
  facet normal 0 -1 0
    outer loop
      vertex 1.6 22.73 5.9
      vertex 31.26239764350015 22.73 3.568352924565888
      vertex 31.095545469923927 22.73 3.6605688613119174
    endloop
  endfacet
  facet normal 0 -1 0
    outer loop
      vertex 1.6 22.73 5.9
      vertex 30.94006733684015 22.73 3.77088647980435
      vertex 30.797918471982868 22.73 3.8979184719828694
    endloop
  endfacet
  facet normal 0 -1 0
    outer loop
      vertex 1.6 22.73 5.9
      vertex 31.095545469923927 22.73 3.6605688613119174
      vertex 30.94006733684015 22.73 3.77088647980435
    endloop
  endfacet
  facet normal 0 -1 0
    outer loop
      vertex 1.6 22.73 5.9
      vertex 30.797918471982868 22.73 3.8979184719828694
      vertex 30.67088647980435 22.73 4.040067336840153
    endloop
  endfacet
  facet normal 0 -1 0
    outer loop
      vertex 1.6 22.73 5.9
      vertex 31.621714412274265 22.73 3.4426225492909004
      vertex 31.438525594676214 22.73 3.4953983384757756
    endloop
  endfacet
  facet normal 0 -1 0
    outer loop
      vertex 1.6 22.73 5.9
      vertex 30.67088647980435 22.73 4.040067336840153
      vertex 30.560568861311918 22.73 4.195545469923928
    endloop
  endfacet
  facet normal 0 -1 0
    outer loop
      vertex 1.6 22.73 5.9
      vertex 30.560568861311918 22.73 4.195545469923928
      vertex 30.468352924565888 22.73 4.3623976435001515
    endloop
  endfacet
  facet normal 0 -1 0
    outer loop
      vertex 1.6 22.73 5.9
      vertex 30.468352924565888 22.73 4.3623976435001515
      vertex 30.395398338475776 22.73 4.538525594676217
    endloop
  endfacet
  facet normal 0 -1 0
    outer loop
      vertex 1.6 22.73 5.9
      vertex 30.395398338475776 22.73 4.538525594676217
      vertex 30.3426225492909 22.73 4.721714412274266
    endloop
  endfacet
  facet normal 0 -1 0
    outer loop
      vertex 1.6 22.73 5.9
      vertex 30.3426225492909 22.73 4.721714412274266
      vertex 30.31068924318149 22.73 4.909660390624378
    endloop
  endfacet
  facet normal 0 -1 0
    outer loop
      vertex 1.6 22.73 5.9
      vertex 30.31068924318149 22.73 4.909660390624378
      vertex 30.3 22.73 5.1000000000000005
    endloop
  endfacet
  facet normal 0 -1 0
    outer loop
      vertex 1.6 22.73 5.9
      vertex 30.3 22.73 5.1000000000000005
      vertex 30.31068924318149 22.73 5.290339609375623
    endloop
  endfacet
  facet normal 0 -1 0
    outer loop
      vertex 1.6 22.73 5.9
      vertex 30.31068924318149 22.73 5.290339609375623
      vertex 30.3426225492909 22.73 5.478285587725735
    endloop
  endfacet
  facet normal 0 -1 0
    outer loop
      vertex 1.6 22.73 5.9
      vertex 30.3426225492909 22.73 5.478285587725735
      vertex 30.395398338475776 22.73 5.661474405323784
    endloop
  endfacet
  facet normal 0 -1 0
    outer loop
      vertex 1.6 22.73 5.9
      vertex 30.395398338475776 22.73 5.661474405323784
      vertex 30.468352924565888 22.73 5.83760235649985
    endloop
  endfacet
  facet normal 0 -1 0
    outer loop
      vertex 1.6 22.73 5.9
      vertex 30.468352924565888 22.73 5.83760235649985
      vertex 30.502838883140964 22.73 5.9
    endloop
  endfacet
  facet normal 0 -1 0
    outer loop
      vertex 23.958999999999996 22.73 6.960000000000036
      vertex 30.958999999999996 22.73 8.359999999999964
      vertex 23.958999999999996 22.73 8.36
    endloop
  endfacet
  facet normal 0 -1 0
    outer loop
      vertex 23.958999999999996 22.73 6.960000000000036
      vertex 30.958999999999996 22.73 6.96
      vertex 30.958999999999996 22.73 8.359999999999964
    endloop
  endfacet
  facet normal 0 -1 0
    outer loop
      vertex 33.60460166152423 22.73 5.661474405323784
      vertex 38.769999999999996 22.73 5.9
      vertex 33.531647075434115 22.73 5.83760235649985
    endloop
  endfacet
  facet normal 0 -1 0
    outer loop
      vertex 33.531647075434115 22.73 5.83760235649985
      vertex 38.769999999999996 22.73 5.9
      vertex 33.49716111685904 22.73 5.9
    endloop
  endfacet
  facet normal 0 -1 0
    outer loop
      vertex 38.769999999999996 22.73 1.6
      vertex 33.60460166152423 22.73 5.661474405323784
      vertex 33.6573774507091 22.73 5.478285587725734
    endloop
  endfacet
  facet normal 0 -1 0
    outer loop
      vertex 38.769999999999996 22.73 1.6
      vertex 38.769999999999996 22.73 5.9
      vertex 33.60460166152423 22.73 5.661474405323784
    endloop
  endfacet
  facet normal -1 0 0
    outer loop
      vertex 38.769999999999996 22.73 1.6
      vertex 38.769999999999996 20.865 5.9
      vertex 38.769999999999996 22.73 5.9
    endloop
  endfacet
  facet normal 0 1 0
    outer loop
      vertex 38.669999999999995 3.465 0
      vertex 38.669999999999995 3.465 1.6
      vertex 40.36999999731779 3.465 0
    endloop
  endfacet
  facet normal 0 1 0
    outer loop
      vertex 40.36999999731779 3.465 0
      vertex 38.669999999999995 3.465 1.6
      vertex 38.769999999999996 3.465 1.6
    endloop
  endfacet
  facet normal 0 1 0
    outer loop
      vertex 40.36999999731779 3.465 0
      vertex 38.769999999999996 3.465 1.6
      vertex 38.769999999999996 3.465 5.9
    endloop
  endfacet
  facet normal 0 1 0
    outer loop
      vertex 40.36999999731779 3.465 0
      vertex 38.769999999999996 3.465 5.9
      vertex 40.36999999731779 3.465 5.9
    endloop
  endfacet
  facet normal 1 0 0
    outer loop
      vertex 38.669999999999995 3.465 0
      vertex 38.669999999999995 20.865 1.6
      vertex 38.669999999999995 3.465 1.6
    endloop
  endfacet
  facet normal 1 0 0
    outer loop
      vertex 38.669999999999995 3.465 0
      vertex 38.669999999999995 20.865 0
      vertex 38.669999999999995 20.865 1.6
    endloop
  endfacet
  facet normal 0 -1 0
    outer loop
      vertex 38.669999999999995 20.865 0
      vertex 40.36999999731779 20.865 0
      vertex 38.769999999999996 20.865 1.6
    endloop
  endfacet
  facet normal 0 -1 0
    outer loop
      vertex 38.669999999999995 20.865 0
      vertex 38.769999999999996 20.865 1.6
      vertex 38.669999999999995 20.865 1.6
    endloop
  endfacet
  facet normal 0 -1 0
    outer loop
      vertex 40.36999999731779 20.865 0
      vertex 38.769999999999996 20.865 5.9
      vertex 38.769999999999996 20.865 1.6
    endloop
  endfacet
  facet normal 0 -1 0
    outer loop
      vertex 40.36999999731779 20.865 0
      vertex 40.36999999731779 20.865 5.9
      vertex 38.769999999999996 20.865 5.9
    endloop
  endfacet
  facet normal 1 0 0
    outer loop
      vertex 9.184999999999999 5.469347826086955 0
      vertex 9.184999999999999 7.860652173913042 0
      vertex 9.184999999999999 7.860652173913042 0.8
    endloop
  endfacet
  facet normal 1 0 0
    outer loop
      vertex 9.184999999999999 5.469347826086955 0
      vertex 9.184999999999999 7.860652173913042 0.8
      vertex 9.184999999999999 5.469347826086955 0.8
    endloop
  endfacet
  facet normal 1 0 0
    outer loop
      vertex 9.184999999999999 8.817173913043478 0
      vertex 9.184999999999999 11.686739130434782 0.8
      vertex 9.184999999999999 8.817173913043478 0.8
    endloop
  endfacet
  facet normal 1 0 0
    outer loop
      vertex 9.184999999999999 8.817173913043478 0
      vertex 9.184999999999999 11.686739130434782 0
      vertex 9.184999999999999 11.686739130434782 0.8
    endloop
  endfacet
  facet normal 1 0 0
    outer loop
      vertex 12.53282608695652 4.034565217391304 0
      vertex 12.53282608695652 5.469347826086955 0.8
      vertex 12.53282608695652 4.034565217391304 0.8
    endloop
  endfacet
  facet normal 0 1 0
    outer loop
      vertex 9.184999999999999 5.469347826086955 0
      vertex 9.184999999999999 5.469347826086955 0.8
      vertex 12.53282608695652 5.469347826086955 0
    endloop
  endfacet
  facet normal 1 0 0
    outer loop
      vertex 12.53282608695652 4.034565217391304 0
      vertex 12.53282608695652 5.469347826086955 0
      vertex 12.53282608695652 5.469347826086955 0.8
    endloop
  endfacet
  facet normal 0 1 0
    outer loop
      vertex 9.184999999999999 5.469347826086955 0.8
      vertex 12.53282608695652 5.469347826086955 0.8
      vertex 12.53282608695652 5.469347826086955 0
    endloop
  endfacet
  facet normal 0 0 -1
    outer loop
      vertex 12.53282608695652 4.034565217391304 0.8
      vertex 12.53282608695652 5.469347826086955 0.8
      vertex 19.94586956521739 8.33891304347826 0.8
    endloop
  endfacet
  facet normal 0 1 0
    outer loop
      vertex 12.53282608695652 4.034565217391304 0
      vertex 12.53282608695652 4.034565217391304 0.8
      vertex 23.054565217391303 4.034565217391304 0
    endloop
  endfacet
  facet normal 0 1 0
    outer loop
      vertex 12.53282608695652 4.034565217391304 0.8
      vertex 23.054565217391303 4.034565217391304 0.8
      vertex 23.054565217391303 4.034565217391304 0
    endloop
  endfacet
  facet normal 0 0 -1
    outer loop
      vertex 12.53282608695652 4.034565217391304 0.8
      vertex 19.94586956521739 8.33891304347826 0.8
      vertex 23.054565217391303 4.034565217391304 0.8
    endloop
  endfacet
  facet normal 0 0 -1
    outer loop
      vertex 9.184999999999999 5.469347826086955 0.8
      vertex 9.184999999999999 7.860652173913042 0.8
      vertex 12.53282608695652 7.860652173913042 0.8
    endloop
  endfacet
  facet normal 0 0 -1
    outer loop
      vertex 9.184999999999999 5.469347826086955 0.8
      vertex 12.53282608695652 7.860652173913042 0.8
      vertex 12.53282608695652 5.469347826086955 0.8
    endloop
  endfacet
  facet normal 0 1 0
    outer loop
      vertex 9.184999999999999 8.817173913043478 0
      vertex 9.184999999999999 8.817173913043478 0.8
      vertex 12.53282608695652 8.817173913043478 0
    endloop
  endfacet
  facet normal 0 -1 0
    outer loop
      vertex 9.184999999999999 7.860652173913042 0
      vertex 12.53282608695652 7.860652173913042 0
      vertex 12.53282608695652 7.860652173913042 0.8
    endloop
  endfacet
  facet normal 1 0 0
    outer loop
      vertex 12.53282608695652 7.860652173913042 0
      vertex 12.53282608695652 8.817173913043478 0
      vertex 12.53282608695652 8.817173913043478 0.8
    endloop
  endfacet
  facet normal 0 -1 0
    outer loop
      vertex 9.184999999999999 7.860652173913042 0
      vertex 12.53282608695652 7.860652173913042 0.8
      vertex 9.184999999999999 7.860652173913042 0.8
    endloop
  endfacet
  facet normal 1 0 0
    outer loop
      vertex 12.53282608695652 7.860652173913042 0
      vertex 12.53282608695652 8.817173913043478 0.8
      vertex 12.53282608695652 7.860652173913042 0.8
    endloop
  endfacet
  facet normal 0 1 0
    outer loop
      vertex 9.184999999999999 8.817173913043478 0.8
      vertex 12.53282608695652 8.817173913043478 0.8
      vertex 12.53282608695652 8.817173913043478 0
    endloop
  endfacet
  facet normal 0 0 -1
    outer loop
      vertex 12.53282608695652 5.469347826086955 0.8
      vertex 12.53282608695652 7.860652173913042 0.8
      vertex 19.498583402853942 8.495425240423367 0.8
    endloop
  endfacet
  facet normal 0 0 -1
    outer loop
      vertex 12.53282608695652 7.860652173913042 0.8
      vertex 12.53282608695652 8.817173913043478 0.8
      vertex 19.246464758670847 8.896669765775616 0.8
    endloop
  endfacet
  facet normal 0 0 -1
    outer loop
      vertex 9.184999999999999 8.817173913043478 0.8
      vertex 12.53282608695652 11.686739130434782 0.8
      vertex 12.53282608695652 8.817173913043478 0.8
    endloop
  endfacet
  facet normal 0 -1 0
    outer loop
      vertex 9.184999999999999 11.686739130434782 0
      vertex 12.53282608695652 11.686739130434782 0
      vertex 12.53282608695652 11.686739130434782 0.8
    endloop
  endfacet
  facet normal 0 0 -1
    outer loop
      vertex 9.184999999999999 8.817173913043478 0.8
      vertex 9.184999999999999 11.686739130434782 0.8
      vertex 12.53282608695652 11.686739130434782 0.8
    endloop
  endfacet
  facet normal 0 -1 0
    outer loop
      vertex 9.184999999999999 11.686739130434782 0
      vertex 12.53282608695652 11.686739130434782 0.8
      vertex 9.184999999999999 11.686739130434782 0.8
    endloop
  endfacet
  facet normal 0 0 -1
    outer loop
      vertex 12.53282608695652 8.817173913043478 0.8
      vertex 12.53282608695652 11.686739130434782 0.8
      vertex 19.228478260869565 10.01282608695652 0.8
    endloop
  endfacet
  facet normal 0 0 -1
    outer loop
      vertex 12.53282608695652 11.686739130434782 0.8
      vertex 12.53282608695652 13.599782608695651 0.8
      vertex 19.2995223327305 10.324090510205082 0.8
    endloop
  endfacet
  facet normal 0 0 -1
    outer loop
      vertex 12.53282608695652 5.469347826086955 0.8
      vertex 19.70893023799295 8.379170654830725 0.8
      vertex 19.78623498316692 8.356899541279542 0.8
    endloop
  endfacet
  facet normal 0 0 -1
    outer loop
      vertex 12.53282608695652 5.469347826086955 0.8
      vertex 19.564194379176783 8.44887177152478 0.8
      vertex 19.63460514196883 8.409957115339196 0.8
    endloop
  endfacet
  facet normal 0 0 -1
    outer loop
      vertex 12.53282608695652 5.469347826086955 0.8
      vertex 19.498583402853942 8.495425240423367 0.8
      vertex 19.564194379176783 8.44887177152478 0.8
    endloop
  endfacet
  facet normal 0 0 -1
    outer loop
      vertex 12.53282608695652 5.469347826086955 0.8
      vertex 19.63460514196883 8.409957115339196 0.8
      vertex 19.70893023799295 8.379170654830725 0.8
    endloop
  endfacet
  facet normal 0 0 -1
    outer loop
      vertex 12.53282608695652 5.469347826086955 0.8
      vertex 19.78623498316692 8.356899541279542 0.8
      vertex 19.865547225086583 8.343423848165116 0.8
    endloop
  endfacet
  facet normal 0 0 -1
    outer loop
      vertex 12.53282608695652 5.469347826086955 0.8
      vertex 19.865547225086583 8.343423848165116 0.8
      vertex 19.94586956521739 8.33891304347826 0.8
    endloop
  endfacet
  facet normal 0 0 -1
    outer loop
      vertex 12.53282608695652 7.860652173913042 0.8
      vertex 19.43859731070373 8.549032093312428 0.8
      vertex 19.498583402853942 8.495425240423367 0.8
    endloop
  endfacet
  facet normal 0 0 -1
    outer loop
      vertex 12.53282608695652 7.860652173913042 0.8
      vertex 19.38499045781467 8.60901818546264 0.8
      vertex 19.43859731070373 8.549032093312428 0.8
    endloop
  endfacet
  facet normal 0 0 -1
    outer loop
      vertex 12.53282608695652 7.860652173913042 0.8
      vertex 19.246464758670847 8.896669765775616 0.8
      vertex 19.268735872222027 8.819365020601644 0.8
    endloop
  endfacet
  facet normal 0 0 -1
    outer loop
      vertex 12.53282608695652 8.817173913043478 0.8
      vertex 19.23298906555642 8.97598200769528 0.8
      vertex 19.246464758670847 8.896669765775616 0.8
    endloop
  endfacet
  facet normal 0 0 -1
    outer loop
      vertex 12.53282608695652 8.817173913043478 0.8
      vertex 19.228478260869565 9.056304347826085 0.8
      vertex 19.23298906555642 8.97598200769528 0.8
    endloop
  endfacet
  facet normal 0 0 -1
    outer loop
      vertex 12.53282608695652 7.860652173913042 0.8
      vertex 19.338436988916087 8.674629161785477 0.8
      vertex 19.38499045781467 8.60901818546264 0.8
    endloop
  endfacet
  facet normal 0 0 -1
    outer loop
      vertex 12.53282608695652 7.860652173913042 0.8
      vertex 19.2995223327305 8.745039924577526 0.8
      vertex 19.338436988916087 8.674629161785477 0.8
    endloop
  endfacet
  facet normal 0 0 -1
    outer loop
      vertex 12.53282608695652 7.860652173913042 0.8
      vertex 19.268735872222027 8.819365020601644 0.8
      vertex 19.2995223327305 8.745039924577526 0.8
    endloop
  endfacet
  facet normal -0.1675062378897482 -0.9858710160401427 -9.901520773676978e-19
    outer loop
      vertex 19.78623498316692 8.356899541279542 0
      vertex 19.865547225086583 8.343423848165116 0
      vertex 19.865547225086583 8.343423848165116 0.8
    endloop
  endfacet
  facet normal -0.056070432622264355 -0.9984268158385732 1.8507712135696952e-19
    outer loop
      vertex 19.865547225086583 8.343423848165116 0
      vertex 19.94586956521739 8.33891304347826 0
      vertex 19.94586956521739 8.33891304347826 0.8
    endloop
  endfacet
  facet normal -0.5786712843759457 -0.8155608773345455 3.0431087020907546e-18
    outer loop
      vertex 19.498583402853942 8.495425240423367 0
      vertex 19.564194379176783 8.44887177152478 0
      vertex 19.564194379176783 8.44887177152478 0.8
    endloop
  endfacet
  facet normal -0.6663466021592049 -0.7456421432502873 0
    outer loop
      vertex 19.43859731070373 8.549032093312428 0
      vertex 19.498583402853942 8.495425240423367 0
      vertex 19.498583402853942 8.495425240423367 0.8
    endloop
  endfacet
  facet normal -0.8155608773345515 -0.5786712843759373 0
    outer loop
      vertex 19.38499045781467 8.60901818546264 0
      vertex 19.38499045781467 8.60901818546264 0.8
      vertex 19.338436988916087 8.674629161785477 0
    endloop
  endfacet
  facet normal -0.8752234054870381 -0.4837189168180958 0
    outer loop
      vertex 19.338436988916087 8.674629161785477 0
      vertex 19.338436988916087 8.674629161785477 0.8
      vertex 19.2995223327305 8.745039924577526 0
    endloop
  endfacet
  facet normal -0.7456421432502873 -0.6663466021592049 0
    outer loop
      vertex 19.43859731070373 8.549032093312428 0
      vertex 19.43859731070373 8.549032093312428 0.8
      vertex 19.38499045781467 8.60901818546264 0
    endloop
  endfacet
  facet normal -0.9984268158385732 -0.056070432622264355 0
    outer loop
      vertex 19.23298906555642 8.97598200769528 0
      vertex 19.23298906555642 8.97598200769528 0.8
      vertex 19.228478260869565 9.056304347826085 0
    endloop
  endfacet
  facet normal -0.9238795425726404 -0.3826834080748323 0
    outer loop
      vertex 19.2995223327305 8.745039924577526 0
      vertex 19.2995223327305 8.745039924577526 0.8
      vertex 19.268735872222027 8.819365020601644 0
    endloop
  endfacet
  facet normal -0.9609173215165693 -0.2768355129123108 0
    outer loop
      vertex 19.268735872222027 8.819365020601644 0
      vertex 19.268735872222027 8.819365020601644 0.8
      vertex 19.246464758670847 8.896669765775616 0
    endloop
  endfacet
  facet normal -0.9858710160401427 -0.1675062378897482 -9.901520773676978e-19
    outer loop
      vertex 19.23298906555642 8.97598200769528 0
      vertex 19.246464758670847 8.896669765775616 0
      vertex 19.246464758670847 8.896669765775616 0.8
    endloop
  endfacet
  facet normal -0.4837189168180882 -0.8752234054870422 2.0047012200307474e-18
    outer loop
      vertex 19.564194379176783 8.44887177152478 0
      vertex 19.63460514196883 8.409957115339196 0
      vertex 19.63460514196883 8.409957115339196 0.8
    endloop
  endfacet
  facet normal -0.3826834080748134 -0.9238795425726481 1.1576027439239594e-18
    outer loop
      vertex 19.63460514196883 8.409957115339196 0
      vertex 19.70893023799295 8.379170654830725 0
      vertex 19.70893023799295 8.379170654830725 0.8
    endloop
  endfacet
  facet normal -0.2768355129123312 -0.9609173215165635 0
    outer loop
      vertex 19.78623498316692 8.356899541279542 0
      vertex 19.78623498316692 8.356899541279542 0.8
      vertex 19.70893023799295 8.379170654830725 0
    endloop
  endfacet
  facet normal -0.1675062378897482 -0.9858710160401427 0
    outer loop
      vertex 19.78623498316692 8.356899541279542 0
      vertex 19.865547225086583 8.343423848165116 0.8
      vertex 19.78623498316692 8.356899541279542 0.8
    endloop
  endfacet
  facet normal -0.056070432622264355 -0.9984268158385732 0
    outer loop
      vertex 19.865547225086583 8.343423848165116 0
      vertex 19.94586956521739 8.33891304347826 0.8
      vertex 19.865547225086583 8.343423848165116 0.8
    endloop
  endfacet
  facet normal -0.6663466021592049 -0.7456421432502873 0
    outer loop
      vertex 19.43859731070373 8.549032093312428 0
      vertex 19.498583402853942 8.495425240423367 0.8
      vertex 19.43859731070373 8.549032093312428 0.8
    endloop
  endfacet
  facet normal -0.5786712843759457 -0.8155608773345455 0
    outer loop
      vertex 19.498583402853942 8.495425240423367 0
      vertex 19.564194379176783 8.44887177152478 0.8
      vertex 19.498583402853942 8.495425240423367 0.8
    endloop
  endfacet
  facet normal -0.8752234054870381 -0.4837189168180958 0
    outer loop
      vertex 19.2995223327305 8.745039924577526 0
      vertex 19.338436988916087 8.674629161785477 0.8
      vertex 19.2995223327305 8.745039924577526 0.8
    endloop
  endfacet
  facet normal -0.8155608773345515 -0.5786712843759373 0
    outer loop
      vertex 19.338436988916087 8.674629161785477 0
      vertex 19.38499045781467 8.60901818546264 0.8
      vertex 19.338436988916087 8.674629161785477 0.8
    endloop
  endfacet
  facet normal -0.7456421432502873 -0.6663466021592049 0
    outer loop
      vertex 19.38499045781467 8.60901818546264 0
      vertex 19.43859731070373 8.549032093312428 0.8
      vertex 19.38499045781467 8.60901818546264 0.8
    endloop
  endfacet
  facet normal -0.9858710160401427 -0.1675062378897482 0
    outer loop
      vertex 19.23298906555642 8.97598200769528 0
      vertex 19.246464758670847 8.896669765775616 0.8
      vertex 19.23298906555642 8.97598200769528 0.8
    endloop
  endfacet
  facet normal -0.9984268158385732 -0.056070432622264355 0
    outer loop
      vertex 19.228478260869565 9.056304347826085 0
      vertex 19.23298906555642 8.97598200769528 0.8
      vertex 19.228478260869565 9.056304347826085 0.8
    endloop
  endfacet
  facet normal -0.9238795425726404 -0.3826834080748323 0
    outer loop
      vertex 19.268735872222027 8.819365020601644 0
      vertex 19.2995223327305 8.745039924577526 0.8
      vertex 19.268735872222027 8.819365020601644 0.8
    endloop
  endfacet
  facet normal -0.9609173215165693 -0.2768355129123108 0
    outer loop
      vertex 19.246464758670847 8.896669765775616 0
      vertex 19.268735872222027 8.819365020601644 0.8
      vertex 19.246464758670847 8.896669765775616 0.8
    endloop
  endfacet
  facet normal -0.4837189168180882 -0.8752234054870422 0
    outer loop
      vertex 19.564194379176783 8.44887177152478 0
      vertex 19.63460514196883 8.409957115339196 0.8
      vertex 19.564194379176783 8.44887177152478 0.8
    endloop
  endfacet
  facet normal -0.3826834080748134 -0.9238795425726481 0
    outer loop
      vertex 19.63460514196883 8.409957115339196 0
      vertex 19.70893023799295 8.379170654830725 0.8
      vertex 19.63460514196883 8.409957115339196 0.8
    endloop
  endfacet
  facet normal -0.2768355129123312 -0.9609173215165635 0
    outer loop
      vertex 19.70893023799295 8.379170654830725 0
      vertex 19.78623498316692 8.356899541279542 0.8
      vertex 19.70893023799295 8.379170654830725 0.8
    endloop
  endfacet
  facet normal 0 0 -1
    outer loop
      vertex 12.53282608695652 8.817173913043478 0.8
      vertex 19.228478260869565 10.01282608695652 0.8
      vertex 19.228478260869565 9.056304347826085 0.8
    endloop
  endfacet
  facet normal 0 0 -1
    outer loop
      vertex 12.53282608695652 11.686739130434782 0.8
      vertex 19.23298906555642 10.093148427087327 0.8
      vertex 19.228478260869565 10.01282608695652 0.8
    endloop
  endfacet
  facet normal 0 0 -1
    outer loop
      vertex 12.53282608695652 11.686739130434782 0.8
      vertex 19.246464758670847 10.17246066900699 0.8
      vertex 19.23298906555642 10.093148427087327 0.8
    endloop
  endfacet
  facet normal 0 0 -1
    outer loop
      vertex 12.53282608695652 11.686739130434782 0.8
      vertex 19.268735872222027 10.249765414180962 0.8
      vertex 19.246464758670847 10.17246066900699 0.8
    endloop
  endfacet
  facet normal 0 0 -1
    outer loop
      vertex 12.53282608695652 11.686739130434782 0.8
      vertex 19.2995223327305 10.324090510205082 0.8
      vertex 19.268735872222027 10.249765414180962 0.8
    endloop
  endfacet
  facet normal 0 0 -1
    outer loop
      vertex 19.2995223327305 10.324090510205082 0.8
      vertex 12.53282608695652 13.599782608695651 0.8
      vertex 19.338436988916087 10.394501272997129 0.8
    endloop
  endfacet
  facet normal 0 0 -1
    outer loop
      vertex 19.338436988916087 10.394501272997129 0.8
      vertex 12.53282608695652 13.599782608695651 0.8
      vertex 19.38499045781467 10.460112249319968 0.8
    endloop
  endfacet
  facet normal 0 0 -1
    outer loop
      vertex 19.38499045781467 10.460112249319968 0.8
      vertex 12.53282608695652 13.599782608695651 0.8
      vertex 19.43859731070373 10.52009834147018 0.8
    endloop
  endfacet
  facet normal 0 0 -1
    outer loop
      vertex 19.43859731070373 10.52009834147018 0.8
      vertex 12.53282608695652 15.034565217391304 0.8
      vertex 19.498583402853942 10.57370519435924 0.8
    endloop
  endfacet
  facet normal 0 0 -1
    outer loop
      vertex 19.498583402853942 10.57370519435924 0.8
      vertex 12.53282608695652 15.034565217391304 0.8
      vertex 19.564194379176783 10.620258663257825 0.8
    endloop
  endfacet
  facet normal -1 0 0
    outer loop
      vertex 19.228478260869565 9.056304347826085 0
      vertex 19.228478260869565 9.056304347826085 0.8
      vertex 19.228478260869565 10.01282608695652 0
    endloop
  endfacet
  facet normal -0.9984268158385732 0.056070432622264355 0
    outer loop
      vertex 19.228478260869565 10.01282608695652 0
      vertex 19.228478260869565 10.01282608695652 0.8
      vertex 19.23298906555642 10.093148427087327 0
    endloop
  endfacet
  facet normal -0.9858710160401427 0.1675062378897482 0
    outer loop
      vertex 19.23298906555642 10.093148427087327 0
      vertex 19.23298906555642 10.093148427087327 0.8
      vertex 19.246464758670847 10.17246066900699 0
    endloop
  endfacet
  facet normal -0.9609173215165693 0.2768355129123108 0
    outer loop
      vertex 19.246464758670847 10.17246066900699 0
      vertex 19.246464758670847 10.17246066900699 0.8
      vertex 19.268735872222027 10.249765414180962 0
    endloop
  endfacet
  facet normal -0.9238795425726436 0.3826834080748244 0
    outer loop
      vertex 19.268735872222027 10.249765414180962 0
      vertex 19.268735872222027 10.249765414180962 0.8
      vertex 19.2995223327305 10.324090510205082 0
    endloop
  endfacet
  facet normal -0.8752234054870328 0.4837189168181051 0
    outer loop
      vertex 19.2995223327305 10.324090510205082 0
      vertex 19.2995223327305 10.324090510205082 0.8
      vertex 19.338436988916087 10.394501272997129 0
    endloop
  endfacet
  facet normal -0.8155608773345588 0.5786712843759267 0
    outer loop
      vertex 19.338436988916087 10.394501272997129 0
      vertex 19.338436988916087 10.394501272997129 0.8
      vertex 19.38499045781467 10.460112249319968 0
    endloop
  endfacet
  facet normal -0.7456421432502873 0.6663466021592049 0
    outer loop
      vertex 19.38499045781467 10.460112249319968 0
      vertex 19.38499045781467 10.460112249319968 0.8
      vertex 19.43859731070373 10.52009834147018 0
    endloop
  endfacet
  facet normal -0.6663466021592049 0.7456421432502873 0
    outer loop
      vertex 19.43859731070373 10.52009834147018 0
      vertex 19.43859731070373 10.52009834147018 0.8
      vertex 19.498583402853942 10.57370519435924 0
    endloop
  endfacet
  facet normal -0.5786712843759311 0.8155608773345558 0
    outer loop
      vertex 19.498583402853942 10.57370519435924 0
      vertex 19.498583402853942 10.57370519435924 0.8
      vertex 19.564194379176783 10.620258663257825 0
    endloop
  endfacet
  facet normal -0.4837189168181051 0.8752234054870328 0
    outer loop
      vertex 19.564194379176783 10.620258663257825 0
      vertex 19.564194379176783 10.620258663257825 0.8
      vertex 19.63460514196883 10.659173319443411 0
    endloop
  endfacet
  facet normal -1 0 0
    outer loop
      vertex 19.228478260869565 9.056304347826085 0.8
      vertex 19.228478260869565 10.01282608695652 0.8
      vertex 19.228478260869565 10.01282608695652 0
    endloop
  endfacet
  facet normal -0.9984268158385732 0.056070432622264355 0
    outer loop
      vertex 19.23298906555642 10.093148427087327 0
      vertex 19.228478260869565 10.01282608695652 0.8
      vertex 19.23298906555642 10.093148427087327 0.8
    endloop
  endfacet
  facet normal -0.9858710160401427 0.1675062378897482 0
    outer loop
      vertex 19.246464758670847 10.17246066900699 0
      vertex 19.23298906555642 10.093148427087327 0.8
      vertex 19.246464758670847 10.17246066900699 0.8
    endloop
  endfacet
  facet normal -0.9609173215165693 0.2768355129123108 0
    outer loop
      vertex 19.268735872222027 10.249765414180962 0
      vertex 19.246464758670847 10.17246066900699 0.8
      vertex 19.268735872222027 10.249765414180962 0.8
    endloop
  endfacet
  facet normal -0.9238795425726436 0.3826834080748244 0
    outer loop
      vertex 19.2995223327305 10.324090510205082 0
      vertex 19.268735872222027 10.249765414180962 0.8
      vertex 19.2995223327305 10.324090510205082 0.8
    endloop
  endfacet
  facet normal -0.8752234054870328 0.4837189168181051 0
    outer loop
      vertex 19.338436988916087 10.394501272997129 0
      vertex 19.2995223327305 10.324090510205082 0.8
      vertex 19.338436988916087 10.394501272997129 0.8
    endloop
  endfacet
  facet normal -0.8155608773345588 0.5786712843759267 0
    outer loop
      vertex 19.38499045781467 10.460112249319968 0
      vertex 19.338436988916087 10.394501272997129 0.8
      vertex 19.38499045781467 10.460112249319968 0.8
    endloop
  endfacet
  facet normal -0.7456421432502873 0.6663466021592049 0
    outer loop
      vertex 19.43859731070373 10.52009834147018 0
      vertex 19.38499045781467 10.460112249319968 0.8
      vertex 19.43859731070373 10.52009834147018 0.8
    endloop
  endfacet
  facet normal -0.6663466021592049 0.7456421432502873 0
    outer loop
      vertex 19.498583402853942 10.57370519435924 0
      vertex 19.43859731070373 10.52009834147018 0.8
      vertex 19.498583402853942 10.57370519435924 0.8
    endloop
  endfacet
  facet normal -0.5786712843759311 0.8155608773345558 0
    outer loop
      vertex 19.564194379176783 10.620258663257825 0
      vertex 19.498583402853942 10.57370519435924 0.8
      vertex 19.564194379176783 10.620258663257825 0.8
    endloop
  endfacet
  facet normal -0.3826834080748134 0.9238795425726481 0
    outer loop
      vertex 19.63460514196883 10.659173319443411 0
      vertex 19.63460514196883 10.659173319443411 0.8
      vertex 19.70893023799295 10.689959779951883 0
    endloop
  endfacet
  facet normal -0.2768355129123108 0.9609173215165693 0
    outer loop
      vertex 19.70893023799295 10.689959779951883 0
      vertex 19.70893023799295 10.689959779951883 0.8
      vertex 19.78623498316692 10.712230893503063 0
    endloop
  endfacet
  facet normal -0.1675062378897482 0.9858710160401427 0
    outer loop
      vertex 19.78623498316692 10.712230893503063 0
      vertex 19.78623498316692 10.712230893503063 0.8
      vertex 19.865547225086583 10.72570658661749 0
    endloop
  endfacet
  facet normal -0.056070432622286365 0.9984268158385718 0
    outer loop
      vertex 19.865547225086583 10.72570658661749 0
      vertex 19.865547225086583 10.72570658661749 0.8
      vertex 19.94586956521739 10.730217391304347 0
    endloop
  endfacet
  facet normal -0.4837189168181051 0.8752234054870328 7.07420641633676e-19
    outer loop
      vertex 19.564194379176783 10.620258663257825 0.8
      vertex 19.63460514196883 10.659173319443411 0.8
      vertex 19.63460514196883 10.659173319443411 0
    endloop
  endfacet
  facet normal -0.3826834080748134 0.9238795425726481 0
    outer loop
      vertex 19.70893023799295 10.689959779951883 0
      vertex 19.63460514196883 10.659173319443411 0.8
      vertex 19.70893023799295 10.689959779951883 0.8
    endloop
  endfacet
  facet normal -0.2768355129123108 0.9609173215165693 0
    outer loop
      vertex 19.78623498316692 10.712230893503063 0
      vertex 19.70893023799295 10.689959779951883 0.8
      vertex 19.78623498316692 10.712230893503063 0.8
    endloop
  endfacet
  facet normal -0.1675062378897482 0.9858710160401427 0
    outer loop
      vertex 19.865547225086583 10.72570658661749 0
      vertex 19.78623498316692 10.712230893503063 0.8
      vertex 19.865547225086583 10.72570658661749 0.8
    endloop
  endfacet
  facet normal -0.056070432622286365 0.9984268158385718 0
    outer loop
      vertex 19.94586956521739 10.730217391304347 0
      vertex 19.865547225086583 10.72570658661749 0.8
      vertex 19.94586956521739 10.730217391304347 0.8
    endloop
  endfacet
  facet normal 0 0 -1
    outer loop
      vertex 19.564194379176783 10.620258663257825 0.8
      vertex 19.63460514196883 13.670826680556587 0.8
      vertex 19.63460514196883 10.659173319443411 0.8
    endloop
  endfacet
  facet normal 0 0 -1
    outer loop
      vertex 19.63460514196883 10.659173319443411 0.8
      vertex 19.70893023799295 13.640040220048116 0.8
      vertex 19.70893023799295 10.689959779951883 0.8
    endloop
  endfacet
  facet normal 0 0 -1
    outer loop
      vertex 19.70893023799295 10.689959779951883 0.8
      vertex 19.78623498316692 13.617769106496935 0.8
      vertex 19.78623498316692 10.712230893503063 0.8
    endloop
  endfacet
  facet normal 0 0 -1
    outer loop
      vertex 19.78623498316692 10.712230893503063 0.8
      vertex 19.865547225086583 13.604293413382509 0.8
      vertex 19.865547225086583 10.72570658661749 0.8
    endloop
  endfacet
  facet normal 0 0 -1
    outer loop
      vertex 19.865547225086583 10.72570658661749 0.8
      vertex 19.94586956521739 13.599782608695651 0.8
      vertex 19.94586956521739 10.730217391304347 0.8
    endloop
  endfacet
  facet normal 1 0 0
    outer loop
      vertex 9.184999999999999 13.599782608695651 0
      vertex 9.184999999999999 15.034565217391304 0
      vertex 9.184999999999999 15.034565217391304 0.8
    endloop
  endfacet
  facet normal 1 0 0
    outer loop
      vertex 9.184999999999999 13.599782608695651 0
      vertex 9.184999999999999 15.034565217391304 0.8
      vertex 9.184999999999999 13.599782608695651 0.8
    endloop
  endfacet
  facet normal 1 0 0
    outer loop
      vertex 9.184999999999999 16.469347826086956 0
      vertex 9.184999999999999 20.295434782608694 0.8
      vertex 9.184999999999999 16.469347826086956 0.8
    endloop
  endfacet
  facet normal 1 0 0
    outer loop
      vertex 9.184999999999999 16.469347826086956 0
      vertex 9.184999999999999 20.295434782608694 0
      vertex 9.184999999999999 20.295434782608694 0.8
    endloop
  endfacet
  facet normal 0 1 0
    outer loop
      vertex 9.184999999999999 13.599782608695651 0
      vertex 9.184999999999999 13.599782608695651 0.8
      vertex 12.53282608695652 13.599782608695651 0
    endloop
  endfacet
  facet normal 1 0 0
    outer loop
      vertex 12.53282608695652 11.686739130434782 0
      vertex 12.53282608695652 13.599782608695651 0
      vertex 12.53282608695652 13.599782608695651 0.8
    endloop
  endfacet
  facet normal 1 0 0
    outer loop
      vertex 12.53282608695652 11.686739130434782 0
      vertex 12.53282608695652 13.599782608695651 0.8
      vertex 12.53282608695652 11.686739130434782 0.8
    endloop
  endfacet
  facet normal 0 1 0
    outer loop
      vertex 9.184999999999999 13.599782608695651 0.8
      vertex 12.53282608695652 13.599782608695651 0.8
      vertex 12.53282608695652 13.599782608695651 0
    endloop
  endfacet
  facet normal 0 -1 0
    outer loop
      vertex 9.184999999999999 15.034565217391304 0
      vertex 12.53282608695652 15.034565217391304 0
      vertex 12.53282608695652 15.034565217391304 0.8
    endloop
  endfacet
  facet normal 0 -1 0
    outer loop
      vertex 9.184999999999999 15.034565217391304 0
      vertex 12.53282608695652 15.034565217391304 0.8
      vertex 9.184999999999999 15.034565217391304 0.8
    endloop
  endfacet
  facet normal 0 0 -1
    outer loop
      vertex 9.184999999999999 13.599782608695651 0.8
      vertex 9.184999999999999 15.034565217391304 0.8
      vertex 12.53282608695652 15.034565217391304 0.8
    endloop
  endfacet
  facet normal 0 0 -1
    outer loop
      vertex 9.184999999999999 13.599782608695651 0.8
      vertex 12.53282608695652 15.034565217391304 0.8
      vertex 12.53282608695652 13.599782608695651 0.8
    endloop
  endfacet
  facet normal 0 0 -1
    outer loop
      vertex 19.43859731070373 10.52009834147018 0.8
      vertex 12.53282608695652 13.599782608695651 0.8
      vertex 12.53282608695652 15.034565217391304 0.8
    endloop
  endfacet
  facet normal 0 1 0
    outer loop
      vertex 9.184999999999999 16.469347826086956 0
      vertex 9.184999999999999 16.469347826086956 0.8
      vertex 12.53282608695652 16.469347826086956 0
    endloop
  endfacet
  facet normal 1 0 0
    outer loop
      vertex 12.53282608695652 15.034565217391304 0
      vertex 12.53282608695652 16.469347826086956 0
      vertex 12.53282608695652 16.469347826086956 0.8
    endloop
  endfacet
  facet normal 1 0 0
    outer loop
      vertex 12.53282608695652 15.034565217391304 0
      vertex 12.53282608695652 16.469347826086956 0.8
      vertex 12.53282608695652 15.034565217391304 0.8
    endloop
  endfacet
  facet normal 0 1 0
    outer loop
      vertex 9.184999999999999 16.469347826086956 0.8
      vertex 12.53282608695652 16.469347826086956 0.8
      vertex 12.53282608695652 16.469347826086956 0
    endloop
  endfacet
  facet normal 0 0 -1
    outer loop
      vertex 9.184999999999999 16.469347826086956 0.8
      vertex 9.184999999999999 20.295434782608694 0.8
      vertex 12.53282608695652 16.469347826086956 0.8
    endloop
  endfacet
  facet normal 0 0 -1
    outer loop
      vertex 12.53282608695652 15.034565217391304 0.8
      vertex 12.53282608695652 16.469347826086956 0.8
      vertex 19.228478260869565 15.273695652173913 0.8
    endloop
  endfacet
  facet normal 0 0 -1
    outer loop
      vertex 19.564194379176783 10.620258663257825 0.8
      vertex 12.53282608695652 15.034565217391304 0.8
      vertex 19.63460514196883 13.670826680556587 0.8
    endloop
  endfacet
  facet normal 0 0 -1
    outer loop
      vertex 12.53282608695652 15.034565217391304 0.8
      vertex 19.246464758670847 14.157539330993009 0.8
      vertex 19.268735872222027 14.080234585819037 0.8
    endloop
  endfacet
  facet normal 0 0 -1
    outer loop
      vertex 12.53282608695652 15.034565217391304 0.8
      vertex 19.43859731070373 13.809901658529819 0.8
      vertex 19.498583402853942 13.756294805640758 0.8
    endloop
  endfacet
  facet normal 0 0 -1
    outer loop
      vertex 12.53282608695652 15.034565217391304 0.8
      vertex 19.38499045781467 13.86988775068003 0.8
      vertex 19.43859731070373 13.809901658529819 0.8
    endloop
  endfacet
  facet normal 0 0 -1
    outer loop
      vertex 12.53282608695652 15.034565217391304 0.8
      vertex 19.564194379176783 13.709741336742173 0.8
      vertex 19.63460514196883 13.670826680556587 0.8
    endloop
  endfacet
  facet normal 0 0 -1
    outer loop
      vertex 12.53282608695652 15.034565217391304 0.8
      vertex 19.498583402853942 13.756294805640758 0.8
      vertex 19.564194379176783 13.709741336742173 0.8
    endloop
  endfacet
  facet normal 0 0 -1
    outer loop
      vertex 12.53282608695652 15.034565217391304 0.8
      vertex 19.338436988916087 13.93549872700287 0.8
      vertex 19.38499045781467 13.86988775068003 0.8
    endloop
  endfacet
  facet normal 0 0 -1
    outer loop
      vertex 12.53282608695652 15.034565217391304 0.8
      vertex 19.2995223327305 14.005909489794917 0.8
      vertex 19.338436988916087 13.93549872700287 0.8
    endloop
  endfacet
  facet normal 0 0 -1
    outer loop
      vertex 12.53282608695652 15.034565217391304 0.8
      vertex 19.268735872222027 14.080234585819037 0.8
      vertex 19.2995223327305 14.005909489794917 0.8
    endloop
  endfacet
  facet normal 0 0 -1
    outer loop
      vertex 12.53282608695652 15.034565217391304 0.8
      vertex 19.23298906555642 14.236851572912672 0.8
      vertex 19.246464758670847 14.157539330993009 0.8
    endloop
  endfacet
  facet normal 0 0 -1
    outer loop
      vertex 12.53282608695652 15.034565217391304 0.8
      vertex 19.228478260869565 14.317173913043478 0.8
      vertex 19.23298906555642 14.236851572912672 0.8
    endloop
  endfacet
  facet normal 0 0 -1
    outer loop
      vertex 12.53282608695652 15.034565217391304 0.8
      vertex 19.228478260869565 15.273695652173913 0.8
      vertex 19.228478260869565 14.317173913043478 0.8
    endloop
  endfacet
  facet normal -0.4837189168181051 -0.8752234054870328 0
    outer loop
      vertex 19.63460514196883 13.670826680556587 0
      vertex 19.63460514196883 13.670826680556587 0.8
      vertex 19.564194379176783 13.709741336742173 0
    endloop
  endfacet
  facet normal -0.3826834080748134 -0.9238795425726481 1.1576027439239594e-18
    outer loop
      vertex 19.63460514196883 13.670826680556587 0
      vertex 19.70893023799295 13.640040220048116 0
      vertex 19.70893023799295 13.640040220048116 0.8
    endloop
  endfacet
  facet normal -0.2768355129123108 -0.9609173215165693 1.5611171074898949e-18
    outer loop
      vertex 19.70893023799295 13.640040220048116 0
      vertex 19.78623498316692 13.617769106496935 0
      vertex 19.78623498316692 13.617769106496935 0.8
    endloop
  endfacet
  facet normal -0.1675062378897482 -0.9858710160401427 -9.901520773676978e-19
    outer loop
      vertex 19.78623498316692 13.617769106496935 0
      vertex 19.865547225086583 13.604293413382509 0
      vertex 19.865547225086583 13.604293413382509 0.8
    endloop
  endfacet
  facet normal -0.056070432622286365 -0.9984268158385718 1.830207088974474e-19
    outer loop
      vertex 19.865547225086583 13.604293413382509 0
      vertex 19.94586956521739 13.599782608695651 0
      vertex 19.94586956521739 13.599782608695651 0.8
    endloop
  endfacet
  facet normal 0 0 -1
    outer loop
      vertex 19.63460514196883 10.659173319443411 0.8
      vertex 19.63460514196883 13.670826680556587 0.8
      vertex 19.70893023799295 13.640040220048116 0.8
    endloop
  endfacet
  facet normal 0 0 -1
    outer loop
      vertex 19.70893023799295 10.689959779951883 0.8
      vertex 19.70893023799295 13.640040220048116 0.8
      vertex 19.78623498316692 13.617769106496935 0.8
    endloop
  endfacet
  facet normal 0 0 -1
    outer loop
      vertex 19.78623498316692 10.712230893503063 0.8
      vertex 19.78623498316692 13.617769106496935 0.8
      vertex 19.865547225086583 13.604293413382509 0.8
    endloop
  endfacet
  facet normal 0 0 -1
    outer loop
      vertex 19.865547225086583 10.72570658661749 0.8
      vertex 19.865547225086583 13.604293413382509 0.8
      vertex 19.94586956521739 13.599782608695651 0.8
    endloop
  endfacet
  facet normal -0.3826834080748134 -0.9238795425726481 0
    outer loop
      vertex 19.63460514196883 13.670826680556587 0
      vertex 19.70893023799295 13.640040220048116 0.8
      vertex 19.63460514196883 13.670826680556587 0.8
    endloop
  endfacet
  facet normal -0.2768355129123108 -0.9609173215165693 0
    outer loop
      vertex 19.70893023799295 13.640040220048116 0
      vertex 19.78623498316692 13.617769106496935 0.8
      vertex 19.70893023799295 13.640040220048116 0.8
    endloop
  endfacet
  facet normal -0.1675062378897482 -0.9858710160401427 0
    outer loop
      vertex 19.78623498316692 13.617769106496935 0
      vertex 19.865547225086583 13.604293413382509 0.8
      vertex 19.78623498316692 13.617769106496935 0.8
    endloop
  endfacet
  facet normal -0.056070432622286365 -0.9984268158385718 0
    outer loop
      vertex 19.865547225086583 13.604293413382509 0
      vertex 19.94586956521739 13.599782608695651 0.8
      vertex 19.865547225086583 13.604293413382509 0.8
    endloop
  endfacet
  facet normal -0.5786712843759311 -0.8155608773345558 1.3083549146897153e-18
    outer loop
      vertex 19.498583402853942 13.756294805640758 0
      vertex 19.564194379176783 13.709741336742173 0
      vertex 19.564194379176783 13.709741336742173 0.8
    endloop
  endfacet
  facet normal -0.6663466021592049 -0.7456421432502873 0
    outer loop
      vertex 19.498583402853942 13.756294805640758 0
      vertex 19.498583402853942 13.756294805640758 0.8
      vertex 19.43859731070373 13.809901658529819 0
    endloop
  endfacet
  facet normal -0.7456421432502873 -0.6663466021592049 0
    outer loop
      vertex 19.38499045781467 13.86988775068003 0
      vertex 19.43859731070373 13.809901658529819 0
      vertex 19.43859731070373 13.809901658529819 0.8
    endloop
  endfacet
  facet normal -0.8155608773345588 -0.5786712843759267 0
    outer loop
      vertex 19.38499045781467 13.86988775068003 0
      vertex 19.38499045781467 13.86988775068003 0.8
      vertex 19.338436988916087 13.93549872700287 0
    endloop
  endfacet
  facet normal -0.8752234054870328 -0.4837189168181051 0
    outer loop
      vertex 19.338436988916087 13.93549872700287 0
      vertex 19.338436988916087 13.93549872700287 0.8
      vertex 19.2995223327305 14.005909489794917 0
    endloop
  endfacet
  facet normal -0.9238795425726436 -0.3826834080748244 0
    outer loop
      vertex 19.2995223327305 14.005909489794917 0
      vertex 19.2995223327305 14.005909489794917 0.8
      vertex 19.268735872222027 14.080234585819037 0
    endloop
  endfacet
  facet normal -0.9984268158385732 -0.056070432622264355 0
    outer loop
      vertex 19.23298906555642 14.236851572912672 0
      vertex 19.23298906555642 14.236851572912672 0.8
      vertex 19.228478260869565 14.317173913043478 0
    endloop
  endfacet
  facet normal -0.9609173215165693 -0.2768355129123108 0
    outer loop
      vertex 19.268735872222027 14.080234585819037 0
      vertex 19.268735872222027 14.080234585819037 0.8
      vertex 19.246464758670847 14.157539330993009 0
    endloop
  endfacet
  facet normal -0.9858710160401427 -0.1675062378897482 -9.901520773676978e-19
    outer loop
      vertex 19.23298906555642 14.236851572912672 0
      vertex 19.246464758670847 14.157539330993009 0
      vertex 19.246464758670847 14.157539330993009 0.8
    endloop
  endfacet
  facet normal -1 0 0
    outer loop
      vertex 19.228478260869565 14.317173913043478 0
      vertex 19.228478260869565 14.317173913043478 0.8
      vertex 19.228478260869565 15.273695652173913 0
    endloop
  endfacet
  facet normal -0.5786712843759311 -0.8155608773345558 0
    outer loop
      vertex 19.498583402853942 13.756294805640758 0
      vertex 19.564194379176783 13.709741336742173 0.8
      vertex 19.498583402853942 13.756294805640758 0.8
    endloop
  endfacet
  facet normal -0.6663466021592049 -0.7456421432502873 0
    outer loop
      vertex 19.43859731070373 13.809901658529819 0
      vertex 19.498583402853942 13.756294805640758 0.8
      vertex 19.43859731070373 13.809901658529819 0.8
    endloop
  endfacet
  facet normal -0.7456421432502873 -0.6663466021592049 0
    outer loop
      vertex 19.38499045781467 13.86988775068003 0
      vertex 19.43859731070373 13.809901658529819 0.8
      vertex 19.38499045781467 13.86988775068003 0.8
    endloop
  endfacet
  facet normal -0.8155608773345588 -0.5786712843759267 0
    outer loop
      vertex 19.338436988916087 13.93549872700287 0
      vertex 19.38499045781467 13.86988775068003 0.8
      vertex 19.338436988916087 13.93549872700287 0.8
    endloop
  endfacet
  facet normal -0.8752234054870328 -0.4837189168181051 0
    outer loop
      vertex 19.2995223327305 14.005909489794917 0
      vertex 19.338436988916087 13.93549872700287 0.8
      vertex 19.2995223327305 14.005909489794917 0.8
    endloop
  endfacet
  facet normal -0.9238795425726436 -0.3826834080748244 0
    outer loop
      vertex 19.268735872222027 14.080234585819037 0
      vertex 19.2995223327305 14.005909489794917 0.8
      vertex 19.268735872222027 14.080234585819037 0.8
    endloop
  endfacet
  facet normal -0.9858710160401427 -0.1675062378897482 0
    outer loop
      vertex 19.23298906555642 14.236851572912672 0
      vertex 19.246464758670847 14.157539330993009 0.8
      vertex 19.23298906555642 14.236851572912672 0.8
    endloop
  endfacet
  facet normal -0.9984268158385732 -0.056070432622264355 0
    outer loop
      vertex 19.228478260869565 14.317173913043478 0
      vertex 19.23298906555642 14.236851572912672 0.8
      vertex 19.228478260869565 14.317173913043478 0.8
    endloop
  endfacet
  facet normal -0.9609173215165693 -0.2768355129123108 0
    outer loop
      vertex 19.246464758670847 14.157539330993009 0
      vertex 19.268735872222027 14.080234585819037 0.8
      vertex 19.246464758670847 14.157539330993009 0.8
    endloop
  endfacet
  facet normal -0.4837189168181051 -0.8752234054870328 -7.07420641633676e-19
    outer loop
      vertex 19.63460514196883 13.670826680556587 0.8
      vertex 19.564194379176783 13.709741336742173 0.8
      vertex 19.564194379176783 13.709741336742173 0
    endloop
  endfacet
  facet normal -1 0 0
    outer loop
      vertex 19.228478260869565 14.317173913043478 0.8
      vertex 19.228478260869565 15.273695652173913 0.8
      vertex 19.228478260869565 15.273695652173913 0
    endloop
  endfacet
  facet normal 0 0 -1
    outer loop
      vertex 12.53282608695652 16.469347826086956 0.8
      vertex 19.23298906555642 15.354017992304719 0.8
      vertex 19.228478260869565 15.273695652173913 0.8
    endloop
  endfacet
  facet normal 0 0 -1
    outer loop
      vertex 12.53282608695652 16.469347826086956 0.8
      vertex 19.246464758670847 15.433330234224382 0.8
      vertex 19.23298906555642 15.354017992304719 0.8
    endloop
  endfacet
  facet normal 0 0 -1
    outer loop
      vertex 12.53282608695652 16.469347826086956 0.8
      vertex 19.268735872222027 15.510634979398354 0.8
      vertex 19.246464758670847 15.433330234224382 0.8
    endloop
  endfacet
  facet normal 0 0 -1
    outer loop
      vertex 12.53282608695652 16.469347826086956 0.8
      vertex 19.2995223327305 15.584960075422472 0.8
      vertex 19.268735872222027 15.510634979398354 0.8
    endloop
  endfacet
  facet normal 0 0 -1
    outer loop
      vertex 12.53282608695652 16.469347826086956 0.8
      vertex 19.338436988916087 15.655370838214521 0.8
      vertex 19.2995223327305 15.584960075422472 0.8
    endloop
  endfacet
  facet normal 0 0 -1
    outer loop
      vertex 12.53282608695652 16.469347826086956 0.8
      vertex 19.38499045781467 15.720981814537359 0.8
      vertex 19.338436988916087 15.655370838214521 0.8
    endloop
  endfacet
  facet normal 0 0 -1
    outer loop
      vertex 12.53282608695652 16.469347826086956 0.8
      vertex 19.43859731070373 15.78096790668757 0.8
      vertex 19.38499045781467 15.720981814537359 0.8
    endloop
  endfacet
  facet normal 0 0 -1
    outer loop
      vertex 12.53282608695652 16.469347826086956 0.8
      vertex 19.498583402853942 15.83457475957663 0.8
      vertex 19.43859731070373 15.78096790668757 0.8
    endloop
  endfacet
  facet normal 0 0 -1
    outer loop
      vertex 12.53282608695652 16.469347826086956 0.8
      vertex 19.564194379176783 15.881128228475218 0.8
      vertex 19.498583402853942 15.83457475957663 0.8
    endloop
  endfacet
  facet normal 0 0 -1
    outer loop
      vertex 12.53282608695652 16.469347826086956 0.8
      vertex 19.63460514196883 15.920042884660802 0.8
      vertex 19.564194379176783 15.881128228475218 0.8
    endloop
  endfacet
  facet normal 0 0 -1
    outer loop
      vertex 12.53282608695652 16.469347826086956 0.8
      vertex 19.70893023799295 15.950829345169273 0.8
      vertex 19.63460514196883 15.920042884660802 0.8
    endloop
  endfacet
  facet normal 0 0 -1
    outer loop
      vertex 12.53282608695652 16.469347826086956 0.8
      vertex 19.78623498316692 15.973100458720456 0.8
      vertex 19.70893023799295 15.950829345169273 0.8
    endloop
  endfacet
  facet normal 0 0 -1
    outer loop
      vertex 12.53282608695652 16.469347826086956 0.8
      vertex 19.865547225086583 15.986576151834882 0.8
      vertex 19.78623498316692 15.973100458720456 0.8
    endloop
  endfacet
  facet normal -0.9984268158385732 0.056070432622264355 0
    outer loop
      vertex 19.228478260869565 15.273695652173913 0
      vertex 19.228478260869565 15.273695652173913 0.8
      vertex 19.23298906555642 15.354017992304719 0
    endloop
  endfacet
  facet normal -0.9858710160401427 0.1675062378897482 0
    outer loop
      vertex 19.23298906555642 15.354017992304719 0
      vertex 19.23298906555642 15.354017992304719 0.8
      vertex 19.246464758670847 15.433330234224382 0
    endloop
  endfacet
  facet normal -0.9609173215165693 0.2768355129123108 0
    outer loop
      vertex 19.246464758670847 15.433330234224382 0
      vertex 19.246464758670847 15.433330234224382 0.8
      vertex 19.268735872222027 15.510634979398354 0
    endloop
  endfacet
  facet normal -0.9238795425726404 0.3826834080748323 0
    outer loop
      vertex 19.268735872222027 15.510634979398354 0
      vertex 19.268735872222027 15.510634979398354 0.8
      vertex 19.2995223327305 15.584960075422472 0
    endloop
  endfacet
  facet normal -0.8752234054870381 0.4837189168180958 0
    outer loop
      vertex 19.2995223327305 15.584960075422472 0
      vertex 19.2995223327305 15.584960075422472 0.8
      vertex 19.338436988916087 15.655370838214521 0
    endloop
  endfacet
  facet normal -0.8155608773345515 0.5786712843759373 0
    outer loop
      vertex 19.338436988916087 15.655370838214521 0
      vertex 19.338436988916087 15.655370838214521 0.8
      vertex 19.38499045781467 15.720981814537359 0
    endloop
  endfacet
  facet normal -0.7456421432502873 0.6663466021592049 0
    outer loop
      vertex 19.38499045781467 15.720981814537359 0
      vertex 19.38499045781467 15.720981814537359 0.8
      vertex 19.43859731070373 15.78096790668757 0
    endloop
  endfacet
  facet normal -0.6663466021592049 0.7456421432502873 0
    outer loop
      vertex 19.43859731070373 15.78096790668757 0
      vertex 19.43859731070373 15.78096790668757 0.8
      vertex 19.498583402853942 15.83457475957663 0
    endloop
  endfacet
  facet normal -0.5786712843759457 0.8155608773345455 0
    outer loop
      vertex 19.498583402853942 15.83457475957663 0
      vertex 19.498583402853942 15.83457475957663 0.8
      vertex 19.564194379176783 15.881128228475218 0
    endloop
  endfacet
  facet normal -0.4837189168180882 0.8752234054870422 0
    outer loop
      vertex 19.564194379176783 15.881128228475218 0
      vertex 19.564194379176783 15.881128228475218 0.8
      vertex 19.63460514196883 15.920042884660802 0
    endloop
  endfacet
  facet normal -0.3826834080748134 0.9238795425726481 0
    outer loop
      vertex 19.63460514196883 15.920042884660802 0
      vertex 19.63460514196883 15.920042884660802 0.8
      vertex 19.70893023799295 15.950829345169273 0
    endloop
  endfacet
  facet normal -0.2768355129123312 0.9609173215165635 0
    outer loop
      vertex 19.70893023799295 15.950829345169273 0
      vertex 19.70893023799295 15.950829345169273 0.8
      vertex 19.78623498316692 15.973100458720456 0
    endloop
  endfacet
  facet normal -0.1675062378897482 0.9858710160401427 0
    outer loop
      vertex 19.78623498316692 15.973100458720456 0
      vertex 19.78623498316692 15.973100458720456 0.8
      vertex 19.865547225086583 15.986576151834882 0
    endloop
  endfacet
  facet normal -0.056070432622264355 0.9984268158385732 0
    outer loop
      vertex 19.865547225086583 15.986576151834882 0
      vertex 19.865547225086583 15.986576151834882 0.8
      vertex 19.94586956521739 15.991086956521738 0
    endloop
  endfacet
  facet normal -0.9984268158385732 0.056070432622264355 0
    outer loop
      vertex 19.23298906555642 15.354017992304719 0
      vertex 19.228478260869565 15.273695652173913 0.8
      vertex 19.23298906555642 15.354017992304719 0.8
    endloop
  endfacet
  facet normal -0.9858710160401427 0.1675062378897482 0
    outer loop
      vertex 19.246464758670847 15.433330234224382 0
      vertex 19.23298906555642 15.354017992304719 0.8
      vertex 19.246464758670847 15.433330234224382 0.8
    endloop
  endfacet
  facet normal -0.9609173215165693 0.2768355129123108 0
    outer loop
      vertex 19.268735872222027 15.510634979398354 0
      vertex 19.246464758670847 15.433330234224382 0.8
      vertex 19.268735872222027 15.510634979398354 0.8
    endloop
  endfacet
  facet normal -0.9238795425726404 0.3826834080748323 0
    outer loop
      vertex 19.2995223327305 15.584960075422472 0
      vertex 19.268735872222027 15.510634979398354 0.8
      vertex 19.2995223327305 15.584960075422472 0.8
    endloop
  endfacet
  facet normal -0.8752234054870381 0.4837189168180958 0
    outer loop
      vertex 19.338436988916087 15.655370838214521 0
      vertex 19.2995223327305 15.584960075422472 0.8
      vertex 19.338436988916087 15.655370838214521 0.8
    endloop
  endfacet
  facet normal -0.8155608773345515 0.5786712843759373 0
    outer loop
      vertex 19.38499045781467 15.720981814537359 0
      vertex 19.338436988916087 15.655370838214521 0.8
      vertex 19.38499045781467 15.720981814537359 0.8
    endloop
  endfacet
  facet normal -0.7456421432502873 0.6663466021592049 0
    outer loop
      vertex 19.43859731070373 15.78096790668757 0
      vertex 19.38499045781467 15.720981814537359 0.8
      vertex 19.43859731070373 15.78096790668757 0.8
    endloop
  endfacet
  facet normal -0.6663466021592049 0.7456421432502873 0
    outer loop
      vertex 19.498583402853942 15.83457475957663 0
      vertex 19.43859731070373 15.78096790668757 0.8
      vertex 19.498583402853942 15.83457475957663 0.8
    endloop
  endfacet
  facet normal -0.5786712843759457 0.8155608773345455 0
    outer loop
      vertex 19.564194379176783 15.881128228475218 0
      vertex 19.498583402853942 15.83457475957663 0.8
      vertex 19.564194379176783 15.881128228475218 0.8
    endloop
  endfacet
  facet normal -0.4837189168180882 0.8752234054870422 0
    outer loop
      vertex 19.63460514196883 15.920042884660802 0
      vertex 19.564194379176783 15.881128228475218 0.8
      vertex 19.63460514196883 15.920042884660802 0.8
    endloop
  endfacet
  facet normal -0.3826834080748134 0.9238795425726481 0
    outer loop
      vertex 19.70893023799295 15.950829345169273 0
      vertex 19.63460514196883 15.920042884660802 0.8
      vertex 19.70893023799295 15.950829345169273 0.8
    endloop
  endfacet
  facet normal -0.2768355129123312 0.9609173215165635 0
    outer loop
      vertex 19.78623498316692 15.973100458720456 0
      vertex 19.70893023799295 15.950829345169273 0.8
      vertex 19.78623498316692 15.973100458720456 0.8
    endloop
  endfacet
  facet normal -0.1675062378897482 0.9858710160401427 0
    outer loop
      vertex 19.865547225086583 15.986576151834882 0
      vertex 19.78623498316692 15.973100458720456 0.8
      vertex 19.865547225086583 15.986576151834882 0.8
    endloop
  endfacet
  facet normal -0.056070432622264355 0.9984268158385732 0
    outer loop
      vertex 19.94586956521739 15.991086956521738 0
      vertex 19.865547225086583 15.986576151834882 0.8
      vertex 19.94586956521739 15.991086956521738 0.8
    endloop
  endfacet
  facet normal 0 0 -1
    outer loop
      vertex 12.53282608695652 16.469347826086956 0.8
      vertex 23.054565217391303 20.295434782608694 0.8
      vertex 19.865547225086583 15.986576151834882 0.8
    endloop
  endfacet
  facet normal 0 0 -1
    outer loop
      vertex 9.184999999999999 20.295434782608694 0.8
      vertex 23.054565217391303 20.295434782608694 0.8
      vertex 12.53282608695652 16.469347826086956 0.8
    endloop
  endfacet
  facet normal 0 -1 0
    outer loop
      vertex 9.184999999999999 20.295434782608694 0
      vertex 23.054565217391303 20.295434782608694 0.8
      vertex 9.184999999999999 20.295434782608694 0.8
    endloop
  endfacet
  facet normal 0 -1 0
    outer loop
      vertex 9.184999999999999 20.295434782608694 0
      vertex 23.054565217391303 20.295434782608694 0
      vertex 23.054565217391303 20.295434782608694 0.8
    endloop
  endfacet
  facet normal -0.039259816453653146 0.9992290362134326 0
    outer loop
      vertex 23.054565217391303 4.034565217391304 0
      vertex 23.054565217391303 4.034565217391304 0.8
      vertex 23.69247177944235 4.0596286349192905 0
    endloop
  endfacet
  facet normal -0.11753739587092421 0.9930684571427498 0
    outer loop
      vertex 23.69247177944235 4.0596286349192905 0
      vertex 23.69247177944235 4.0596286349192905 0.8
      vertex 24.326445432668145 4.134664360518039 0
    endloop
  endfacet
  facet normal -0.19509032478919042 0.9807852798516341 0
    outer loop
      vertex 24.326445432668145 4.134664360518039 0
      vertex 24.326445432668145 4.134664360518039 0.8
      vertex 24.95257752377054 4.2592097788919565 0
    endloop
  endfacet
  facet normal -0.2714404479439819 0.9624552369954513 0
    outer loop
      vertex 24.95257752377054 4.2592097788919565 0
      vertex 24.95257752377054 4.2592097788919565 0.8
      vertex 25.56700773590285 4.432497019275374 0
    endloop
  endfacet
  facet normal -0.039259816453653146 0.9992290362134326 0
    outer loop
      vertex 23.69247177944235 4.0596286349192905 0
      vertex 23.054565217391303 4.034565217391304 0.8
      vertex 23.69247177944235 4.0596286349192905 0.8
    endloop
  endfacet
  facet normal -0.11753739587092421 0.9930684571427498 0
    outer loop
      vertex 24.326445432668145 4.134664360518039 0
      vertex 23.69247177944235 4.0596286349192905 0.8
      vertex 24.326445432668145 4.134664360518039 0.8
    endloop
  endfacet
  facet normal -0.19509032478919042 0.9807852798516341 0
    outer loop
      vertex 24.95257752377054 4.2592097788919565 0
      vertex 24.326445432668145 4.134664360518039 0.8
      vertex 24.95257752377054 4.2592097788919565 0.8
    endloop
  endfacet
  facet normal 0 0 -1
    outer loop
      vertex 23.054565217391303 4.034565217391304 0.8
      vertex 23.37401799230472 8.343423848165116 0.8
      vertex 23.69247177944235 4.0596286349192905 0.8
    endloop
  endfacet
  facet normal 0 0 -1
    outer loop
      vertex 23.69247177944235 4.0596286349192905 0.8
      vertex 23.45333023422438 8.356899541279542 0.8
      vertex 24.326445432668145 4.134664360518039 0.8
    endloop
  endfacet
  facet normal 0 0 -1
    outer loop
      vertex 24.326445432668145 4.134664360518039 0.8
      vertex 23.530634979398354 8.379170654830725 0.8
      vertex 24.95257752377054 4.2592097788919565 0.8
    endloop
  endfacet
  facet normal 0 0 -1
    outer loop
      vertex 24.95257752377054 4.2592097788919565 0.8
      vertex 23.67537083821452 8.44887177152478 0.8
      vertex 25.56700773590285 4.432497019275374 0.8
    endloop
  endfacet
  facet normal 0 0 -1
    outer loop
      vertex 25.56700773590285 4.432497019275374 0.8
      vertex 23.800967906687568 8.549032093312428 0.8
      vertex 26.16594790590846 4.6534577124663015 0.8
    endloop
  endfacet
  facet normal -0.3461170554952013 0.9381913365062224 0
    outer loop
      vertex 25.56700773590285 4.432497019275374 0
      vertex 25.56700773590285 4.432497019275374 0.8
      vertex 26.16594790590846 4.6534577124663015 0
    endloop
  endfacet
  facet normal -0.2714404479439819 0.9624552369954513 -7.925216093083801e-18
    outer loop
      vertex 24.95257752377054 4.2592097788919565 0.8
      vertex 25.56700773590285 4.432497019275374 0.8
      vertex 25.56700773590285 4.432497019275374 0
    endloop
  endfacet
  facet normal -0.4186597401135432 0.9081431726374759 0
    outer loop
      vertex 26.16594790590846 4.6534577124663015 0
      vertex 26.16594790590846 4.6534577124663015 0.8
      vertex 26.745705367637715 4.92072956515395 0
    endloop
  endfacet
  facet normal -0.4886212416810557 0.8724960069696955 0
    outer loop
      vertex 26.745705367637715 4.92072956515395 0
      vertex 26.745705367637715 4.92072956515395 0.8
      vertex 27.302705721570096 5.232664751540058 0
    endloop
  endfacet
  facet normal -0.5555702328323601 0.8314696124276565 0
    outer loop
      vertex 27.302705721570096 5.232664751540058 0
      vertex 27.302705721570096 5.232664751540058 0.8
      vertex 27.83351487751888 5.587340090184107 0
    endloop
  endfacet
  facet normal -0.3461170554952013 0.9381913365062224 2.1232583026814297e-17
    outer loop
      vertex 25.56700773590285 4.432497019275374 0.8
      vertex 26.16594790590846 4.6534577124663015 0.8
      vertex 26.16594790590846 4.6534577124663015 0
    endloop
  endfacet
  facet normal 0 0 -1
    outer loop
      vertex 26.16594790590846 4.6534577124663015 0.8
      vertex 23.85457475957663 8.60901818546264 0.8
      vertex 26.745705367637715 4.92072956515395 0.8
    endloop
  endfacet
  facet normal -0.4186597401135432 0.9081431726374759 0
    outer loop
      vertex 26.745705367637715 4.92072956515395 0
      vertex 26.16594790590846 4.6534577124663015 0.8
      vertex 26.745705367637715 4.92072956515395 0.8
    endloop
  endfacet
  facet normal -0.4886212416810557 0.8724960069696955 0
    outer loop
      vertex 27.302705721570096 5.232664751540058 0
      vertex 26.745705367637715 4.92072956515395 0.8
      vertex 27.302705721570096 5.232664751540058 0.8
    endloop
  endfacet
  facet normal -0.5555702328323601 0.8314696124276565 4.634412282891106e-18
    outer loop
      vertex 27.302705721570096 5.232664751540058 0.8
      vertex 27.83351487751888 5.587340090184107 0.8
      vertex 27.83351487751888 5.587340090184107 0
    endloop
  endfacet
  facet normal -0.6190939472938182 0.7853169324700436 0
    outer loop
      vertex 27.83351487751888 5.587340090184107 0
      vertex 27.83351487751888 5.587340090184107 0.8
      vertex 28.33486022075881 5.982568888482839 0
    endloop
  endfacet
  facet normal -0.6190939472938182 0.7853169324700436 0
    outer loop
      vertex 28.33486022075881 5.982568888482839 0
      vertex 27.83351487751888 5.587340090184107 0.8
      vertex 28.33486022075881 5.982568888482839 0.8
    endloop
  endfacet
  facet normal 0 0 -1
    outer loop
      vertex 19.94586956521739 8.33891304347826 0.8
      vertex 23.293695652173913 8.33891304347826 0.8
      vertex 23.054565217391303 4.034565217391304 0.8
    endloop
  endfacet
  facet normal 0 -1 0
    outer loop
      vertex 19.94586956521739 8.33891304347826 0
      vertex 23.293695652173913 8.33891304347826 0
      vertex 23.293695652173913 8.33891304347826 0.8
    endloop
  endfacet
  facet normal 0 -1 0
    outer loop
      vertex 19.94586956521739 8.33891304347826 0
      vertex 23.293695652173913 8.33891304347826 0.8
      vertex 19.94586956521739 8.33891304347826 0.8
    endloop
  endfacet
  facet normal 0 0 -1
    outer loop
      vertex 23.054565217391303 4.034565217391304 0.8
      vertex 23.293695652173913 8.33891304347826 0.8
      vertex 23.37401799230472 8.343423848165116 0.8
    endloop
  endfacet
  facet normal 0 0 -1
    outer loop
      vertex 23.69247177944235 4.0596286349192905 0.8
      vertex 23.37401799230472 8.343423848165116 0.8
      vertex 23.45333023422438 8.356899541279542 0.8
    endloop
  endfacet
  facet normal 0 0 -1
    outer loop
      vertex 24.326445432668145 4.134664360518039 0.8
      vertex 23.45333023422438 8.356899541279542 0.8
      vertex 23.530634979398354 8.379170654830725 0.8
    endloop
  endfacet
  facet normal 0 0 -1
    outer loop
      vertex 24.95257752377054 4.2592097788919565 0.8
      vertex 23.530634979398354 8.379170654830725 0.8
      vertex 23.604960075422472 8.409957115339196 0.8
    endloop
  endfacet
  facet normal 0 0 -1
    outer loop
      vertex 24.95257752377054 4.2592097788919565 0.8
      vertex 23.604960075422472 8.409957115339196 0.8
      vertex 23.67537083821452 8.44887177152478 0.8
    endloop
  endfacet
  facet normal 0 0 -1
    outer loop
      vertex 25.56700773590285 4.432497019275374 0.8
      vertex 23.67537083821452 8.44887177152478 0.8
      vertex 23.740981814537356 8.495425240423367 0.8
    endloop
  endfacet
  facet normal 0 0 -1
    outer loop
      vertex 25.56700773590285 4.432497019275374 0.8
      vertex 23.740981814537356 8.495425240423367 0.8
      vertex 23.800967906687568 8.549032093312428 0.8
    endloop
  endfacet
  facet normal 0 0 -1
    outer loop
      vertex 26.16594790590846 4.6534577124663015 0.8
      vertex 23.800967906687568 8.549032093312428 0.8
      vertex 23.85457475957663 8.60901818546264 0.8
    endloop
  endfacet
  facet normal 0 0 -1
    outer loop
      vertex 26.745705367637715 4.92072956515395 0.8
      vertex 23.85457475957663 8.60901818546264 0.8
      vertex 23.901128228475216 8.674629161785477 0.8
    endloop
  endfacet
  facet normal 0 0 -1
    outer loop
      vertex 26.745705367637715 4.92072956515395 0.8
      vertex 23.901128228475216 8.674629161785477 0.8
      vertex 23.9400428846608 8.745039924577526 0.8
    endloop
  endfacet
  facet normal 0 0 -1
    outer loop
      vertex 27.302705721570096 5.232664751540058 0.8
      vertex 23.9400428846608 8.745039924577526 0.8
      vertex 23.970829345169275 8.819365020601644 0.8
    endloop
  endfacet
  facet normal 0.056070432622264355 -0.9984268158385732 -1.8507712135696952e-19
    outer loop
      vertex 23.293695652173913 8.33891304347826 0
      vertex 23.37401799230472 8.343423848165116 0
      vertex 23.37401799230472 8.343423848165116 0.8
    endloop
  endfacet
  facet normal 0.1675062378897482 -0.9858710160401427 9.901520773676978e-19
    outer loop
      vertex 23.37401799230472 8.343423848165116 0
      vertex 23.45333023422438 8.356899541279542 0
      vertex 23.45333023422438 8.356899541279542 0.8
    endloop
  endfacet
  facet normal 0.2768355129123312 -0.9609173215165635 -6.161419690933496e-19
    outer loop
      vertex 23.45333023422438 8.356899541279542 0
      vertex 23.530634979398354 8.379170654830725 0
      vertex 23.530634979398354 8.379170654830725 0.8
    endloop
  endfacet
  facet normal 0.3826834080748134 -0.9238795425726481 -1.1576027439239594e-18
    outer loop
      vertex 23.530634979398354 8.379170654830725 0
      vertex 23.604960075422472 8.409957115339196 0
      vertex 23.604960075422472 8.409957115339196 0.8
    endloop
  endfacet
  facet normal 0.4837189168180882 -0.8752234054870422 -2.0047012200307474e-18
    outer loop
      vertex 23.604960075422472 8.409957115339196 0
      vertex 23.67537083821452 8.44887177152478 0
      vertex 23.67537083821452 8.44887177152478 0.8
    endloop
  endfacet
  facet normal 0.5786712843759665 -0.8155608773345305 1.2289540695126396e-18
    outer loop
      vertex 23.67537083821452 8.44887177152478 0
      vertex 23.740981814537356 8.495425240423367 0
      vertex 23.740981814537356 8.495425240423367 0.8
    endloop
  endfacet
  facet normal 0.6663466021592049 -0.7456421432502873 0
    outer loop
      vertex 23.740981814537356 8.495425240423367 0
      vertex 23.800967906687568 8.549032093312428 0
      vertex 23.800967906687568 8.549032093312428 0.8
    endloop
  endfacet
  facet normal 0.7456421432502873 -0.6663466021592049 0
    outer loop
      vertex 23.800967906687568 8.549032093312428 0
      vertex 23.85457475957663 8.60901818546264 0
      vertex 23.85457475957663 8.60901818546264 0.8
    endloop
  endfacet
  facet normal 0.8155608773345305 -0.5786712843759665 1.2289540695126396e-18
    outer loop
      vertex 23.85457475957663 8.60901818546264 0
      vertex 23.901128228475216 8.674629161785477 0
      vertex 23.901128228475216 8.674629161785477 0.8
    endloop
  endfacet
  facet normal 0.8752234054870381 -0.4837189168180958 3.3652800384380552e-18
    outer loop
      vertex 23.901128228475216 8.674629161785477 0
      vertex 23.9400428846608 8.745039924577526 0
      vertex 23.9400428846608 8.745039924577526 0.8
    endloop
  endfacet
  facet normal 0.9238795425726404 -0.3826834080748323 1.777621967474719e-18
    outer loop
      vertex 23.9400428846608 8.745039924577526 0
      vertex 23.970829345169275 8.819365020601644 0
      vertex 23.970829345169275 8.819365020601644 0.8
    endloop
  endfacet
  facet normal 0.9609173215165693 -0.2768355129123108 -1.5611171074898949e-18
    outer loop
      vertex 23.970829345169275 8.819365020601644 0
      vertex 23.993100458720455 8.896669765775616 0
      vertex 23.993100458720455 8.896669765775616 0.8
    endloop
  endfacet
  facet normal 0.9858710160401427 -0.1675062378897482 9.901520773676978e-19
    outer loop
      vertex 23.993100458720455 8.896669765775616 0
      vertex 24.00657615183488 8.97598200769528 0
      vertex 24.00657615183488 8.97598200769528 0.8
    endloop
  endfacet
  facet normal 0.9984268158385732 -0.056070432622264355 -1.8507712135696952e-19
    outer loop
      vertex 24.00657615183488 8.97598200769528 0
      vertex 24.011086956521737 9.056304347826085 0
      vertex 24.011086956521737 9.056304347826085 0.8
    endloop
  endfacet
  facet normal 0.056070432622264355 -0.9984268158385732 0
    outer loop
      vertex 23.293695652173913 8.33891304347826 0
      vertex 23.37401799230472 8.343423848165116 0.8
      vertex 23.293695652173913 8.33891304347826 0.8
    endloop
  endfacet
  facet normal 0.1675062378897482 -0.9858710160401427 0
    outer loop
      vertex 23.37401799230472 8.343423848165116 0
      vertex 23.45333023422438 8.356899541279542 0.8
      vertex 23.37401799230472 8.343423848165116 0.8
    endloop
  endfacet
  facet normal 0.2768355129123312 -0.9609173215165635 0
    outer loop
      vertex 23.45333023422438 8.356899541279542 0
      vertex 23.530634979398354 8.379170654830725 0.8
      vertex 23.45333023422438 8.356899541279542 0.8
    endloop
  endfacet
  facet normal 0.3826834080748134 -0.9238795425726481 0
    outer loop
      vertex 23.530634979398354 8.379170654830725 0
      vertex 23.604960075422472 8.409957115339196 0.8
      vertex 23.530634979398354 8.379170654830725 0.8
    endloop
  endfacet
  facet normal 0.4837189168180882 -0.8752234054870422 0
    outer loop
      vertex 23.604960075422472 8.409957115339196 0
      vertex 23.67537083821452 8.44887177152478 0.8
      vertex 23.604960075422472 8.409957115339196 0.8
    endloop
  endfacet
  facet normal 0.5786712843759665 -0.8155608773345305 0
    outer loop
      vertex 23.67537083821452 8.44887177152478 0
      vertex 23.740981814537356 8.495425240423367 0.8
      vertex 23.67537083821452 8.44887177152478 0.8
    endloop
  endfacet
  facet normal 0.6663466021592049 -0.7456421432502873 0
    outer loop
      vertex 23.740981814537356 8.495425240423367 0
      vertex 23.800967906687568 8.549032093312428 0.8
      vertex 23.740981814537356 8.495425240423367 0.8
    endloop
  endfacet
  facet normal 0.7456421432502873 -0.6663466021592049 0
    outer loop
      vertex 23.800967906687568 8.549032093312428 0
      vertex 23.85457475957663 8.60901818546264 0.8
      vertex 23.800967906687568 8.549032093312428 0.8
    endloop
  endfacet
  facet normal 0.8155608773345305 -0.5786712843759665 0
    outer loop
      vertex 23.85457475957663 8.60901818546264 0
      vertex 23.901128228475216 8.674629161785477 0.8
      vertex 23.85457475957663 8.60901818546264 0.8
    endloop
  endfacet
  facet normal 0.8752234054870381 -0.4837189168180958 0
    outer loop
      vertex 23.901128228475216 8.674629161785477 0
      vertex 23.9400428846608 8.745039924577526 0.8
      vertex 23.901128228475216 8.674629161785477 0.8
    endloop
  endfacet
  facet normal 0.9238795425726404 -0.3826834080748323 0
    outer loop
      vertex 23.9400428846608 8.745039924577526 0
      vertex 23.970829345169275 8.819365020601644 0.8
      vertex 23.9400428846608 8.745039924577526 0.8
    endloop
  endfacet
  facet normal 0.9609173215165693 -0.2768355129123108 0
    outer loop
      vertex 23.970829345169275 8.819365020601644 0
      vertex 23.993100458720455 8.896669765775616 0.8
      vertex 23.970829345169275 8.819365020601644 0.8
    endloop
  endfacet
  facet normal 0.9858710160401427 -0.1675062378897482 0
    outer loop
      vertex 23.993100458720455 8.896669765775616 0
      vertex 24.00657615183488 8.97598200769528 0.8
      vertex 23.993100458720455 8.896669765775616 0.8
    endloop
  endfacet
  facet normal 0.9984268158385732 -0.056070432622264355 0
    outer loop
      vertex 24.00657615183488 8.97598200769528 0
      vertex 24.011086956521737 9.056304347826085 0.8
      vertex 24.00657615183488 8.97598200769528 0.8
    endloop
  endfacet
  facet normal 0 1 0
    outer loop
      vertex 19.94586956521739 10.730217391304347 0
      vertex 19.94586956521739 10.730217391304347 0.8
      vertex 23.293695652173913 10.730217391304347 0
    endloop
  endfacet
  facet normal 0 1 0
    outer loop
      vertex 19.94586956521739 10.730217391304347 0.8
      vertex 23.293695652173913 10.730217391304347 0.8
      vertex 23.293695652173913 10.730217391304347 0
    endloop
  endfacet
  facet normal 0 0 -1
    outer loop
      vertex 19.94586956521739 10.730217391304347 0.8
      vertex 23.293695652173913 13.599782608695651 0.8
      vertex 23.293695652173913 10.730217391304347 0.8
    endloop
  endfacet
  facet normal 0.9238795425726436 0.3826834080748244 0
    outer loop
      vertex 23.9400428846608 10.324090510205082 0
      vertex 23.9400428846608 10.324090510205082 0.8
      vertex 23.970829345169275 10.249765414180962 0
    endloop
  endfacet
  facet normal 0.8155608773345381 0.5786712843759562 9.070773162890957e-19
    outer loop
      vertex 23.901128228475216 10.394501272997129 0
      vertex 23.85457475957663 10.460112249319968 0
      vertex 23.85457475957663 10.460112249319968 0.8
    endloop
  endfacet
  facet normal 0.8752234054870328 0.4837189168181051 -7.07420641633676e-19
    outer loop
      vertex 23.9400428846608 10.324090510205082 0
      vertex 23.901128228475216 10.394501272997129 0
      vertex 23.901128228475216 10.394501272997129 0.8
    endloop
  endfacet
  facet normal 0.5786712843759518 0.8155608773345411 0
    outer loop
      vertex 23.67537083821452 10.620258663257825 0
      vertex 23.67537083821452 10.620258663257825 0.8
      vertex 23.740981814537356 10.57370519435924 0
    endloop
  endfacet
  facet normal 0.6663466021592049 0.7456421432502873 0
    outer loop
      vertex 23.800967906687568 10.52009834147018 0
      vertex 23.740981814537356 10.57370519435924 0
      vertex 23.740981814537356 10.57370519435924 0.8
    endloop
  endfacet
  facet normal 0.7456421432502873 0.6663466021592049 0
    outer loop
      vertex 23.800967906687568 10.52009834147018 0
      vertex 23.800967906687568 10.52009834147018 0.8
      vertex 23.85457475957663 10.460112249319968 0
    endloop
  endfacet
  facet normal 1 0 0
    outer loop
      vertex 24.011086956521737 9.056304347826085 0
      vertex 24.011086956521737 10.01282608695652 0
      vertex 24.011086956521737 10.01282608695652 0.8
    endloop
  endfacet
  facet normal 0.9984268158385732 0.056070432622264355 1.8507712135696952e-19
    outer loop
      vertex 24.011086956521737 10.01282608695652 0
      vertex 24.00657615183488 10.093148427087327 0
      vertex 24.00657615183488 10.093148427087327 0.8
    endloop
  endfacet
  facet normal 0.9858710160401427 0.1675062378897482 -9.901520773676978e-19
    outer loop
      vertex 24.00657615183488 10.093148427087327 0
      vertex 23.993100458720455 10.17246066900699 0
      vertex 23.993100458720455 10.17246066900699 0.8
    endloop
  endfacet
  facet normal 0.9609173215165693 0.2768355129123108 1.5611171074898949e-18
    outer loop
      vertex 23.993100458720455 10.17246066900699 0
      vertex 23.970829345169275 10.249765414180962 0
      vertex 23.970829345169275 10.249765414180962 0.8
    endloop
  endfacet
  facet normal 0.4837189168181051 0.8752234054870328 0
    outer loop
      vertex 23.67537083821452 10.620258663257825 0
      vertex 23.604960075422472 10.659173319443411 0.8
      vertex 23.67537083821452 10.620258663257825 0.8
    endloop
  endfacet
  facet normal 0.9238795425726436 0.3826834080748244 0
    outer loop
      vertex 23.970829345169275 10.249765414180962 0
      vertex 23.9400428846608 10.324090510205082 0.8
      vertex 23.970829345169275 10.249765414180962 0.8
    endloop
  endfacet
  facet normal 0.8752234054870328 0.4837189168181051 0
    outer loop
      vertex 23.9400428846608 10.324090510205082 0
      vertex 23.901128228475216 10.394501272997129 0.8
      vertex 23.9400428846608 10.324090510205082 0.8
    endloop
  endfacet
  facet normal 0.8155608773345381 0.5786712843759562 0
    outer loop
      vertex 23.901128228475216 10.394501272997129 0
      vertex 23.85457475957663 10.460112249319968 0.8
      vertex 23.901128228475216 10.394501272997129 0.8
    endloop
  endfacet
  facet normal 0.6663466021592049 0.7456421432502873 0
    outer loop
      vertex 23.800967906687568 10.52009834147018 0
      vertex 23.740981814537356 10.57370519435924 0.8
      vertex 23.800967906687568 10.52009834147018 0.8
    endloop
  endfacet
  facet normal 0.5786712843759518 0.8155608773345411 0
    outer loop
      vertex 23.740981814537356 10.57370519435924 0
      vertex 23.67537083821452 10.620258663257825 0.8
      vertex 23.740981814537356 10.57370519435924 0.8
    endloop
  endfacet
  facet normal 0.7456421432502873 0.6663466021592049 0
    outer loop
      vertex 23.85457475957663 10.460112249319968 0
      vertex 23.800967906687568 10.52009834147018 0.8
      vertex 23.85457475957663 10.460112249319968 0.8
    endloop
  endfacet
  facet normal 1 0 0
    outer loop
      vertex 24.011086956521737 9.056304347826085 0
      vertex 24.011086956521737 10.01282608695652 0.8
      vertex 24.011086956521737 9.056304347826085 0.8
    endloop
  endfacet
  facet normal 0.9984268158385732 0.056070432622264355 0
    outer loop
      vertex 24.011086956521737 10.01282608695652 0
      vertex 24.00657615183488 10.093148427087327 0.8
      vertex 24.011086956521737 10.01282608695652 0.8
    endloop
  endfacet
  facet normal 0.9858710160401427 0.1675062378897482 0
    outer loop
      vertex 24.00657615183488 10.093148427087327 0
      vertex 23.993100458720455 10.17246066900699 0.8
      vertex 24.00657615183488 10.093148427087327 0.8
    endloop
  endfacet
  facet normal 0.9609173215165693 0.2768355129123108 0
    outer loop
      vertex 23.993100458720455 10.17246066900699 0
      vertex 23.970829345169275 10.249765414180962 0.8
      vertex 23.993100458720455 10.17246066900699 0.8
    endloop
  endfacet
  facet normal 0.056070432622286365 0.9984268158385718 0
    outer loop
      vertex 23.293695652173913 10.730217391304347 0
      vertex 23.293695652173913 10.730217391304347 0.8
      vertex 23.37401799230472 10.72570658661749 0
    endloop
  endfacet
  facet normal 0.1675062378897482 0.9858710160401427 0
    outer loop
      vertex 23.37401799230472 10.72570658661749 0
      vertex 23.37401799230472 10.72570658661749 0.8
      vertex 23.45333023422438 10.712230893503063 0
    endloop
  endfacet
  facet normal 0.2768355129123108 0.9609173215165693 0
    outer loop
      vertex 23.45333023422438 10.712230893503063 0
      vertex 23.45333023422438 10.712230893503063 0.8
      vertex 23.530634979398354 10.689959779951883 0
    endloop
  endfacet
  facet normal 0.3826834080748134 0.9238795425726481 0
    outer loop
      vertex 23.530634979398354 10.689959779951883 0
      vertex 23.530634979398354 10.689959779951883 0.8
      vertex 23.604960075422472 10.659173319443411 0
    endloop
  endfacet
  facet normal 0.4837189168181051 0.8752234054870328 -7.07420641633676e-19
    outer loop
      vertex 23.67537083821452 10.620258663257825 0
      vertex 23.604960075422472 10.659173319443411 0
      vertex 23.604960075422472 10.659173319443411 0.8
    endloop
  endfacet
  facet normal 0.056070432622286365 0.9984268158385718 0
    outer loop
      vertex 23.37401799230472 10.72570658661749 0
      vertex 23.293695652173913 10.730217391304347 0.8
      vertex 23.37401799230472 10.72570658661749 0.8
    endloop
  endfacet
  facet normal 0.1675062378897482 0.9858710160401427 0
    outer loop
      vertex 23.45333023422438 10.712230893503063 0
      vertex 23.37401799230472 10.72570658661749 0.8
      vertex 23.45333023422438 10.712230893503063 0.8
    endloop
  endfacet
  facet normal 0.2768355129123108 0.9609173215165693 0
    outer loop
      vertex 23.530634979398354 10.689959779951883 0
      vertex 23.45333023422438 10.712230893503063 0.8
      vertex 23.530634979398354 10.689959779951883 0.8
    endloop
  endfacet
  facet normal 0.3826834080748134 0.9238795425726481 0
    outer loop
      vertex 23.604960075422472 10.659173319443411 0
      vertex 23.530634979398354 10.689959779951883 0.8
      vertex 23.604960075422472 10.659173319443411 0.8
    endloop
  endfacet
  facet normal 0 0 -1
    outer loop
      vertex 23.293695652173913 10.730217391304347 0.8
      vertex 23.37401799230472 13.604293413382509 0.8
      vertex 23.37401799230472 10.72570658661749 0.8
    endloop
  endfacet
  facet normal 0 0 -1
    outer loop
      vertex 23.37401799230472 10.72570658661749 0.8
      vertex 23.45333023422438 13.617769106496935 0.8
      vertex 23.45333023422438 10.712230893503063 0.8
    endloop
  endfacet
  facet normal 0 0 -1
    outer loop
      vertex 23.45333023422438 10.712230893503063 0.8
      vertex 23.530634979398354 13.640040220048116 0.8
      vertex 23.530634979398354 10.689959779951883 0.8
    endloop
  endfacet
  facet normal 0 0 -1
    outer loop
      vertex 23.530634979398354 10.689959779951883 0.8
      vertex 23.604960075422472 13.670826680556587 0.8
      vertex 23.604960075422472 10.659173319443411 0.8
    endloop
  endfacet
  facet normal 0 0 -1
    outer loop
      vertex 23.67537083821452 10.620258663257825 0.8
      vertex 23.604960075422472 10.659173319443411 0.8
      vertex 23.67537083821452 13.709741336742173 0.8
    endloop
  endfacet
  facet normal 0 0 -1
    outer loop
      vertex 23.67537083821452 10.620258663257825 0.8
      vertex 23.740981814537356 13.756294805640758 0.8
      vertex 23.740981814537356 10.57370519435924 0.8
    endloop
  endfacet
  facet normal 0 0 -1
    outer loop
      vertex 23.800967906687568 10.52009834147018 0.8
      vertex 23.740981814537356 10.57370519435924 0.8
      vertex 23.800967906687568 13.809901658529819 0.8
    endloop
  endfacet
  facet normal 0 0 -1
    outer loop
      vertex 23.800967906687568 10.52009834147018 0.8
      vertex 23.85457475957663 13.86988775068003 0.8
      vertex 23.85457475957663 10.460112249319968 0.8
    endloop
  endfacet
  facet normal 0 0 -1
    outer loop
      vertex 26.745705367637715 4.92072956515395 0.8
      vertex 23.9400428846608 8.745039924577526 0.8
      vertex 27.302705721570096 5.232664751540058 0.8
    endloop
  endfacet
  facet normal 0 0 -1
    outer loop
      vertex 27.302705721570096 5.232664751540058 0.8
      vertex 23.970829345169275 8.819365020601644 0.8
      vertex 27.83351487751888 5.587340090184107 0.8
    endloop
  endfacet
  facet normal 0 0 -1
    outer loop
      vertex 27.83351487751888 5.587340090184107 0.8
      vertex 24.00657615183488 8.97598200769528 0.8
      vertex 28.33486022075881 5.982568888482839 0.8
    endloop
  endfacet
  facet normal 0 0 -1
    outer loop
      vertex 28.33486022075881 5.982568888482839 0.8
      vertex 24.011086956521737 9.056304347826085 0.8
      vertex 28.803650787550467 6.415914429840833 0.8
    endloop
  endfacet
  facet normal 0 0 -1
    outer loop
      vertex 24.011086956521737 9.056304347826085 0.8
      vertex 29.23699632890846 6.884704996632492 0.8
      vertex 28.803650787550467 6.415914429840833 0.8
    endloop
  endfacet
  facet normal 0 0 -1
    outer loop
      vertex 27.83351487751888 5.587340090184107 0.8
      vertex 23.970829345169275 8.819365020601644 0.8
      vertex 23.993100458720455 8.896669765775616 0.8
    endloop
  endfacet
  facet normal 0 0 -1
    outer loop
      vertex 27.83351487751888 5.587340090184107 0.8
      vertex 23.993100458720455 8.896669765775616 0.8
      vertex 24.00657615183488 8.97598200769528 0.8
    endloop
  endfacet
  facet normal 0 0 -1
    outer loop
      vertex 28.33486022075881 5.982568888482839 0.8
      vertex 24.00657615183488 8.97598200769528 0.8
      vertex 24.011086956521737 9.056304347826085 0.8
    endloop
  endfacet
  facet normal 0 0 -1
    outer loop
      vertex 24.011086956521737 9.056304347826085 0.8
      vertex 24.011086956521737 10.01282608695652 0.8
      vertex 29.632225127207196 7.386050339872422 0.8
    endloop
  endfacet
  facet normal 0 0 -1
    outer loop
      vertex 24.011086956521737 9.056304347826085 0.8
      vertex 29.632225127207196 7.386050339872422 0.8
      vertex 29.23699632890846 6.884704996632492 0.8
    endloop
  endfacet
  facet normal -0.67880074455037 0.7343225103439657 0
    outer loop
      vertex 28.33486022075881 5.982568888482839 0
      vertex 28.33486022075881 5.982568888482839 0.8
      vertex 28.803650787550467 6.415914429840833 0
    endloop
  endfacet
  facet normal -0.7343225103439668 0.6788007445503685 0
    outer loop
      vertex 28.803650787550467 6.415914429840833 0
      vertex 28.803650787550467 6.415914429840833 0.8
      vertex 29.23699632890846 6.884704996632492 0
    endloop
  endfacet
  facet normal -0.7853169324700415 0.6190939472938207 0
    outer loop
      vertex 29.23699632890846 6.884704996632492 0
      vertex 29.23699632890846 6.884704996632492 0.8
      vertex 29.632225127207196 7.386050339872422 0
    endloop
  endfacet
  facet normal -0.8314696124276572 0.5555702328323587 0
    outer loop
      vertex 29.632225127207196 7.386050339872422 0
      vertex 29.632225127207196 7.386050339872422 0.8
      vertex 29.986900465851242 7.916859495821205 0
    endloop
  endfacet
  facet normal -0.67880074455037 0.7343225103439657 -7.594424436772513e-18
    outer loop
      vertex 28.33486022075881 5.982568888482839 0.8
      vertex 28.803650787550467 6.415914429840833 0.8
      vertex 28.803650787550467 6.415914429840833 0
    endloop
  endfacet
  facet normal -0.7343225103439668 0.6788007445503685 0
    outer loop
      vertex 29.23699632890846 6.884704996632492 0
      vertex 28.803650787550467 6.415914429840833 0.8
      vertex 29.23699632890846 6.884704996632492 0.8
    endloop
  endfacet
  facet normal -0.7853169324700415 0.6190939472938207 0
    outer loop
      vertex 29.632225127207196 7.386050339872422 0
      vertex 29.23699632890846 6.884704996632492 0.8
      vertex 29.632225127207196 7.386050339872422 0.8
    endloop
  endfacet
  facet normal -0.8724960069696955 0.4886212416810557 0
    outer loop
      vertex 29.986900465851242 7.916859495821205 0
      vertex 29.986900465851242 7.916859495821205 0.8
      vertex 30.29883565223735 8.473859849753586 0
    endloop
  endfacet
  facet normal 0 0 -1
    outer loop
      vertex 24.011086956521737 10.01282608695652 0.8
      vertex 29.986900465851242 7.916859495821205 0.8
      vertex 29.632225127207196 7.386050339872422 0.8
    endloop
  endfacet
  facet normal 0 0 -1
    outer loop
      vertex 24.011086956521737 10.01282608695652 0.8
      vertex 30.29883565223735 8.473859849753586 0.8
      vertex 29.986900465851242 7.916859495821205 0.8
    endloop
  endfacet
  facet normal -0.8314696124276572 0.5555702328323587 -1.283224502756716e-17
    outer loop
      vertex 29.632225127207196 7.386050339872422 0.8
      vertex 29.986900465851242 7.916859495821205 0.8
      vertex 29.986900465851242 7.916859495821205 0
    endloop
  endfacet
  facet normal -0.8724960069696955 0.4886212416810557 0
    outer loop
      vertex 29.986900465851242 7.916859495821205 0.8
      vertex 30.29883565223735 8.473859849753586 0.8
      vertex 30.29883565223735 8.473859849753586 0
    endloop
  endfacet
  facet normal 0 0 -1
    outer loop
      vertex 24.011086956521737 10.01282608695652 0.8
      vertex 24.00657615183488 10.093148427087327 0.8
      vertex 30.96035543849935 10.266987693620763 0.8
    endloop
  endfacet
  facet normal 0 0 -1
    outer loop
      vertex 24.00657615183488 10.093148427087327 0.8
      vertex 23.993100458720455 10.17246066900699 0.8
      vertex 30.96035543849935 10.266987693620763 0.8
    endloop
  endfacet
  facet normal 0 0 -1
    outer loop
      vertex 23.993100458720455 10.17246066900699 0.8
      vertex 23.970829345169275 10.249765414180962 0.8
      vertex 31.08490085687326 10.893119784723156 0.8
    endloop
  endfacet
  facet normal 0 0 -1
    outer loop
      vertex 23.9400428846608 10.324090510205082 0.8
      vertex 31.185 12.165 0.8
      vertex 23.970829345169275 10.249765414180962 0.8
    endloop
  endfacet
  facet normal 0 0 -1
    outer loop
      vertex 23.9400428846608 10.324090510205082 0.8
      vertex 23.901128228475216 10.394501272997129 0.8
      vertex 31.159936582472014 12.802906562051046 0.8
    endloop
  endfacet
  facet normal 0 0 -1
    outer loop
      vertex 23.901128228475216 10.394501272997129 0.8
      vertex 23.85457475957663 10.460112249319968 0.8
      vertex 31.159936582472014 12.802906562051046 0.8
    endloop
  endfacet
  facet normal 0 0 -1
    outer loop
      vertex 24.011086956521737 10.01282608695652 0.8
      vertex 30.566107504925 9.053617311482842 0.8
      vertex 30.29883565223735 8.473859849753586 0.8
    endloop
  endfacet
  facet normal 0 0 -1
    outer loop
      vertex 24.011086956521737 10.01282608695652 0.8
      vertex 30.78706819811593 9.652557481488454 0.8
      vertex 30.566107504925 9.053617311482842 0.8
    endloop
  endfacet
  facet normal 0 0 -1
    outer loop
      vertex 24.011086956521737 10.01282608695652 0.8
      vertex 30.96035543849935 10.266987693620763 0.8
      vertex 30.78706819811593 9.652557481488454 0.8
    endloop
  endfacet
  facet normal 0 0 -1
    outer loop
      vertex 23.993100458720455 10.17246066900699 0.8
      vertex 31.08490085687326 10.893119784723156 0.8
      vertex 30.96035543849935 10.266987693620763 0.8
    endloop
  endfacet
  facet normal 0 0 -1
    outer loop
      vertex 23.970829345169275 10.249765414180962 0.8
      vertex 31.159936582472014 11.527093437948952 0.8
      vertex 31.08490085687326 10.893119784723156 0.8
    endloop
  endfacet
  facet normal 0 0 -1
    outer loop
      vertex 23.970829345169275 10.249765414180962 0.8
      vertex 31.185 12.165 0.8
      vertex 31.159936582472014 11.527093437948952 0.8
    endloop
  endfacet
  facet normal 0 0 -1
    outer loop
      vertex 23.9400428846608 10.324090510205082 0.8
      vertex 31.159936582472014 12.802906562051046 0.8
      vertex 31.185 12.165 0.8
    endloop
  endfacet
  facet normal -0.9081431726374759 0.4186597401135433 0
    outer loop
      vertex 30.29883565223735 8.473859849753586 0
      vertex 30.29883565223735 8.473859849753586 0.8
      vertex 30.566107504925 9.053617311482842 0
    endloop
  endfacet
  facet normal -0.9081431726374759 0.4186597401135433 0
    outer loop
      vertex 30.566107504925 9.053617311482842 0
      vertex 30.29883565223735 8.473859849753586 0.8
      vertex 30.566107504925 9.053617311482842 0.8
    endloop
  endfacet
  facet normal -0.9381913365062219 0.34611705549520244 0
    outer loop
      vertex 30.566107504925 9.053617311482842 0
      vertex 30.566107504925 9.053617311482842 0.8
      vertex 30.78706819811593 9.652557481488454 0
    endloop
  endfacet
  facet normal -0.9624552369954503 0.2714404479439858 0
    outer loop
      vertex 30.78706819811593 9.652557481488454 0
      vertex 30.78706819811593 9.652557481488454 0.8
      vertex 30.96035543849935 10.266987693620763 0
    endloop
  endfacet
  facet normal -0.9807852798516353 0.19509032478918426 0
    outer loop
      vertex 30.96035543849935 10.266987693620763 0
      vertex 30.96035543849935 10.266987693620763 0.8
      vertex 31.08490085687326 10.893119784723156 0
    endloop
  endfacet
  facet normal -0.9381913365062219 0.34611705549520244 -2.408740481878505e-17
    outer loop
      vertex 30.566107504925 9.053617311482842 0.8
      vertex 30.78706819811593 9.652557481488454 0.8
      vertex 30.78706819811593 9.652557481488454 0
    endloop
  endfacet
  facet normal -0.9624552369954503 0.2714404479439858 0
    outer loop
      vertex 30.96035543849935 10.266987693620763 0
      vertex 30.78706819811593 9.652557481488454 0.8
      vertex 30.96035543849935 10.266987693620763 0.8
    endloop
  endfacet
  facet normal -0.9930684571427494 0.1175373958709294 0
    outer loop
      vertex 31.08490085687326 10.893119784723156 0
      vertex 31.08490085687326 10.893119784723156 0.8
      vertex 31.159936582472014 11.527093437948952 0
    endloop
  endfacet
  facet normal -0.9992290362134326 0.039259816453650356 0
    outer loop
      vertex 31.159936582472014 11.527093437948952 0
      vertex 31.159936582472014 11.527093437948952 0.8
      vertex 31.185 12.165 0
    endloop
  endfacet
  facet normal -0.9807852798516353 0.19509032478918426 1.0871985993554359e-17
    outer loop
      vertex 30.96035543849935 10.266987693620763 0.8
      vertex 31.08490085687326 10.893119784723156 0.8
      vertex 31.08490085687326 10.893119784723156 0
    endloop
  endfacet
  facet normal -0.9930684571427494 0.1175373958709294 0
    outer loop
      vertex 31.159936582472014 11.527093437948952 0
      vertex 31.08490085687326 10.893119784723156 0.8
      vertex 31.159936582472014 11.527093437948952 0.8
    endloop
  endfacet
  facet normal -0.9992290362134326 0.039259816453650356 1.8723599831623984e-18
    outer loop
      vertex 31.159936582472014 11.527093437948952 0.8
      vertex 31.185 12.165 0.8
      vertex 31.185 12.165 0
    endloop
  endfacet
  facet normal 0 -1 0
    outer loop
      vertex 19.94586956521739 13.599782608695651 0
      vertex 23.293695652173913 13.599782608695651 0
      vertex 23.293695652173913 13.599782608695651 0.8
    endloop
  endfacet
  facet normal 0 0 -1
    outer loop
      vertex 19.94586956521739 10.730217391304347 0.8
      vertex 19.94586956521739 13.599782608695651 0.8
      vertex 23.293695652173913 13.599782608695651 0.8
    endloop
  endfacet
  facet normal 0 -1 0
    outer loop
      vertex 19.94586956521739 13.599782608695651 0
      vertex 23.293695652173913 13.599782608695651 0.8
      vertex 19.94586956521739 13.599782608695651 0.8
    endloop
  endfacet
  facet normal 0.056070432622286365 -0.9984268158385718 -1.830207088974474e-19
    outer loop
      vertex 23.293695652173913 13.599782608695651 0
      vertex 23.37401799230472 13.604293413382509 0
      vertex 23.37401799230472 13.604293413382509 0.8
    endloop
  endfacet
  facet normal 0.1675062378897482 -0.9858710160401427 9.901520773676978e-19
    outer loop
      vertex 23.37401799230472 13.604293413382509 0
      vertex 23.45333023422438 13.617769106496935 0
      vertex 23.45333023422438 13.617769106496935 0.8
    endloop
  endfacet
  facet normal 0.2768355129123108 -0.9609173215165693 -1.5611171074898949e-18
    outer loop
      vertex 23.45333023422438 13.617769106496935 0
      vertex 23.530634979398354 13.640040220048116 0
      vertex 23.530634979398354 13.640040220048116 0.8
    endloop
  endfacet
  facet normal 0.3826834080748134 -0.9238795425726481 -1.1576027439239594e-18
    outer loop
      vertex 23.530634979398354 13.640040220048116 0
      vertex 23.604960075422472 13.670826680556587 0
      vertex 23.604960075422472 13.670826680556587 0.8
    endloop
  endfacet
  facet normal 0 0 -1
    outer loop
      vertex 23.293695652173913 10.730217391304347 0.8
      vertex 23.293695652173913 13.599782608695651 0.8
      vertex 23.37401799230472 13.604293413382509 0.8
    endloop
  endfacet
  facet normal 0 0 -1
    outer loop
      vertex 23.37401799230472 10.72570658661749 0.8
      vertex 23.37401799230472 13.604293413382509 0.8
      vertex 23.45333023422438 13.617769106496935 0.8
    endloop
  endfacet
  facet normal 0 0 -1
    outer loop
      vertex 23.45333023422438 10.712230893503063 0.8
      vertex 23.45333023422438 13.617769106496935 0.8
      vertex 23.530634979398354 13.640040220048116 0.8
    endloop
  endfacet
  facet normal 0 0 -1
    outer loop
      vertex 23.530634979398354 10.689959779951883 0.8
      vertex 23.530634979398354 13.640040220048116 0.8
      vertex 23.604960075422472 13.670826680556587 0.8
    endloop
  endfacet
  facet normal 0 0 -1
    outer loop
      vertex 23.604960075422472 10.659173319443411 0.8
      vertex 23.604960075422472 13.670826680556587 0.8
      vertex 23.67537083821452 13.709741336742173 0.8
    endloop
  endfacet
  facet normal 0 0 -1
    outer loop
      vertex 23.67537083821452 10.620258663257825 0.8
      vertex 23.67537083821452 13.709741336742173 0.8
      vertex 23.740981814537356 13.756294805640758 0.8
    endloop
  endfacet
  facet normal 0 0 -1
    outer loop
      vertex 23.740981814537356 10.57370519435924 0.8
      vertex 23.740981814537356 13.756294805640758 0.8
      vertex 23.800967906687568 13.809901658529819 0.8
    endloop
  endfacet
  facet normal 0 0 -1
    outer loop
      vertex 23.800967906687568 10.52009834147018 0.8
      vertex 23.800967906687568 13.809901658529819 0.8
      vertex 23.85457475957663 13.86988775068003 0.8
    endloop
  endfacet
  facet normal 0 0 -1
    outer loop
      vertex 23.85457475957663 10.460112249319968 0.8
      vertex 23.85457475957663 13.86988775068003 0.8
      vertex 23.901128228475216 13.93549872700287 0.8
    endloop
  endfacet
  facet normal 0 0 -1
    outer loop
      vertex 23.85457475957663 10.460112249319968 0.8
      vertex 23.901128228475216 13.93549872700287 0.8
      vertex 23.9400428846608 14.005909489794917 0.8
    endloop
  endfacet
  facet normal 0.056070432622286365 -0.9984268158385718 0
    outer loop
      vertex 23.293695652173913 13.599782608695651 0
      vertex 23.37401799230472 13.604293413382509 0.8
      vertex 23.293695652173913 13.599782608695651 0.8
    endloop
  endfacet
  facet normal 0.1675062378897482 -0.9858710160401427 0
    outer loop
      vertex 23.37401799230472 13.604293413382509 0
      vertex 23.45333023422438 13.617769106496935 0.8
      vertex 23.37401799230472 13.604293413382509 0.8
    endloop
  endfacet
  facet normal 0.2768355129123108 -0.9609173215165693 0
    outer loop
      vertex 23.45333023422438 13.617769106496935 0
      vertex 23.530634979398354 13.640040220048116 0.8
      vertex 23.45333023422438 13.617769106496935 0.8
    endloop
  endfacet
  facet normal 0.3826834080748134 -0.9238795425726481 0
    outer loop
      vertex 23.530634979398354 13.640040220048116 0
      vertex 23.604960075422472 13.670826680556587 0.8
      vertex 23.530634979398354 13.640040220048116 0.8
    endloop
  endfacet
  facet normal 0.4837189168181051 -0.8752234054870328 0
    outer loop
      vertex 23.604960075422472 13.670826680556587 0
      vertex 23.67537083821452 13.709741336742173 0.8
      vertex 23.604960075422472 13.670826680556587 0.8
    endloop
  endfacet
  facet normal 0.4837189168181051 -0.8752234054870328 7.07420641633676e-19
    outer loop
      vertex 23.604960075422472 13.670826680556587 0
      vertex 23.67537083821452 13.709741336742173 0
      vertex 23.67537083821452 13.709741336742173 0.8
    endloop
  endfacet
  facet normal 0.5786712843759518 -0.8155608773345411 2.9637078570118537e-18
    outer loop
      vertex 23.67537083821452 13.709741336742173 0
      vertex 23.740981814537356 13.756294805640758 0
      vertex 23.740981814537356 13.756294805640758 0.8
    endloop
  endfacet
  facet normal 0.6663466021592049 -0.7456421432502873 0
    outer loop
      vertex 23.740981814537356 13.756294805640758 0
      vertex 23.800967906687568 13.809901658529819 0
      vertex 23.800967906687568 13.809901658529819 0.8
    endloop
  endfacet
  facet normal 0.7456421432502873 -0.6663466021592049 0
    outer loop
      vertex 23.800967906687568 13.809901658529819 0
      vertex 23.85457475957663 13.86988775068003 0
      vertex 23.85457475957663 13.86988775068003 0.8
    endloop
  endfacet
  facet normal 0.8155608773345381 -0.5786712843759562 -9.070773162890957e-19
    outer loop
      vertex 23.85457475957663 13.86988775068003 0
      vertex 23.901128228475216 13.93549872700287 0
      vertex 23.901128228475216 13.93549872700287 0.8
    endloop
  endfacet
  facet normal 0.8752234054870328 -0.4837189168181051 7.07420641633676e-19
    outer loop
      vertex 23.901128228475216 13.93549872700287 0
      vertex 23.9400428846608 14.005909489794917 0
      vertex 23.9400428846608 14.005909489794917 0.8
    endloop
  endfacet
  facet normal 0.9238795425726436 -0.3826834080748244 2.4605118213809774e-18
    outer loop
      vertex 23.9400428846608 14.005909489794917 0
      vertex 23.970829345169275 14.080234585819037 0
      vertex 23.970829345169275 14.080234585819037 0.8
    endloop
  endfacet
  facet normal 0.9609173215165693 -0.2768355129123108 -1.5611171074898949e-18
    outer loop
      vertex 23.970829345169275 14.080234585819037 0
      vertex 23.993100458720455 14.157539330993009 0
      vertex 23.993100458720455 14.157539330993009 0.8
    endloop
  endfacet
  facet normal 0.9858710160401427 -0.1675062378897482 9.901520773676978e-19
    outer loop
      vertex 23.993100458720455 14.157539330993009 0
      vertex 24.00657615183488 14.236851572912672 0
      vertex 24.00657615183488 14.236851572912672 0.8
    endloop
  endfacet
  facet normal 0.9984268158385732 -0.056070432622264355 -1.8507712135696952e-19
    outer loop
      vertex 24.00657615183488 14.236851572912672 0
      vertex 24.011086956521737 14.317173913043478 0
      vertex 24.011086956521737 14.317173913043478 0.8
    endloop
  endfacet
  facet normal 1 0 0
    outer loop
      vertex 24.011086956521737 14.317173913043478 0
      vertex 24.011086956521737 15.273695652173913 0
      vertex 24.011086956521737 15.273695652173913 0.8
    endloop
  endfacet
  facet normal 0.5786712843759518 -0.8155608773345411 0
    outer loop
      vertex 23.67537083821452 13.709741336742173 0
      vertex 23.740981814537356 13.756294805640758 0.8
      vertex 23.67537083821452 13.709741336742173 0.8
    endloop
  endfacet
  facet normal 0.6663466021592049 -0.7456421432502873 0
    outer loop
      vertex 23.740981814537356 13.756294805640758 0
      vertex 23.800967906687568 13.809901658529819 0.8
      vertex 23.740981814537356 13.756294805640758 0.8
    endloop
  endfacet
  facet normal 0.7456421432502873 -0.6663466021592049 0
    outer loop
      vertex 23.800967906687568 13.809901658529819 0
      vertex 23.85457475957663 13.86988775068003 0.8
      vertex 23.800967906687568 13.809901658529819 0.8
    endloop
  endfacet
  facet normal 0.8155608773345381 -0.5786712843759562 0
    outer loop
      vertex 23.85457475957663 13.86988775068003 0
      vertex 23.901128228475216 13.93549872700287 0.8
      vertex 23.85457475957663 13.86988775068003 0.8
    endloop
  endfacet
  facet normal 0.8752234054870328 -0.4837189168181051 0
    outer loop
      vertex 23.901128228475216 13.93549872700287 0
      vertex 23.9400428846608 14.005909489794917 0.8
      vertex 23.901128228475216 13.93549872700287 0.8
    endloop
  endfacet
  facet normal 0.9238795425726436 -0.3826834080748244 0
    outer loop
      vertex 23.9400428846608 14.005909489794917 0
      vertex 23.970829345169275 14.080234585819037 0.8
      vertex 23.9400428846608 14.005909489794917 0.8
    endloop
  endfacet
  facet normal 0.9609173215165693 -0.2768355129123108 0
    outer loop
      vertex 23.970829345169275 14.080234585819037 0
      vertex 23.993100458720455 14.157539330993009 0.8
      vertex 23.970829345169275 14.080234585819037 0.8
    endloop
  endfacet
  facet normal 0.9858710160401427 -0.1675062378897482 0
    outer loop
      vertex 23.993100458720455 14.157539330993009 0
      vertex 24.00657615183488 14.236851572912672 0.8
      vertex 23.993100458720455 14.157539330993009 0.8
    endloop
  endfacet
  facet normal 0.9984268158385732 -0.056070432622264355 0
    outer loop
      vertex 24.00657615183488 14.236851572912672 0
      vertex 24.011086956521737 14.317173913043478 0.8
      vertex 24.00657615183488 14.236851572912672 0.8
    endloop
  endfacet
  facet normal 1 0 0
    outer loop
      vertex 24.011086956521737 14.317173913043478 0
      vertex 24.011086956521737 15.273695652173913 0.8
      vertex 24.011086956521737 14.317173913043478 0.8
    endloop
  endfacet
  facet normal 0 1 0
    outer loop
      vertex 19.94586956521739 15.991086956521738 0
      vertex 19.94586956521739 15.991086956521738 0.8
      vertex 23.293695652173913 15.991086956521738 0
    endloop
  endfacet
  facet normal 0 1 0
    outer loop
      vertex 19.94586956521739 15.991086956521738 0.8
      vertex 23.293695652173913 15.991086956521738 0.8
      vertex 23.293695652173913 15.991086956521738 0
    endloop
  endfacet
  facet normal 0 0 -1
    outer loop
      vertex 19.865547225086583 15.986576151834882 0.8
      vertex 23.054565217391303 20.295434782608694 0.8
      vertex 19.94586956521739 15.991086956521738 0.8
    endloop
  endfacet
  facet normal 0 0 -1
    outer loop
      vertex 19.94586956521739 15.991086956521738 0.8
      vertex 23.054565217391303 20.295434782608694 0.8
      vertex 23.293695652173913 15.991086956521738 0.8
    endloop
  endfacet
  facet normal 0.9238795425726404 0.3826834080748323 0
    outer loop
      vertex 23.9400428846608 15.584960075422472 0
      vertex 23.9400428846608 15.584960075422472 0.8
      vertex 23.970829345169275 15.510634979398354 0
    endloop
  endfacet
  facet normal 0.2768355129123312 0.9609173215165635 6.161419690933496e-19
    outer loop
      vertex 23.530634979398354 15.950829345169273 0
      vertex 23.45333023422438 15.973100458720456 0
      vertex 23.45333023422438 15.973100458720456 0.8
    endloop
  endfacet
  facet normal 0.3826834080748134 0.9238795425726481 0
    outer loop
      vertex 23.530634979398354 15.950829345169273 0
      vertex 23.530634979398354 15.950829345169273 0.8
      vertex 23.604960075422472 15.920042884660802 0
    endloop
  endfacet
  facet normal 0.4837189168180882 0.8752234054870422 0
    outer loop
      vertex 23.604960075422472 15.920042884660802 0
      vertex 23.604960075422472 15.920042884660802 0.8
      vertex 23.67537083821452 15.881128228475218 0
    endloop
  endfacet
  facet normal 0.8752234054870381 0.4837189168180958 -3.3652800384380552e-18
    outer loop
      vertex 23.9400428846608 15.584960075422472 0
      vertex 23.901128228475216 15.655370838214521 0
      vertex 23.901128228475216 15.655370838214521 0.8
    endloop
  endfacet
  facet normal 0.8155608773345305 0.5786712843759665 -1.2289540695126396e-18
    outer loop
      vertex 23.901128228475216 15.655370838214521 0
      vertex 23.85457475957663 15.720981814537359 0
      vertex 23.85457475957663 15.720981814537359 0.8
    endloop
  endfacet
  facet normal 0.7456421432502873 0.6663466021592049 0
    outer loop
      vertex 23.85457475957663 15.720981814537359 0
      vertex 23.800967906687568 15.78096790668757 0
      vertex 23.800967906687568 15.78096790668757 0.8
    endloop
  endfacet
  facet normal 0.5786712843759665 0.8155608773345305 -1.2289540695126396e-18
    outer loop
      vertex 23.740981814537356 15.83457475957663 0
      vertex 23.67537083821452 15.881128228475218 0
      vertex 23.67537083821452 15.881128228475218 0.8
    endloop
  endfacet
  facet normal 0.6663466021592049 0.7456421432502873 0
    outer loop
      vertex 23.800967906687568 15.78096790668757 0
      vertex 23.740981814537356 15.83457475957663 0
      vertex 23.740981814537356 15.83457475957663 0.8
    endloop
  endfacet
  facet normal 0.056070432622264355 0.9984268158385732 0
    outer loop
      vertex 23.293695652173913 15.991086956521738 0
      vertex 23.293695652173913 15.991086956521738 0.8
      vertex 23.37401799230472 15.986576151834882 0
    endloop
  endfacet
  facet normal 0.1675062378897482 0.9858710160401427 0
    outer loop
      vertex 23.37401799230472 15.986576151834882 0
      vertex 23.37401799230472 15.986576151834882 0.8
      vertex 23.45333023422438 15.973100458720456 0
    endloop
  endfacet
  facet normal 0.9984268158385732 0.056070432622264355 1.8507712135696952e-19
    outer loop
      vertex 24.011086956521737 15.273695652173913 0
      vertex 24.00657615183488 15.354017992304719 0
      vertex 24.00657615183488 15.354017992304719 0.8
    endloop
  endfacet
  facet normal 0.9858710160401427 0.1675062378897482 -9.901520773676978e-19
    outer loop
      vertex 24.00657615183488 15.354017992304719 0
      vertex 23.993100458720455 15.433330234224382 0
      vertex 23.993100458720455 15.433330234224382 0.8
    endloop
  endfacet
  facet normal 0.9609173215165693 0.2768355129123108 1.5611171074898949e-18
    outer loop
      vertex 23.993100458720455 15.433330234224382 0
      vertex 23.970829345169275 15.510634979398354 0
      vertex 23.970829345169275 15.510634979398354 0.8
    endloop
  endfacet
  facet normal 0.9238795425726404 0.3826834080748323 0
    outer loop
      vertex 23.970829345169275 15.510634979398354 0
      vertex 23.9400428846608 15.584960075422472 0.8
      vertex 23.970829345169275 15.510634979398354 0.8
    endloop
  endfacet
  facet normal 0.2768355129123312 0.9609173215165635 0
    outer loop
      vertex 23.530634979398354 15.950829345169273 0
      vertex 23.45333023422438 15.973100458720456 0.8
      vertex 23.530634979398354 15.950829345169273 0.8
    endloop
  endfacet
  facet normal 0.4837189168180882 0.8752234054870422 0
    outer loop
      vertex 23.67537083821452 15.881128228475218 0
      vertex 23.604960075422472 15.920042884660802 0.8
      vertex 23.67537083821452 15.881128228475218 0.8
    endloop
  endfacet
  facet normal 0.3826834080748134 0.9238795425726481 0
    outer loop
      vertex 23.604960075422472 15.920042884660802 0
      vertex 23.530634979398354 15.950829345169273 0.8
      vertex 23.604960075422472 15.920042884660802 0.8
    endloop
  endfacet
  facet normal 0.8155608773345305 0.5786712843759665 0
    outer loop
      vertex 23.901128228475216 15.655370838214521 0
      vertex 23.85457475957663 15.720981814537359 0.8
      vertex 23.901128228475216 15.655370838214521 0.8
    endloop
  endfacet
  facet normal 0.8752234054870381 0.4837189168180958 0
    outer loop
      vertex 23.9400428846608 15.584960075422472 0
      vertex 23.901128228475216 15.655370838214521 0.8
      vertex 23.9400428846608 15.584960075422472 0.8
    endloop
  endfacet
  facet normal 0.7456421432502873 0.6663466021592049 0
    outer loop
      vertex 23.85457475957663 15.720981814537359 0
      vertex 23.800967906687568 15.78096790668757 0.8
      vertex 23.85457475957663 15.720981814537359 0.8
    endloop
  endfacet
  facet normal 0.5786712843759665 0.8155608773345305 0
    outer loop
      vertex 23.740981814537356 15.83457475957663 0
      vertex 23.67537083821452 15.881128228475218 0.8
      vertex 23.740981814537356 15.83457475957663 0.8
    endloop
  endfacet
  facet normal 0.6663466021592049 0.7456421432502873 0
    outer loop
      vertex 23.800967906687568 15.78096790668757 0
      vertex 23.740981814537356 15.83457475957663 0.8
      vertex 23.800967906687568 15.78096790668757 0.8
    endloop
  endfacet
  facet normal 0.056070432622264355 0.9984268158385732 0
    outer loop
      vertex 23.37401799230472 15.986576151834882 0
      vertex 23.293695652173913 15.991086956521738 0.8
      vertex 23.37401799230472 15.986576151834882 0.8
    endloop
  endfacet
  facet normal 0.1675062378897482 0.9858710160401427 0
    outer loop
      vertex 23.45333023422438 15.973100458720456 0
      vertex 23.37401799230472 15.986576151834882 0.8
      vertex 23.45333023422438 15.973100458720456 0.8
    endloop
  endfacet
  facet normal 0.9984268158385732 0.056070432622264355 0
    outer loop
      vertex 24.011086956521737 15.273695652173913 0
      vertex 24.00657615183488 15.354017992304719 0.8
      vertex 24.011086956521737 15.273695652173913 0.8
    endloop
  endfacet
  facet normal 0.9858710160401427 0.1675062378897482 0
    outer loop
      vertex 24.00657615183488 15.354017992304719 0
      vertex 23.993100458720455 15.433330234224382 0.8
      vertex 24.00657615183488 15.354017992304719 0.8
    endloop
  endfacet
  facet normal 0.9609173215165693 0.2768355129123108 0
    outer loop
      vertex 23.993100458720455 15.433330234224382 0
      vertex 23.970829345169275 15.510634979398354 0.8
      vertex 23.993100458720455 15.433330234224382 0.8
    endloop
  endfacet
  facet normal 0 0 -1
    outer loop
      vertex 23.293695652173913 15.991086956521738 0.8
      vertex 23.054565217391303 20.295434782608694 0.8
      vertex 23.37401799230472 15.986576151834882 0.8
    endloop
  endfacet
  facet normal 0 0 -1
    outer loop
      vertex 23.37401799230472 15.986576151834882 0.8
      vertex 23.69247177944235 20.270371365080706 0.8
      vertex 23.45333023422438 15.973100458720456 0.8
    endloop
  endfacet
  facet normal 0 0 -1
    outer loop
      vertex 23.530634979398354 15.950829345169273 0.8
      vertex 23.45333023422438 15.973100458720456 0.8
      vertex 24.326445432668145 20.19533563948196 0.8
    endloop
  endfacet
  facet normal 0 0 -1
    outer loop
      vertex 23.604960075422472 15.920042884660802 0.8
      vertex 24.95257752377054 20.07079022110804 0.8
      vertex 23.67537083821452 15.881128228475218 0.8
    endloop
  endfacet
  facet normal 0 0 -1
    outer loop
      vertex 23.530634979398354 15.950829345169273 0.8
      vertex 24.95257752377054 20.07079022110804 0.8
      vertex 23.604960075422472 15.920042884660802 0.8
    endloop
  endfacet
  facet normal 0 0 -1
    outer loop
      vertex 23.800967906687568 15.78096790668757 0.8
      vertex 23.740981814537356 15.83457475957663 0.8
      vertex 25.56700773590285 19.897502980724624 0.8
    endloop
  endfacet
  facet normal 0 0 -1
    outer loop
      vertex 23.740981814537356 15.83457475957663 0.8
      vertex 23.67537083821452 15.881128228475218 0.8
      vertex 25.56700773590285 19.897502980724624 0.8
    endloop
  endfacet
  facet normal 0 0 -1
    outer loop
      vertex 23.9400428846608 15.584960075422472 0.8
      vertex 23.901128228475216 15.655370838214521 0.8
      vertex 26.745705367637715 19.40927043484605 0.8
    endloop
  endfacet
  facet normal 0 0 -1
    outer loop
      vertex 23.85457475957663 15.720981814537359 0.8
      vertex 23.800967906687568 15.78096790668757 0.8
      vertex 26.16594790590846 19.676542287533696 0.8
    endloop
  endfacet
  facet normal 0 0 -1
    outer loop
      vertex 23.901128228475216 15.655370838214521 0.8
      vertex 23.85457475957663 15.720981814537359 0.8
      vertex 26.745705367637715 19.40927043484605 0.8
    endloop
  endfacet
  facet normal 0 0 -1
    outer loop
      vertex 23.9400428846608 15.584960075422472 0.8
      vertex 27.302705721570096 19.09733524845994 0.8
      vertex 23.970829345169275 15.510634979398354 0.8
    endloop
  endfacet
  facet normal 0 0 -1
    outer loop
      vertex 23.85457475957663 10.460112249319968 0.8
      vertex 23.9400428846608 14.005909489794917 0.8
      vertex 31.159936582472014 12.802906562051046 0.8
    endloop
  endfacet
  facet normal 0 0 -1
    outer loop
      vertex 23.9400428846608 14.005909489794917 0.8
      vertex 23.970829345169275 14.080234585819037 0.8
      vertex 31.159936582472014 12.802906562051046 0.8
    endloop
  endfacet
  facet normal 0 0 -1
    outer loop
      vertex 23.970829345169275 14.080234585819037 0.8
      vertex 23.993100458720455 14.157539330993009 0.8
      vertex 31.08490085687326 13.436880215276842 0.8
    endloop
  endfacet
  facet normal 0 0 -1
    outer loop
      vertex 23.993100458720455 14.157539330993009 0.8
      vertex 24.00657615183488 14.236851572912672 0.8
      vertex 30.96035543849935 14.063012306379235 0.8
    endloop
  endfacet
  facet normal 0 0 -1
    outer loop
      vertex 24.00657615183488 14.236851572912672 0.8
      vertex 24.011086956521737 14.317173913043478 0.8
      vertex 30.566107504925 15.276382688517156 0.8
    endloop
  endfacet
  facet normal 0 0 -1
    outer loop
      vertex 24.011086956521737 14.317173913043478 0.8
      vertex 24.011086956521737 15.273695652173913 0.8
      vertex 30.566107504925 15.276382688517156 0.8
    endloop
  endfacet
  facet normal 0 0 -1
    outer loop
      vertex 23.970829345169275 14.080234585819037 0.8
      vertex 31.08490085687326 13.436880215276842 0.8
      vertex 31.159936582472014 12.802906562051046 0.8
    endloop
  endfacet
  facet normal 0 0 -1
    outer loop
      vertex 23.993100458720455 14.157539330993009 0.8
      vertex 30.96035543849935 14.063012306379235 0.8
      vertex 31.08490085687326 13.436880215276842 0.8
    endloop
  endfacet
  facet normal 0 0 -1
    outer loop
      vertex 24.00657615183488 14.236851572912672 0.8
      vertex 30.78706819811593 14.677442518511544 0.8
      vertex 30.96035543849935 14.063012306379235 0.8
    endloop
  endfacet
  facet normal 0 0 -1
    outer loop
      vertex 24.00657615183488 14.236851572912672 0.8
      vertex 30.566107504925 15.276382688517156 0.8
      vertex 30.78706819811593 14.677442518511544 0.8
    endloop
  endfacet
  facet normal 0 0 -1
    outer loop
      vertex 24.011086956521737 15.273695652173913 0.8
      vertex 24.00657615183488 15.354017992304719 0.8
      vertex 28.33486022075881 18.34743111151716 0.8
    endloop
  endfacet
  facet normal 0 0 -1
    outer loop
      vertex 24.00657615183488 15.354017992304719 0.8
      vertex 23.993100458720455 15.433330234224382 0.8
      vertex 27.83351487751888 18.74265990981589 0.8
    endloop
  endfacet
  facet normal 0 0 -1
    outer loop
      vertex 23.993100458720455 15.433330234224382 0.8
      vertex 23.970829345169275 15.510634979398354 0.8
      vertex 27.83351487751888 18.74265990981589 0.8
    endloop
  endfacet
  facet normal 0 0 -1
    outer loop
      vertex 24.011086956521737 15.273695652173913 0.8
      vertex 29.23699632890846 17.445295003367505 0.8
      vertex 29.632225127207196 16.943949660127576 0.8
    endloop
  endfacet
  facet normal 0 0 -1
    outer loop
      vertex 23.970829345169275 15.510634979398354 0.8
      vertex 27.302705721570096 19.09733524845994 0.8
      vertex 27.83351487751888 18.74265990981589 0.8
    endloop
  endfacet
  facet normal 0 0 -1
    outer loop
      vertex 23.9400428846608 15.584960075422472 0.8
      vertex 26.745705367637715 19.40927043484605 0.8
      vertex 27.302705721570096 19.09733524845994 0.8
    endloop
  endfacet
  facet normal 0 0 -1
    outer loop
      vertex 24.00657615183488 15.354017992304719 0.8
      vertex 27.83351487751888 18.74265990981589 0.8
      vertex 28.33486022075881 18.34743111151716 0.8
    endloop
  endfacet
  facet normal 0 0 -1
    outer loop
      vertex 24.011086956521737 15.273695652173913 0.8
      vertex 28.33486022075881 18.34743111151716 0.8
      vertex 28.803650787550467 17.914085570159166 0.8
    endloop
  endfacet
  facet normal 0 0 -1
    outer loop
      vertex 24.011086956521737 15.273695652173913 0.8
      vertex 28.803650787550467 17.914085570159166 0.8
      vertex 29.23699632890846 17.445295003367505 0.8
    endloop
  endfacet
  facet normal -0.8724960069696952 -0.488621241681057 -1.964505995205705e-18
    outer loop
      vertex 29.986900465851242 16.41314050417879 0
      vertex 30.29883565223735 15.856140150246413 0
      vertex 30.29883565223735 15.856140150246413 0.8
    endloop
  endfacet
  facet normal -0.8314696124276577 -0.5555702328323582 0
    outer loop
      vertex 29.986900465851242 16.41314050417879 0
      vertex 29.986900465851242 16.41314050417879 0.8
      vertex 29.632225127207196 16.943949660127576 0
    endloop
  endfacet
  facet normal 0 0 -1
    outer loop
      vertex 24.011086956521737 15.273695652173913 0.8
      vertex 30.29883565223735 15.856140150246413 0.8
      vertex 30.566107504925 15.276382688517156 0.8
    endloop
  endfacet
  facet normal 0 0 -1
    outer loop
      vertex 24.011086956521737 15.273695652173913 0.8
      vertex 29.986900465851242 16.41314050417879 0.8
      vertex 30.29883565223735 15.856140150246413 0.8
    endloop
  endfacet
  facet normal 0 0 -1
    outer loop
      vertex 24.011086956521737 15.273695652173913 0.8
      vertex 29.632225127207196 16.943949660127576 0.8
      vertex 29.986900465851242 16.41314050417879 0.8
    endloop
  endfacet
  facet normal -0.8724960069696952 -0.488621241681057 0
    outer loop
      vertex 29.986900465851242 16.41314050417879 0
      vertex 30.29883565223735 15.856140150246413 0.8
      vertex 29.986900465851242 16.41314050417879 0.8
    endloop
  endfacet
  facet normal -0.67880074455037 -0.7343225103439657 0
    outer loop
      vertex 28.803650787550467 17.914085570159166 0
      vertex 28.803650787550467 17.914085570159166 0.8
      vertex 28.33486022075881 18.34743111151716 0
    endloop
  endfacet
  facet normal -0.7853169324700415 -0.6190939472938207 0
    outer loop
      vertex 29.632225127207196 16.943949660127576 0
      vertex 29.632225127207196 16.943949660127576 0.8
      vertex 29.23699632890846 17.445295003367505 0
    endloop
  endfacet
  facet normal -0.7343225103439682 -0.6788007445503672 -1.7852002529855054e-17
    outer loop
      vertex 28.803650787550467 17.914085570159166 0
      vertex 29.23699632890846 17.445295003367505 0
      vertex 29.23699632890846 17.445295003367505 0.8
    endloop
  endfacet
  facet normal -0.7343225103439682 -0.6788007445503672 0
    outer loop
      vertex 28.803650787550467 17.914085570159166 0
      vertex 29.23699632890846 17.445295003367505 0.8
      vertex 28.803650787550467 17.914085570159166 0.8
    endloop
  endfacet
  facet normal -0.67880074455037 -0.7343225103439657 7.594424436772513e-18
    outer loop
      vertex 28.803650787550467 17.914085570159166 0.8
      vertex 28.33486022075881 18.34743111151716 0.8
      vertex 28.33486022075881 18.34743111151716 0
    endloop
  endfacet
  facet normal -0.7853169324700415 -0.6190939472938207 0
    outer loop
      vertex 29.23699632890846 17.445295003367505 0
      vertex 29.632225127207196 16.943949660127576 0.8
      vertex 29.23699632890846 17.445295003367505 0.8
    endloop
  endfacet
  facet normal -0.8314696124276577 -0.5555702328323582 -6.1677336460819424e-18
    outer loop
      vertex 29.986900465851242 16.41314050417879 0.8
      vertex 29.632225127207196 16.943949660127576 0.8
      vertex 29.632225127207196 16.943949660127576 0
    endloop
  endfacet
  facet normal 0 0 -1
    outer loop
      vertex 23.37401799230472 15.986576151834882 0.8
      vertex 23.054565217391303 20.295434782608694 0.8
      vertex 23.69247177944235 20.270371365080706 0.8
    endloop
  endfacet
  facet normal 0 0 -1
    outer loop
      vertex 23.45333023422438 15.973100458720456 0.8
      vertex 23.69247177944235 20.270371365080706 0.8
      vertex 24.326445432668145 20.19533563948196 0.8
    endloop
  endfacet
  facet normal 0 0 -1
    outer loop
      vertex 23.530634979398354 15.950829345169273 0.8
      vertex 24.326445432668145 20.19533563948196 0.8
      vertex 24.95257752377054 20.07079022110804 0.8
    endloop
  endfacet
  facet normal 0 0 -1
    outer loop
      vertex 23.67537083821452 15.881128228475218 0.8
      vertex 24.95257752377054 20.07079022110804 0.8
      vertex 25.56700773590285 19.897502980724624 0.8
    endloop
  endfacet
  facet normal 0 0 -1
    outer loop
      vertex 23.800967906687568 15.78096790668757 0.8
      vertex 25.56700773590285 19.897502980724624 0.8
      vertex 26.16594790590846 19.676542287533696 0.8
    endloop
  endfacet
  facet normal -0.039259816453655914 -0.9992290362134324 -3.3418748754404248e-18
    outer loop
      vertex 23.054565217391303 20.295434782608694 0
      vertex 23.69247177944235 20.270371365080706 0
      vertex 23.69247177944235 20.270371365080706 0.8
    endloop
  endfacet
  facet normal -0.11753739587091873 -0.9930684571427505 5.64251599260583e-18
    outer loop
      vertex 23.69247177944235 20.270371365080706 0
      vertex 24.326445432668145 20.19533563948196 0
      vertex 24.326445432668145 20.19533563948196 0.8
    endloop
  endfacet
  facet normal -0.1950903247891944 -0.9807852798516332 2.1318301112715063e-18
    outer loop
      vertex 24.326445432668145 20.19533563948196 0
      vertex 24.95257752377054 20.07079022110804 0
      vertex 24.95257752377054 20.07079022110804 0.8
    endloop
  endfacet
  facet normal -0.039259816453655914 -0.9992290362134324 0
    outer loop
      vertex 23.054565217391303 20.295434782608694 0
      vertex 23.69247177944235 20.270371365080706 0.8
      vertex 23.054565217391303 20.295434782608694 0.8
    endloop
  endfacet
  facet normal -0.11753739587091873 -0.9930684571427505 0
    outer loop
      vertex 23.69247177944235 20.270371365080706 0
      vertex 24.326445432668145 20.19533563948196 0.8
      vertex 23.69247177944235 20.270371365080706 0.8
    endloop
  endfacet
  facet normal -0.1950903247891944 -0.9807852798516332 0
    outer loop
      vertex 24.326445432668145 20.19533563948196 0
      vertex 24.95257752377054 20.07079022110804 0.8
      vertex 24.326445432668145 20.19533563948196 0.8
    endloop
  endfacet
  facet normal -0.2714404479439807 -0.9624552369954518 0
    outer loop
      vertex 24.95257752377054 20.07079022110804 0
      vertex 25.56700773590285 19.897502980724624 0.8
      vertex 24.95257752377054 20.07079022110804 0.8
    endloop
  endfacet
  facet normal -0.34611705549520244 -0.9381913365062219 0
    outer loop
      vertex 26.16594790590846 19.676542287533696 0
      vertex 26.16594790590846 19.676542287533696 0.8
      vertex 25.56700773590285 19.897502980724624 0
    endloop
  endfacet
  facet normal -0.5555702328323621 -0.8314696124276552 -3.1010909197002736e-18
    outer loop
      vertex 27.302705721570096 19.09733524845994 0
      vertex 27.83351487751888 18.74265990981589 0
      vertex 27.83351487751888 18.74265990981589 0.8
    endloop
  endfacet
  facet normal -0.4886212416810557 -0.8724960069696955 0
    outer loop
      vertex 26.745705367637715 19.40927043484605 0
      vertex 27.302705721570096 19.09733524845994 0
      vertex 27.302705721570096 19.09733524845994 0.8
    endloop
  endfacet
  facet normal -0.41865974011353974 -0.9081431726374776 -2.1301780546319693e-17
    outer loop
      vertex 26.16594790590846 19.676542287533696 0
      vertex 26.745705367637715 19.40927043484605 0
      vertex 26.745705367637715 19.40927043484605 0.8
    endloop
  endfacet
  facet normal 0 0 -1
    outer loop
      vertex 23.85457475957663 15.720981814537359 0.8
      vertex 26.16594790590846 19.676542287533696 0.8
      vertex 26.745705367637715 19.40927043484605 0.8
    endloop
  endfacet
  facet normal -0.41865974011353974 -0.9081431726374776 0
    outer loop
      vertex 26.16594790590846 19.676542287533696 0
      vertex 26.745705367637715 19.40927043484605 0.8
      vertex 26.16594790590846 19.676542287533696 0.8
    endloop
  endfacet
  facet normal -0.5555702328323621 -0.8314696124276552 0
    outer loop
      vertex 27.302705721570096 19.09733524845994 0
      vertex 27.83351487751888 18.74265990981589 0.8
      vertex 27.302705721570096 19.09733524845994 0.8
    endloop
  endfacet
  facet normal -0.4886212416810557 -0.8724960069696955 0
    outer loop
      vertex 26.745705367637715 19.40927043484605 0
      vertex 27.302705721570096 19.09733524845994 0.8
      vertex 26.745705367637715 19.40927043484605 0.8
    endloop
  endfacet
  facet normal -0.2714404479439807 -0.9624552369954518 -1.045643332391153e-17
    outer loop
      vertex 24.95257752377054 20.07079022110804 0
      vertex 25.56700773590285 19.897502980724624 0
      vertex 25.56700773590285 19.897502980724624 0.8
    endloop
  endfacet
  facet normal -0.34611705549520244 -0.9381913365062219 2.408740481878505e-17
    outer loop
      vertex 26.16594790590846 19.676542287533696 0.8
      vertex 25.56700773590285 19.897502980724624 0.8
      vertex 25.56700773590285 19.897502980724624 0
    endloop
  endfacet
  facet normal -0.6190939472938174 -0.7853169324700443 0
    outer loop
      vertex 28.33486022075881 18.34743111151716 0
      vertex 28.33486022075881 18.34743111151716 0.8
      vertex 27.83351487751888 18.74265990981589 0
    endloop
  endfacet
  facet normal -0.6190939472938174 -0.7853169324700443 0
    outer loop
      vertex 27.83351487751888 18.74265990981589 0
      vertex 28.33486022075881 18.34743111151716 0.8
      vertex 27.83351487751888 18.74265990981589 0.8
    endloop
  endfacet
  facet normal -0.9992290362134326 -0.039259816453650356 0
    outer loop
      vertex 31.185 12.165 0
      vertex 31.185 12.165 0.8
      vertex 31.159936582472014 12.802906562051046 0
    endloop
  endfacet
  facet normal -0.9930684571427494 -0.1175373958709294 0
    outer loop
      vertex 31.159936582472014 12.802906562051046 0
      vertex 31.159936582472014 12.802906562051046 0.8
      vertex 31.08490085687326 13.436880215276842 0
    endloop
  endfacet
  facet normal -0.9807852798516353 -0.19509032478918426 0
    outer loop
      vertex 31.08490085687326 13.436880215276842 0
      vertex 31.08490085687326 13.436880215276842 0.8
      vertex 30.96035543849935 14.063012306379235 0
    endloop
  endfacet
  facet normal -0.9992290362134326 -0.039259816453650356 0
    outer loop
      vertex 31.159936582472014 12.802906562051046 0
      vertex 31.185 12.165 0.8
      vertex 31.159936582472014 12.802906562051046 0.8
    endloop
  endfacet
  facet normal -0.9930684571427494 -0.1175373958709294 0
    outer loop
      vertex 31.08490085687326 13.436880215276842 0
      vertex 31.159936582472014 12.802906562051046 0.8
      vertex 31.08490085687326 13.436880215276842 0.8
    endloop
  endfacet
  facet normal -0.9624552369954503 -0.2714404479439858 0
    outer loop
      vertex 30.96035543849935 14.063012306379235 0
      vertex 30.96035543849935 14.063012306379235 0.8
      vertex 30.78706819811593 14.677442518511544 0
    endloop
  endfacet
  facet normal -0.9381913365062219 -0.34611705549520244 0
    outer loop
      vertex 30.78706819811593 14.677442518511544 0
      vertex 30.78706819811593 14.677442518511544 0.8
      vertex 30.566107504925 15.276382688517156 0
    endloop
  endfacet
  facet normal -0.9807852798516353 -0.19509032478918426 -1.0871985993554359e-17
    outer loop
      vertex 31.08490085687326 13.436880215276842 0.8
      vertex 30.96035543849935 14.063012306379235 0.8
      vertex 30.96035543849935 14.063012306379235 0
    endloop
  endfacet
  facet normal -0.9624552369954503 -0.2714404479439858 0
    outer loop
      vertex 30.78706819811593 14.677442518511544 0
      vertex 30.96035543849935 14.063012306379235 0.8
      vertex 30.78706819811593 14.677442518511544 0.8
    endloop
  endfacet
  facet normal -0.9381913365062219 -0.34611705549520244 2.408740481878505e-17
    outer loop
      vertex 30.78706819811593 14.677442518511544 0.8
      vertex 30.566107504925 15.276382688517156 0.8
      vertex 30.566107504925 15.276382688517156 0
    endloop
  endfacet
  facet normal -0.9081431726374759 -0.4186597401135433 0
    outer loop
      vertex 30.566107504925 15.276382688517156 0
      vertex 30.566107504925 15.276382688517156 0.8
      vertex 30.29883565223735 15.856140150246413 0
    endloop
  endfacet
  facet normal -0.9081431726374759 -0.4186597401135433 0
    outer loop
      vertex 30.29883565223735 15.856140150246413 0
      vertex 30.566107504925 15.276382688517156 0.8
      vertex 30.29883565223735 15.856140150246413 0.8
    endloop
  endfacet
  facet normal -0.8155608689592604 -0.5786712961798055 0
    outer loop
      vertex 3.6872067616977744 4.3595294316662585 4.300000000000001
      vertex 3.6872067616977744 4.3595294316662585 1.6
      vertex 3.829970738570334 4.158322435910785 1.6
    endloop
  endfacet
  facet normal -0.875223421908754 -0.48371888710523914 0
    outer loop
      vertex 3.5678684906146776 4.575455773941371 4.300000000000001
      vertex 3.5678684906146776 4.575455773941371 1.6
      vertex 3.6872067616977744 4.3595294316662585 1.6
    endloop
  endfacet
  facet normal -0.5786712961798038 -0.8155608689592616 0
    outer loop
      vertex 4.37952943166626 3.667206761697774 4.300000000000001
      vertex 4.178322435910785 3.8099707385703336 1.6
      vertex 4.37952943166626 3.667206761697774 1.6
    endloop
  endfacet
  facet normal -0.27683551142484963 -0.9609173219450995 0
    outer loop
      vertex 5.060453945296109 3.385158593199987 4.300000000000001
      vertex 4.823386063698632 3.4534566733215906 1.6
      vertex 5.060453945296109 3.385158593199987 1.6
    endloop
  endfacet
  facet normal -0.48371888710524075 -0.8752234219087532 0
    outer loop
      vertex 4.595455773941372 3.547868490614677 4.300000000000001
      vertex 4.37952943166626 3.667206761697774 1.6
      vertex 4.595455773941372 3.547868490614677 1.6
    endloop
  endfacet
  facet normal -0.38268343236508934 -0.9238795325112868 0
    outer loop
      vertex 4.823386063698632 3.4534566733215906 4.300000000000001
      vertex 4.595455773941372 3.547868490614677 1.6
      vertex 4.823386063698632 3.4534566733215906 1.6
    endloop
  endfacet
  facet normal -0.7456421648831659 -0.6663465779520037 0
    outer loop
      vertex 3.829970738570334 4.158322435910785 4.300000000000001
      vertex 3.829970738570334 4.158322435910785 1.6
      vertex 3.994365081389595 3.9743650813895943 1.6
    endloop
  endfacet
  facet normal -0.6663465779520037 -0.7456421648831659 0
    outer loop
      vertex 4.178322435910785 3.8099707385703336 4.300000000000001
      vertex 3.994365081389595 3.9743650813895943 1.6
      vertex 4.178322435910785 3.8099707385703336 1.6
    endloop
  endfacet
  facet normal -0.9238795325112868 -0.38268343236508934 0
    outer loop
      vertex 3.473456673321591 4.803386063698632 4.300000000000001
      vertex 3.473456673321591 4.803386063698632 1.6
      vertex 3.5678684906146776 4.575455773941371 1.6
    endloop
  endfacet
  facet normal -0.9609173219450992 -0.27683551142485063 0
    outer loop
      vertex 3.4051585931999875 5.0404539452961075 4.300000000000001
      vertex 3.4051585931999875 5.0404539452961075 1.6
      vertex 3.473456673321591 4.803386063698632 1.6
    endloop
  endfacet
  facet normal -0.9858710185182359 -0.16750622330473544 0
    outer loop
      vertex 3.363833138234866 5.2836781525727226 4.300000000000001
      vertex 3.363833138234866 5.2836781525727226 1.6
      vertex 3.4051585931999875 5.0404539452961075 1.6
    endloop
  endfacet
  facet normal -0.9984268150178165 -0.056070447237191436 0
    outer loop
      vertex 3.3499999999999996 5.529999999999999 4.300000000000001
      vertex 3.3499999999999996 5.529999999999999 1.6
      vertex 3.363833138234866 5.2836781525727226 1.6
    endloop
  endfacet
  facet normal -0.9984268150178165 0.056070447237191436 0
    outer loop
      vertex 3.363833138234866 5.776321847427276 4.300000000000001
      vertex 3.363833138234866 5.776321847427276 1.6
      vertex 3.3499999999999996 5.529999999999999 1.6
    endloop
  endfacet
  facet normal -0.9858710185182359 0.16750622330473544 0
    outer loop
      vertex 3.4051585931999875 6.019546054703891 4.300000000000001
      vertex 3.4051585931999875 6.019546054703891 1.6
      vertex 3.363833138234866 5.776321847427276 1.6
    endloop
  endfacet
  facet normal -0.8155608689592604 -0.5786712961798055 0
    outer loop
      vertex 3.829970738570334 4.158322435910785 4.300000000000001
      vertex 3.6872067616977744 4.3595294316662585 4.300000000000001
      vertex 3.829970738570334 4.158322435910785 1.6
    endloop
  endfacet
  facet normal -0.875223421908754 -0.48371888710523914 0
    outer loop
      vertex 3.6872067616977744 4.3595294316662585 4.300000000000001
      vertex 3.5678684906146776 4.575455773941371 4.300000000000001
      vertex 3.6872067616977744 4.3595294316662585 1.6
    endloop
  endfacet
  facet normal -0.5786712961798038 -0.8155608689592616 2.5215533957149854e-18
    outer loop
      vertex 4.37952943166626 3.667206761697774 4.300000000000001
      vertex 4.178322435910785 3.8099707385703336 4.300000000000001
      vertex 4.178322435910785 3.8099707385703336 1.6
    endloop
  endfacet
  facet normal -0.38268343236508934 -0.9238795325112868 0
    outer loop
      vertex 4.595455773941372 3.547868490614677 4.300000000000001
      vertex 4.595455773941372 3.547868490614677 1.6
      vertex 4.823386063698632 3.4534566733215906 4.300000000000001
    endloop
  endfacet
  facet normal -0.48371888710524075 -0.8752234219087532 0
    outer loop
      vertex 4.37952943166626 3.667206761697774 4.300000000000001
      vertex 4.37952943166626 3.667206761697774 1.6
      vertex 4.595455773941372 3.547868490614677 4.300000000000001
    endloop
  endfacet
  facet normal -0.27683551142484963 -0.9609173219450995 0
    outer loop
      vertex 4.823386063698632 3.4534566733215906 4.300000000000001
      vertex 4.823386063698632 3.4534566733215906 1.6
      vertex 5.060453945296109 3.385158593199987 4.300000000000001
    endloop
  endfacet
  facet normal -0.6663465779520037 -0.7456421648831659 -5.605195826009076e-19
    outer loop
      vertex 4.178322435910785 3.8099707385703336 4.300000000000001
      vertex 3.994365081389595 3.9743650813895943 4.300000000000001
      vertex 3.994365081389595 3.9743650813895943 1.6
    endloop
  endfacet
  facet normal -0.7456421648831659 -0.6663465779520037 -5.605195826009076e-19
    outer loop
      vertex 3.829970738570334 4.158322435910785 4.300000000000001
      vertex 3.994365081389595 3.9743650813895943 1.6
      vertex 3.994365081389595 3.9743650813895943 4.300000000000001
    endloop
  endfacet
  facet normal -0.9609173219450992 -0.27683551142485063 0
    outer loop
      vertex 3.473456673321591 4.803386063698632 4.300000000000001
      vertex 3.4051585931999875 5.0404539452961075 4.300000000000001
      vertex 3.473456673321591 4.803386063698632 1.6
    endloop
  endfacet
  facet normal -0.9238795325112868 -0.38268343236508934 0
    outer loop
      vertex 3.5678684906146776 4.575455773941371 4.300000000000001
      vertex 3.473456673321591 4.803386063698632 4.300000000000001
      vertex 3.5678684906146776 4.575455773941371 1.6
    endloop
  endfacet
  facet normal -0.9858710185182359 -0.16750622330473544 0
    outer loop
      vertex 3.4051585931999875 5.0404539452961075 4.300000000000001
      vertex 3.363833138234866 5.2836781525727226 4.300000000000001
      vertex 3.4051585931999875 5.0404539452961075 1.6
    endloop
  endfacet
  facet normal -0.9984268150178165 -0.056070447237191436 0
    outer loop
      vertex 3.363833138234866 5.2836781525727226 4.300000000000001
      vertex 3.3499999999999996 5.529999999999999 4.300000000000001
      vertex 3.363833138234866 5.2836781525727226 1.6
    endloop
  endfacet
  facet normal -0.9984268150178165 0.056070447237191436 0
    outer loop
      vertex 3.3499999999999996 5.529999999999999 4.300000000000001
      vertex 3.363833138234866 5.776321847427276 4.300000000000001
      vertex 3.3499999999999996 5.529999999999999 1.6
    endloop
  endfacet
  facet normal -0.9858710185182359 0.16750622330473544 0
    outer loop
      vertex 3.363833138234866 5.776321847427276 4.300000000000001
      vertex 3.4051585931999875 6.019546054703891 4.300000000000001
      vertex 3.363833138234866 5.776321847427276 1.6
    endloop
  endfacet
  facet normal -0.1675062233047367 -0.9858710185182358 0
    outer loop
      vertex 5.303678152572722 3.3438331382348654 4.300000000000001
      vertex 5.060453945296109 3.385158593199987 1.6
      vertex 5.303678152572722 3.3438331382348654 1.6
    endloop
  endfacet
  facet normal -0.05607044723719125 -0.9984268150178166 0
    outer loop
      vertex 5.55 3.329999999999999 4.300000000000001
      vertex 5.303678152572722 3.3438331382348654 1.6
      vertex 5.55 3.329999999999999 1.6
    endloop
  endfacet
  facet normal 0.05607044723719125 -0.9984268150178166 0
    outer loop
      vertex 5.7963218474272775 3.3438331382348654 4.300000000000001
      vertex 5.55 3.329999999999999 1.6
      vertex 5.7963218474272775 3.3438331382348654 1.6
    endloop
  endfacet
  facet normal 0.1675062233047367 -0.9858710185182358 0
    outer loop
      vertex 6.039546054703891 3.385158593199987 4.300000000000001
      vertex 5.7963218474272775 3.3438331382348654 1.6
      vertex 6.039546054703891 3.385158593199987 1.6
    endloop
  endfacet
  facet normal 0.27683551142484963 -0.9609173219450995 0
    outer loop
      vertex 6.276613936301367 3.4534566733215906 4.300000000000001
      vertex 6.039546054703891 3.385158593199987 1.6
      vertex 6.276613936301367 3.4534566733215906 1.6
    endloop
  endfacet
  facet normal 0.38268343236508934 -0.9238795325112868 0
    outer loop
      vertex 6.504544226058628 3.547868490614677 4.300000000000001
      vertex 6.276613936301367 3.4534566733215906 1.6
      vertex 6.504544226058628 3.547868490614677 1.6
    endloop
  endfacet
  facet normal 0.48371888710523897 -0.8752234219087541 0
    outer loop
      vertex 6.720470568333742 3.6672067616977744 4.300000000000001
      vertex 6.504544226058628 3.547868490614677 1.6
      vertex 6.720470568333742 3.6672067616977744 1.6
    endloop
  endfacet
  facet normal 0.5786712961798077 -0.8155608689592587 0
    outer loop
      vertex 6.921677564089213 3.8099707385703336 4.300000000000001
      vertex 6.720470568333742 3.6672067616977744 1.6
      vertex 6.921677564089213 3.8099707385703336 1.6
    endloop
  endfacet
  facet normal 0.6663465779520019 -0.7456421648831675 0
    outer loop
      vertex 7.105634918610405 3.9743650813895943 4.300000000000001
      vertex 6.921677564089213 3.8099707385703336 1.6
      vertex 7.105634918610405 3.9743650813895943 1.6
    endloop
  endfacet
  facet normal 0.7456421648831675 -0.6663465779520019 0
    outer loop
      vertex 7.105634918610405 3.9743650813895943 4.300000000000001
      vertex 7.105634918610405 3.9743650813895943 1.6
      vertex 7.2700292614296655 4.158322435910786 1.6
    endloop
  endfacet
  facet normal 0.8155608689592599 -0.578671296179806 0
    outer loop
      vertex 7.2700292614296655 4.158322435910786 4.300000000000001
      vertex 7.2700292614296655 4.158322435910786 1.6
      vertex 7.412793238302225 4.3595294316662585 1.6
    endloop
  endfacet
  facet normal 0.8752234219087532 -0.4837188871052405 0
    outer loop
      vertex 7.412793238302225 4.3595294316662585 4.300000000000001
      vertex 7.412793238302225 4.3595294316662585 1.6
      vertex 7.532131509385322 4.575455773941371 1.6
    endloop
  endfacet
  facet normal 0.9238795325112868 -0.38268343236508934 0
    outer loop
      vertex 7.532131509385322 4.575455773941371 4.300000000000001
      vertex 7.532131509385322 4.575455773941371 1.6
      vertex 7.626543326678409 4.803386063698632 1.6
    endloop
  endfacet
  facet normal 0.960917321945099 -0.2768355114248513 0
    outer loop
      vertex 7.626543326678409 4.803386063698632 4.300000000000001
      vertex 7.626543326678409 4.803386063698632 1.6
      vertex 7.694841406800013 5.040453945296108 1.6
    endloop
  endfacet
  facet normal 0.9858710185182361 -0.16750622330473494 0
    outer loop
      vertex 7.694841406800013 5.040453945296108 4.300000000000001
      vertex 7.694841406800013 5.040453945296108 1.6
      vertex 7.736166861765134 5.283678152572722 1.6
    endloop
  endfacet
  facet normal 0.9984268150178166 -0.05607044723719125 0
    outer loop
      vertex 7.736166861765134 5.283678152572722 4.300000000000001
      vertex 7.736166861765134 5.283678152572722 1.6
      vertex 7.75 5.529999999999999 1.6
    endloop
  endfacet
  facet normal 0.9984268150178166 0.05607044723719125 0
    outer loop
      vertex 7.75 5.529999999999999 4.300000000000001
      vertex 7.75 5.529999999999999 1.6
      vertex 7.736166861765134 5.776321847427277 1.6
    endloop
  endfacet
  facet normal 0.9858710185182362 0.16750622330473433 0
    outer loop
      vertex 7.736166861765134 5.776321847427277 4.300000000000001
      vertex 7.736166861765134 5.776321847427277 1.6
      vertex 7.694841406800013 6.019546054703891 1.6
    endloop
  endfacet
  facet normal -0.1675062233047367 -0.9858710185182358 0
    outer loop
      vertex 5.060453945296109 3.385158593199987 4.300000000000001
      vertex 5.060453945296109 3.385158593199987 1.6
      vertex 5.303678152572722 3.3438331382348654 4.300000000000001
    endloop
  endfacet
  facet normal -0.05607044723719125 -0.9984268150178166 0
    outer loop
      vertex 5.303678152572722 3.3438331382348654 4.300000000000001
      vertex 5.303678152572722 3.3438331382348654 1.6
      vertex 5.55 3.329999999999999 4.300000000000001
    endloop
  endfacet
  facet normal 0.05607044723719125 -0.9984268150178166 0
    outer loop
      vertex 5.55 3.329999999999999 4.300000000000001
      vertex 5.55 3.329999999999999 1.6
      vertex 5.7963218474272775 3.3438331382348654 4.300000000000001
    endloop
  endfacet
  facet normal 0.1675062233047367 -0.9858710185182358 0
    outer loop
      vertex 5.7963218474272775 3.3438331382348654 4.300000000000001
      vertex 5.7963218474272775 3.3438331382348654 1.6
      vertex 6.039546054703891 3.385158593199987 4.300000000000001
    endloop
  endfacet
  facet normal 0.27683551142484963 -0.9609173219450995 0
    outer loop
      vertex 6.039546054703891 3.385158593199987 4.300000000000001
      vertex 6.039546054703891 3.385158593199987 1.6
      vertex 6.276613936301367 3.4534566733215906 4.300000000000001
    endloop
  endfacet
  facet normal 0.38268343236508934 -0.9238795325112868 0
    outer loop
      vertex 6.276613936301367 3.4534566733215906 4.300000000000001
      vertex 6.276613936301367 3.4534566733215906 1.6
      vertex 6.504544226058628 3.547868490614677 4.300000000000001
    endloop
  endfacet
  facet normal 0.48371888710523897 -0.8752234219087541 0
    outer loop
      vertex 6.504544226058628 3.547868490614677 4.300000000000001
      vertex 6.504544226058628 3.547868490614677 1.6
      vertex 6.720470568333742 3.6672067616977744 4.300000000000001
    endloop
  endfacet
  facet normal 0.5786712961798077 -0.8155608689592587 0
    outer loop
      vertex 6.720470568333742 3.6672067616977744 4.300000000000001
      vertex 6.720470568333742 3.6672067616977744 1.6
      vertex 6.921677564089213 3.8099707385703336 4.300000000000001
    endloop
  endfacet
  facet normal 0.6663465779520019 -0.7456421648831675 0
    outer loop
      vertex 6.921677564089213 3.8099707385703336 4.300000000000001
      vertex 6.921677564089213 3.8099707385703336 1.6
      vertex 7.105634918610405 3.9743650813895943 4.300000000000001
    endloop
  endfacet
  facet normal 0.7456421648831675 -0.6663465779520019 1.0029879015536514e-18
    outer loop
      vertex 7.105634918610405 3.9743650813895943 4.300000000000001
      vertex 7.2700292614296655 4.158322435910786 1.6
      vertex 7.2700292614296655 4.158322435910786 4.300000000000001
    endloop
  endfacet
  facet normal 0.8155608689592599 -0.578671296179806 -1.7384690239102305e-18
    outer loop
      vertex 7.2700292614296655 4.158322435910786 4.300000000000001
      vertex 7.412793238302225 4.3595294316662585 1.6
      vertex 7.412793238302225 4.3595294316662585 4.300000000000001
    endloop
  endfacet
  facet normal 0.8752234219087532 -0.4837188871052405 2.43860164268776e-18
    outer loop
      vertex 7.412793238302225 4.3595294316662585 4.300000000000001
      vertex 7.532131509385322 4.575455773941371 1.6
      vertex 7.532131509385322 4.575455773941371 4.300000000000001
    endloop
  endfacet
  facet normal 0.9238795325112868 -0.38268343236508934 -2.054179497052248e-18
    outer loop
      vertex 7.532131509385322 4.575455773941371 4.300000000000001
      vertex 7.626543326678409 4.803386063698632 1.6
      vertex 7.626543326678409 4.803386063698632 4.300000000000001
    endloop
  endfacet
  facet normal 0.960917321945099 -0.2768355114248513 2.160920000939731e-18
    outer loop
      vertex 7.626543326678409 4.803386063698632 4.300000000000001
      vertex 7.694841406800013 5.040453945296108 1.6
      vertex 7.694841406800013 5.040453945296108 4.300000000000001
    endloop
  endfacet
  facet normal 0.9858710185182361 -0.16750622330473494 1.3009276654512447e-18
    outer loop
      vertex 7.694841406800013 5.040453945296108 4.300000000000001
      vertex 7.736166861765134 5.283678152572722 1.6
      vertex 7.736166861765134 5.283678152572722 4.300000000000001
    endloop
  endfacet
  facet normal 0.9984268150178166 -0.05607044723719125 -2.95585944054734e-19
    outer loop
      vertex 7.736166861765134 5.283678152572722 4.300000000000001
      vertex 7.75 5.529999999999999 1.6
      vertex 7.75 5.529999999999999 4.300000000000001
    endloop
  endfacet
  facet normal 0.9984268150178166 0.05607044723719125 2.95585944054734e-19
    outer loop
      vertex 7.75 5.529999999999999 4.300000000000001
      vertex 7.736166861765134 5.776321847427277 1.6
      vertex 7.736166861765134 5.776321847427277 4.300000000000001
    endloop
  endfacet
  facet normal 0.9858710185182362 0.16750622330473433 8.901879755204245e-19
    outer loop
      vertex 7.736166861765134 5.776321847427277 4.300000000000001
      vertex 7.694841406800013 6.019546054703891 1.6
      vertex 7.694841406800013 6.019546054703891 4.300000000000001
    endloop
  endfacet
  facet normal -0.9609173219450992 0.27683551142485063 0
    outer loop
      vertex 3.473456673321591 6.256613936301367 4.300000000000001
      vertex 3.473456673321591 6.256613936301367 1.6
      vertex 3.4051585931999875 6.019546054703891 1.6
    endloop
  endfacet
  facet normal -0.9238795325112868 0.38268343236508934 0
    outer loop
      vertex 3.5678684906146776 6.4845442260586275 4.300000000000001
      vertex 3.5678684906146776 6.4845442260586275 1.6
      vertex 3.473456673321591 6.256613936301367 1.6
    endloop
  endfacet
  facet normal -0.875223421908754 0.48371888710523914 0
    outer loop
      vertex 3.6872067616977744 6.70047056833374 4.300000000000001
      vertex 3.6872067616977744 6.70047056833374 1.6
      vertex 3.5678684906146776 6.4845442260586275 1.6
    endloop
  endfacet
  facet normal -0.8155608689592604 0.5786712961798055 0
    outer loop
      vertex 3.829970738570334 6.901677564089214 4.300000000000001
      vertex 3.829970738570334 6.901677564089214 1.6
      vertex 3.6872067616977744 6.70047056833374 1.6
    endloop
  endfacet
  facet normal -0.7456421648831659 0.6663465779520037 0
    outer loop
      vertex 3.994365081389595 7.085634918610404 4.300000000000001
      vertex 3.994365081389595 7.085634918610404 1.6
      vertex 3.829970738570334 6.901677564089214 1.6
    endloop
  endfacet
  facet normal -0.6663465779520037 0.7456421648831659 0
    outer loop
      vertex 3.994365081389595 7.085634918610404 4.300000000000001
      vertex 4.178322435910785 7.250029261429665 1.6
      vertex 3.994365081389595 7.085634918610404 1.6
    endloop
  endfacet
  facet normal -0.578671296179805 0.8155608689592607 0
    outer loop
      vertex 4.178322435910785 7.250029261429665 4.300000000000001
      vertex 4.37952943166626 7.392793238302225 1.6
      vertex 4.178322435910785 7.250029261429665 1.6
    endloop
  endfacet
  facet normal -0.48371888710523775 0.8752234219087547 0
    outer loop
      vertex 4.37952943166626 7.392793238302225 4.300000000000001
      vertex 4.595455773941373 7.512131509385322 1.6
      vertex 4.37952943166626 7.392793238302225 1.6
    endloop
  endfacet
  facet normal -0.3826834323650906 0.9238795325112864 0
    outer loop
      vertex 4.595455773941373 7.512131509385322 4.300000000000001
      vertex 4.823386063698632 7.606543326678408 1.6
      vertex 4.595455773941373 7.512131509385322 1.6
    endloop
  endfacet
  facet normal -0.27683551142484897 0.9609173219450997 0
    outer loop
      vertex 4.823386063698632 7.606543326678408 4.300000000000001
      vertex 5.060453945296108 7.674841406800011 1.6
      vertex 4.823386063698632 7.606543326678408 1.6
    endloop
  endfacet
  facet normal -0.9609173219450992 0.27683551142485063 0
    outer loop
      vertex 3.4051585931999875 6.019546054703891 4.300000000000001
      vertex 3.473456673321591 6.256613936301367 4.300000000000001
      vertex 3.4051585931999875 6.019546054703891 1.6
    endloop
  endfacet
  facet normal -0.9238795325112868 0.38268343236508934 0
    outer loop
      vertex 3.473456673321591 6.256613936301367 4.300000000000001
      vertex 3.5678684906146776 6.4845442260586275 4.300000000000001
      vertex 3.473456673321591 6.256613936301367 1.6
    endloop
  endfacet
  facet normal -0.875223421908754 0.48371888710523914 0
    outer loop
      vertex 3.5678684906146776 6.4845442260586275 4.300000000000001
      vertex 3.6872067616977744 6.70047056833374 4.300000000000001
      vertex 3.5678684906146776 6.4845442260586275 1.6
    endloop
  endfacet
  facet normal -0.8155608689592604 0.5786712961798055 0
    outer loop
      vertex 3.6872067616977744 6.70047056833374 4.300000000000001
      vertex 3.829970738570334 6.901677564089214 4.300000000000001
      vertex 3.6872067616977744 6.70047056833374 1.6
    endloop
  endfacet
  facet normal -0.7456421648831659 0.6663465779520037 0
    outer loop
      vertex 3.829970738570334 6.901677564089214 4.300000000000001
      vertex 3.994365081389595 7.085634918610404 4.300000000000001
      vertex 3.829970738570334 6.901677564089214 1.6
    endloop
  endfacet
  facet normal -0.6663465779520037 0.7456421648831659 5.605195826009076e-19
    outer loop
      vertex 3.994365081389595 7.085634918610404 4.300000000000001
      vertex 4.178322435910785 7.250029261429665 4.300000000000001
      vertex 4.178322435910785 7.250029261429665 1.6
    endloop
  endfacet
  facet normal -0.578671296179805 0.8155608689592607 1.4082101498840289e-18
    outer loop
      vertex 4.178322435910785 7.250029261429665 4.300000000000001
      vertex 4.37952943166626 7.392793238302225 4.300000000000001
      vertex 4.37952943166626 7.392793238302225 1.6
    endloop
  endfacet
  facet normal -0.48371888710523775 0.8752234219087547 9.951086505911869e-19
    outer loop
      vertex 4.37952943166626 7.392793238302225 4.300000000000001
      vertex 4.595455773941373 7.512131509385322 4.300000000000001
      vertex 4.595455773941373 7.512131509385322 1.6
    endloop
  endfacet
  facet normal -0.3826834323650906 0.9238795325112864 2.271840541535848e-18
    outer loop
      vertex 4.595455773941373 7.512131509385322 4.300000000000001
      vertex 4.823386063698632 7.606543326678408 4.300000000000001
      vertex 4.823386063698632 7.606543326678408 1.6
    endloop
  endfacet
  facet normal -0.27683551142484897 0.9609173219450997 1.2562814223990032e-18
    outer loop
      vertex 4.823386063698632 7.606543326678408 4.300000000000001
      vertex 5.060453945296108 7.674841406800011 4.300000000000001
      vertex 5.060453945296108 7.674841406800011 1.6
    endloop
  endfacet
  facet normal 0.8752234219087532 0.4837188871052405 0
    outer loop
      vertex 7.532131509385322 6.4845442260586275 4.300000000000001
      vertex 7.532131509385322 6.4845442260586275 1.6
      vertex 7.412793238302225 6.70047056833374 1.6
    endloop
  endfacet
  facet normal 0.8155608689592599 0.578671296179806 0
    outer loop
      vertex 7.412793238302225 6.70047056833374 4.300000000000001
      vertex 7.412793238302225 6.70047056833374 1.6
      vertex 7.2700292614296655 6.901677564089213 1.6
    endloop
  endfacet
  facet normal 0.3826834323650906 0.9238795325112864 0
    outer loop
      vertex 6.276613936301367 7.606543326678408 4.300000000000001
      vertex 6.504544226058627 7.512131509385322 1.6
      vertex 6.276613936301367 7.606543326678408 1.6
    endloop
  endfacet
  facet normal 0.48371888710523897 0.8752234219087541 0
    outer loop
      vertex 6.504544226058627 7.512131509385322 4.300000000000001
      vertex 6.720470568333741 7.392793238302224 1.6
      vertex 6.504544226058627 7.512131509385322 1.6
    endloop
  endfacet
  facet normal 0.578671296179806 0.8155608689592599 0
    outer loop
      vertex 6.720470568333741 7.392793238302224 4.300000000000001
      vertex 6.921677564089213 7.250029261429665 1.6
      vertex 6.720470568333741 7.392793238302224 1.6
    endloop
  endfacet
  facet normal 0.7456421648831675 0.6663465779520019 0
    outer loop
      vertex 7.2700292614296655 6.901677564089213 4.300000000000001
      vertex 7.2700292614296655 6.901677564089213 1.6
      vertex 7.105634918610405 7.085634918610404 1.6
    endloop
  endfacet
  facet normal 0.6663465779520019 0.7456421648831675 0
    outer loop
      vertex 6.921677564089213 7.250029261429665 4.300000000000001
      vertex 7.105634918610405 7.085634918610404 1.6
      vertex 6.921677564089213 7.250029261429665 1.6
    endloop
  endfacet
  facet normal -0.16750622330473786 0.9858710185182357 0
    outer loop
      vertex 5.060453945296108 7.674841406800011 4.300000000000001
      vertex 5.303678152572722 7.716166861765133 1.6
      vertex 5.060453945296108 7.674841406800011 1.6
    endloop
  endfacet
  facet normal -0.05607044723719125 0.9984268150178166 0
    outer loop
      vertex 5.303678152572722 7.716166861765133 4.300000000000001
      vertex 5.55 7.7299999999999995 1.6
      vertex 5.303678152572722 7.716166861765133 1.6
    endloop
  endfacet
  facet normal 0.05607044723719125 0.9984268150178166 0
    outer loop
      vertex 5.55 7.7299999999999995 4.300000000000001
      vertex 5.7963218474272775 7.716166861765133 1.6
      vertex 5.55 7.7299999999999995 1.6
    endloop
  endfacet
  facet normal 0.16750622330473786 0.9858710185182357 0
    outer loop
      vertex 5.7963218474272775 7.716166861765133 4.300000000000001
      vertex 6.039546054703892 7.674841406800011 1.6
      vertex 5.7963218474272775 7.716166861765133 1.6
    endloop
  endfacet
  facet normal 0.27683551142484897 0.9609173219450997 0
    outer loop
      vertex 6.039546054703892 7.674841406800011 4.300000000000001
      vertex 6.276613936301367 7.606543326678408 1.6
      vertex 6.039546054703892 7.674841406800011 1.6
    endloop
  endfacet
  facet normal 0.9609173219450987 0.27683551142485224 0
    outer loop
      vertex 7.694841406800013 6.019546054703891 4.300000000000001
      vertex 7.694841406800013 6.019546054703891 1.6
      vertex 7.626543326678409 6.256613936301367 1.6
    endloop
  endfacet
  facet normal 0.9238795325112868 0.38268343236508934 0
    outer loop
      vertex 7.626543326678409 6.256613936301367 4.300000000000001
      vertex 7.626543326678409 6.256613936301367 1.6
      vertex 7.532131509385322 6.4845442260586275 1.6
    endloop
  endfacet
  facet normal 0.9238795325112868 0.38268343236508934 0
    outer loop
      vertex 7.532131509385322 6.4845442260586275 4.300000000000001
      vertex 7.626543326678409 6.256613936301367 4.300000000000001
      vertex 7.532131509385322 6.4845442260586275 1.6
    endloop
  endfacet
  facet normal 0.8752234219087532 0.4837188871052405 -2.43860164268776e-18
    outer loop
      vertex 7.532131509385322 6.4845442260586275 4.300000000000001
      vertex 7.412793238302225 6.70047056833374 1.6
      vertex 7.412793238302225 6.70047056833374 4.300000000000001
    endloop
  endfacet
  facet normal 0.8155608689592599 0.578671296179806 0
    outer loop
      vertex 7.2700292614296655 6.901677564089213 4.300000000000001
      vertex 7.412793238302225 6.70047056833374 4.300000000000001
      vertex 7.2700292614296655 6.901677564089213 1.6
    endloop
  endfacet
  facet normal 0.3826834323650906 0.9238795325112864 -2.271840541535848e-18
    outer loop
      vertex 6.276613936301367 7.606543326678408 4.300000000000001
      vertex 6.504544226058627 7.512131509385322 4.300000000000001
      vertex 6.504544226058627 7.512131509385322 1.6
    endloop
  endfacet
  facet normal 0.578671296179806 0.8155608689592599 1.7384690239102305e-18
    outer loop
      vertex 6.720470568333741 7.392793238302224 4.300000000000001
      vertex 6.921677564089213 7.250029261429665 4.300000000000001
      vertex 6.921677564089213 7.250029261429665 1.6
    endloop
  endfacet
  facet normal 0.48371888710523897 0.8752234219087541 -9.79036970475382e-20
    outer loop
      vertex 6.504544226058627 7.512131509385322 4.300000000000001
      vertex 6.720470568333741 7.392793238302224 4.300000000000001
      vertex 6.720470568333741 7.392793238302224 1.6
    endloop
  endfacet
  facet normal 0.7456421648831675 0.6663465779520019 -1.0029879015536514e-18
    outer loop
      vertex 7.2700292614296655 6.901677564089213 4.300000000000001
      vertex 7.105634918610405 7.085634918610404 1.6
      vertex 7.105634918610405 7.085634918610404 4.300000000000001
    endloop
  endfacet
  facet normal 0.6663465779520019 0.7456421648831675 0
    outer loop
      vertex 7.105634918610405 7.085634918610404 4.300000000000001
      vertex 7.105634918610405 7.085634918610404 1.6
      vertex 6.921677564089213 7.250029261429665 4.300000000000001
    endloop
  endfacet
  facet normal -0.16750622330473786 0.9858710185182357 4.92123466238441e-19
    outer loop
      vertex 5.060453945296108 7.674841406800011 4.300000000000001
      vertex 5.303678152572722 7.716166861765133 4.300000000000001
      vertex 5.303678152572722 7.716166861765133 1.6
    endloop
  endfacet
  facet normal -0.05607044723719125 0.9984268150178166 -2.95585944054734e-19
    outer loop
      vertex 5.303678152572722 7.716166861765133 4.300000000000001
      vertex 5.55 7.7299999999999995 4.300000000000001
      vertex 5.55 7.7299999999999995 1.6
    endloop
  endfacet
  facet normal 0.05607044723719125 0.9984268150178166 2.95585944054734e-19
    outer loop
      vertex 5.55 7.7299999999999995 4.300000000000001
      vertex 5.7963218474272775 7.716166861765133 4.300000000000001
      vertex 5.7963218474272775 7.716166861765133 1.6
    endloop
  endfacet
  facet normal 0.16750622330473786 0.9858710185182357 -4.92123466238441e-19
    outer loop
      vertex 5.7963218474272775 7.716166861765133 4.300000000000001
      vertex 6.039546054703892 7.674841406800011 4.300000000000001
      vertex 6.039546054703892 7.674841406800011 1.6
    endloop
  endfacet
  facet normal 0.27683551142484897 0.9609173219450997 -1.2562814223990032e-18
    outer loop
      vertex 6.039546054703892 7.674841406800011 4.300000000000001
      vertex 6.276613936301367 7.606543326678408 4.300000000000001
      vertex 6.276613936301367 7.606543326678408 1.6
    endloop
  endfacet
  facet normal 0.9609173219450987 0.27683551142485224 3.615841638790395e-19
    outer loop
      vertex 7.694841406800013 6.019546054703891 4.300000000000001
      vertex 7.626543326678409 6.256613936301367 1.6
      vertex 7.626543326678409 6.256613936301367 4.300000000000001
    endloop
  endfacet
  facet normal 0 0 1
    outer loop
      vertex 4.595455773941372 3.547868490614677 4.300000000000001
      vertex 4.823386063698632 3.4534566733215906 4.300000000000001
      vertex 4.700505002722469 5.232748844240349 4.300000000000001
    endloop
  endfacet
  facet normal 0 0 1
    outer loop
      vertex 4.823386063698632 3.4534566733215906 4.300000000000001
      vertex 5.060453945296109 3.385158593199987 4.300000000000001
      vertex 4.913603896932107 4.893603896932106 4.300000000000001
    endloop
  endfacet
  facet normal 0 0 1
    outer loop
      vertex 5.060453945296109 3.385158593199987 4.300000000000001
      vertex 4.988859178327139 4.826351665778772 4.300000000000001
      vertex 4.913603896932107 4.893603896932106 4.300000000000001
    endloop
  endfacet
  facet normal 0 0 1
    outer loop
      vertex 5.060453945296109 3.385158593199987 4.300000000000001
      vertex 5.071171131136197 4.767948220694543 4.300000000000001
      vertex 4.988859178327139 4.826351665778772 4.300000000000001
    endloop
  endfacet
  facet normal 0 0 1
    outer loop
      vertex 4.823386063698632 3.4534566733215906 4.300000000000001
      vertex 4.913603896932107 4.893603896932106 4.300000000000001
      vertex 4.846351665778773 4.968859178327139 4.300000000000001
    endloop
  endfacet
  facet normal 0 0 1
    outer loop
      vertex 4.823386063698632 3.4534566733215906 4.300000000000001
      vertex 4.787948220694544 5.051171131136196 4.300000000000001
      vertex 4.739128018887823 5.139504634794197 4.300000000000001
    endloop
  endfacet
  facet normal 0 0 1
    outer loop
      vertex 4.823386063698632 3.4534566733215906 4.300000000000001
      vertex 4.846351665778773 4.968859178327139 4.300000000000001
      vertex 4.787948220694544 5.051171131136196 4.300000000000001
    endloop
  endfacet
  facet normal 0 0 1
    outer loop
      vertex 3.473456673321591 4.803386063698632 4.300000000000001
      vertex 3.4051585931999875 6.019546054703891 4.300000000000001
      vertex 3.4051585931999875 5.0404539452961075 4.300000000000001
    endloop
  endfacet
  facet normal 0 0 1
    outer loop
      vertex 3.829970738570334 4.158322435910785 4.300000000000001
      vertex 3.6872067616977744 6.70047056833374 4.300000000000001
      vertex 3.6872067616977744 4.3595294316662585 4.300000000000001
    endloop
  endfacet
  facet normal 0 0 1
    outer loop
      vertex 3.5678684906146776 4.575455773941371 4.300000000000001
      vertex 3.473456673321591 6.256613936301367 4.300000000000001
      vertex 3.473456673321591 4.803386063698632 4.300000000000001
    endloop
  endfacet
  facet normal 0 0 1
    outer loop
      vertex 3.6872067616977744 4.3595294316662585 4.300000000000001
      vertex 3.5678684906146776 6.4845442260586275 4.300000000000001
      vertex 3.5678684906146776 4.575455773941371 4.300000000000001
    endloop
  endfacet
  facet normal 0 0 1
    outer loop
      vertex 3.4051585931999875 5.0404539452961075 4.300000000000001
      vertex 3.363833138234866 5.776321847427276 4.300000000000001
      vertex 3.363833138234866 5.2836781525727226 4.300000000000001
    endloop
  endfacet
  facet normal 0 0 1
    outer loop
      vertex 3.363833138234866 5.2836781525727226 4.300000000000001
      vertex 3.363833138234866 5.776321847427276 4.300000000000001
      vertex 3.3499999999999996 5.529999999999999 4.300000000000001
    endloop
  endfacet
  facet normal 0 0 1
    outer loop
      vertex 3.4051585931999875 5.0404539452961075 4.300000000000001
      vertex 3.4051585931999875 6.019546054703891 4.300000000000001
      vertex 3.363833138234866 5.776321847427276 4.300000000000001
    endloop
  endfacet
  facet normal 0 0 1
    outer loop
      vertex 3.473456673321591 4.803386063698632 4.300000000000001
      vertex 3.473456673321591 6.256613936301367 4.300000000000001
      vertex 3.4051585931999875 6.019546054703891 4.300000000000001
    endloop
  endfacet
  facet normal 0 0 1
    outer loop
      vertex 3.5678684906146776 4.575455773941371 4.300000000000001
      vertex 3.5678684906146776 6.4845442260586275 4.300000000000001
      vertex 3.473456673321591 6.256613936301367 4.300000000000001
    endloop
  endfacet
  facet normal 0 0 1
    outer loop
      vertex 3.6872067616977744 4.3595294316662585 4.300000000000001
      vertex 3.6872067616977744 6.70047056833374 4.300000000000001
      vertex 3.5678684906146776 6.4845442260586275 4.300000000000001
    endloop
  endfacet
  facet normal 0 0 1
    outer loop
      vertex 3.829970738570334 4.158322435910785 4.300000000000001
      vertex 3.829970738570334 6.901677564089214 4.300000000000001
      vertex 3.6872067616977744 6.70047056833374 4.300000000000001
    endloop
  endfacet
  facet normal 0 0 1
    outer loop
      vertex 4.37952943166626 3.667206761697774 4.300000000000001
      vertex 4.178322435910785 7.250029261429665 4.300000000000001
      vertex 4.178322435910785 3.8099707385703336 4.300000000000001
    endloop
  endfacet
  facet normal 0 0 1
    outer loop
      vertex 3.829970738570334 4.158322435910785 4.300000000000001
      vertex 3.994365081389595 3.9743650813895943 4.300000000000001
      vertex 3.829970738570334 6.901677564089214 4.300000000000001
    endloop
  endfacet
  facet normal 0 0 1
    outer loop
      vertex 4.178322435910785 3.8099707385703336 4.300000000000001
      vertex 3.994365081389595 7.085634918610404 4.300000000000001
      vertex 3.994365081389595 3.9743650813895943 4.300000000000001
    endloop
  endfacet
  facet normal 0 0 1
    outer loop
      vertex 4.595455773941372 3.547868490614677 4.300000000000001
      vertex 4.700505002722469 5.232748844240349 4.300000000000001
      vertex 4.672564879036359 5.329731159439317 4.300000000000001
    endloop
  endfacet
  facet normal 0 0 1
    outer loop
      vertex 4.37952943166626 3.667206761697774 4.300000000000001
      vertex 4.595455773941372 3.547868490614677 4.300000000000001
      vertex 4.37952943166626 7.392793238302225 4.300000000000001
    endloop
  endfacet
  facet normal 0 0 1
    outer loop
      vertex 4.595455773941372 3.547868490614677 4.300000000000001
      vertex 4.672564879036359 5.329731159439317 4.300000000000001
      vertex 4.655659011096081 5.429231971507022 4.300000000000001
    endloop
  endfacet
  facet normal 0 0 1
    outer loop
      vertex 4.595455773941372 3.547868490614677 4.300000000000001
      vertex 4.655659011096081 5.429231971507022 4.300000000000001
      vertex 4.6499999999999995 5.529999999999999 4.300000000000001
    endloop
  endfacet
  facet normal 0 0 1
    outer loop
      vertex 4.823386063698632 3.4534566733215906 4.300000000000001
      vertex 4.739128018887823 5.139504634794197 4.300000000000001
      vertex 4.700505002722469 5.232748844240349 4.300000000000001
    endloop
  endfacet
  facet normal 0 0 1
    outer loop
      vertex 3.994365081389595 3.9743650813895943 4.300000000000001
      vertex 3.994365081389595 7.085634918610404 4.300000000000001
      vertex 3.829970738570334 6.901677564089214 4.300000000000001
    endloop
  endfacet
  facet normal 0 0 1
    outer loop
      vertex 4.178322435910785 3.8099707385703336 4.300000000000001
      vertex 4.178322435910785 7.250029261429665 4.300000000000001
      vertex 3.994365081389595 7.085634918610404 4.300000000000001
    endloop
  endfacet
  facet normal 0 0 1
    outer loop
      vertex 4.595455773941372 3.547868490614677 4.300000000000001
      vertex 4.6499999999999995 5.529999999999999 4.300000000000001
      vertex 4.595455773941373 7.512131509385322 4.300000000000001
    endloop
  endfacet
  facet normal 0 0 1
    outer loop
      vertex 5.303678152572722 3.3438331382348654 4.300000000000001
      vertex 5.55 3.329999999999999 4.300000000000001
      vertex 5.4492319715070225 4.635659011096081 4.300000000000001
    endloop
  endfacet
  facet normal 0 0 1
    outer loop
      vertex 5.55 3.329999999999999 4.300000000000001
      vertex 5.7963218474272775 3.3438331382348654 4.300000000000001
      vertex 5.650768028492977 4.635659011096081 4.300000000000001
    endloop
  endfacet
  facet normal 0 0 1
    outer loop
      vertex 5.7963218474272775 3.3438331382348654 4.300000000000001
      vertex 6.039546054703891 3.385158593199987 4.300000000000001
      vertex 5.7502688405606825 4.652564879036358 4.300000000000001
    endloop
  endfacet
  facet normal 0 0 1
    outer loop
      vertex 5.060453945296109 3.385158593199987 4.300000000000001
      vertex 5.303678152572722 3.3438331382348654 4.300000000000001
      vertex 5.159504634794198 4.719128018887822 4.300000000000001
    endloop
  endfacet
  facet normal 0 0 1
    outer loop
      vertex 5.060453945296109 3.385158593199987 4.300000000000001
      vertex 5.159504634794198 4.719128018887822 4.300000000000001
      vertex 5.071171131136197 4.767948220694543 4.300000000000001
    endloop
  endfacet
  facet normal 0 0 1
    outer loop
      vertex 5.303678152572722 3.3438331382348654 4.300000000000001
      vertex 5.252748844240349 4.680505002722469 4.300000000000001
      vertex 5.159504634794198 4.719128018887822 4.300000000000001
    endloop
  endfacet
  facet normal 0 0 1
    outer loop
      vertex 5.303678152572722 3.3438331382348654 4.300000000000001
      vertex 5.349731159439317 4.652564879036358 4.300000000000001
      vertex 5.252748844240349 4.680505002722469 4.300000000000001
    endloop
  endfacet
  facet normal 0 0 1
    outer loop
      vertex 5.303678152572722 3.3438331382348654 4.300000000000001
      vertex 5.4492319715070225 4.635659011096081 4.300000000000001
      vertex 5.349731159439317 4.652564879036358 4.300000000000001
    endloop
  endfacet
  facet normal 0 0 1
    outer loop
      vertex 5.4492319715070225 4.635659011096081 4.300000000000001
      vertex 5.55 3.329999999999999 4.300000000000001
      vertex 5.55 4.629999999999999 4.300000000000001
    endloop
  endfacet
  facet normal 0 0 1
    outer loop
      vertex 5.55 3.329999999999999 4.300000000000001
      vertex 5.650768028492977 4.635659011096081 4.300000000000001
      vertex 5.55 4.629999999999999 4.300000000000001
    endloop
  endfacet
  facet normal 0 0 1
    outer loop
      vertex 6.039546054703891 3.385158593199987 4.300000000000001
      vertex 6.276613936301367 3.4534566733215906 4.300000000000001
      vertex 6.028828868863803 4.767948220694544 4.300000000000001
    endloop
  endfacet
  facet normal 0 0 1
    outer loop
      vertex 5.7963218474272775 3.3438331382348654 4.300000000000001
      vertex 5.7502688405606825 4.652564879036358 4.300000000000001
      vertex 5.650768028492977 4.635659011096081 4.300000000000001
    endloop
  endfacet
  facet normal 0 0 1
    outer loop
      vertex 6.039546054703891 3.385158593199987 4.300000000000001
      vertex 5.8472511557596505 4.680505002722469 4.300000000000001
      vertex 5.7502688405606825 4.652564879036358 4.300000000000001
    endloop
  endfacet
  facet normal 0 0 1
    outer loop
      vertex 6.039546054703891 3.385158593199987 4.300000000000001
      vertex 5.940495365205802 4.719128018887822 4.300000000000001
      vertex 5.8472511557596505 4.680505002722469 4.300000000000001
    endloop
  endfacet
  facet normal 0 0 1
    outer loop
      vertex 6.039546054703891 3.385158593199987 4.300000000000001
      vertex 6.028828868863803 4.767948220694544 4.300000000000001
      vertex 5.940495365205802 4.719128018887822 4.300000000000001
    endloop
  endfacet
  facet normal 0 0 1
    outer loop
      vertex 6.276613936301367 3.4534566733215906 4.300000000000001
      vertex 6.11114082167286 4.826351665778772 4.300000000000001
      vertex 6.028828868863803 4.767948220694544 4.300000000000001
    endloop
  endfacet
  facet normal 0 0 1
    outer loop
      vertex 6.276613936301367 3.4534566733215906 4.300000000000001
      vertex 6.186396103067892 4.893603896932106 4.300000000000001
      vertex 6.11114082167286 4.826351665778772 4.300000000000001
    endloop
  endfacet
  facet normal 0 0 1
    outer loop
      vertex 6.276613936301367 3.4534566733215906 4.300000000000001
      vertex 6.253648334221227 4.968859178327139 4.300000000000001
      vertex 6.186396103067892 4.893603896932106 4.300000000000001
    endloop
  endfacet
  facet normal 0 0 1
    outer loop
      vertex 6.276613936301367 3.4534566733215906 4.300000000000001
      vertex 6.504544226058628 3.547868490614677 4.300000000000001
      vertex 6.253648334221227 4.968859178327139 4.300000000000001
    endloop
  endfacet
  facet normal 0 0 1
    outer loop
      vertex 6.504544226058628 3.547868490614677 4.300000000000001
      vertex 6.312051779305455 5.051171131136196 4.300000000000001
      vertex 6.253648334221227 4.968859178327139 4.300000000000001
    endloop
  endfacet
  facet normal 0 0 1
    outer loop
      vertex 6.504544226058628 3.547868490614677 4.300000000000001
      vertex 6.360871981112177 5.139504634794197 4.300000000000001
      vertex 6.312051779305455 5.051171131136196 4.300000000000001
    endloop
  endfacet
  facet normal 0 0 1
    outer loop
      vertex 6.504544226058628 3.547868490614677 4.300000000000001
      vertex 6.399494997277531 5.232748844240349 4.300000000000001
      vertex 6.360871981112177 5.139504634794197 4.300000000000001
    endloop
  endfacet
  facet normal 0 0 1
    outer loop
      vertex 6.504544226058628 3.547868490614677 4.300000000000001
      vertex 6.427435120963641 5.329731159439317 4.300000000000001
      vertex 6.399494997277531 5.232748844240349 4.300000000000001
    endloop
  endfacet
  facet normal 0 0 1
    outer loop
      vertex 6.504544226058628 3.547868490614677 4.300000000000001
      vertex 6.444340988903918 5.429231971507022 4.300000000000001
      vertex 6.427435120963641 5.329731159439317 4.300000000000001
    endloop
  endfacet
  facet normal 0 0 1
    outer loop
      vertex 6.504544226058628 3.547868490614677 4.300000000000001
      vertex 6.45 5.529999999999999 4.300000000000001
      vertex 6.444340988903918 5.429231971507022 4.300000000000001
    endloop
  endfacet
  facet normal 0 0 1
    outer loop
      vertex 6.504544226058628 3.547868490614677 4.300000000000001
      vertex 6.720470568333742 3.6672067616977744 4.300000000000001
      vertex 6.504544226058627 7.512131509385322 4.300000000000001
    endloop
  endfacet
  facet normal 0 0 1
    outer loop
      vertex 6.720470568333742 3.6672067616977744 4.300000000000001
      vertex 6.921677564089213 3.8099707385703336 4.300000000000001
      vertex 6.720470568333741 7.392793238302224 4.300000000000001
    endloop
  endfacet
  facet normal 0 0 1
    outer loop
      vertex 6.921677564089213 3.8099707385703336 4.300000000000001
      vertex 7.105634918610405 3.9743650813895943 4.300000000000001
      vertex 6.921677564089213 7.250029261429665 4.300000000000001
    endloop
  endfacet
  facet normal 0 0 1
    outer loop
      vertex 7.105634918610405 3.9743650813895943 4.300000000000001
      vertex 7.2700292614296655 4.158322435910786 4.300000000000001
      vertex 7.105634918610405 7.085634918610404 4.300000000000001
    endloop
  endfacet
  facet normal 0 0 1
    outer loop
      vertex 7.2700292614296655 4.158322435910786 4.300000000000001
      vertex 7.412793238302225 4.3595294316662585 4.300000000000001
      vertex 7.2700292614296655 6.901677564089213 4.300000000000001
    endloop
  endfacet
  facet normal 0 0 1
    outer loop
      vertex 7.412793238302225 4.3595294316662585 4.300000000000001
      vertex 7.532131509385322 4.575455773941371 4.300000000000001
      vertex 7.412793238302225 6.70047056833374 4.300000000000001
    endloop
  endfacet
  facet normal 0 0 1
    outer loop
      vertex 7.532131509385322 4.575455773941371 4.300000000000001
      vertex 7.626543326678409 4.803386063698632 4.300000000000001
      vertex 7.532131509385322 6.4845442260586275 4.300000000000001
    endloop
  endfacet
  facet normal 0 0 1
    outer loop
      vertex 6.504544226058628 3.547868490614677 4.300000000000001
      vertex 6.504544226058627 7.512131509385322 4.300000000000001
      vertex 6.45 5.529999999999999 4.300000000000001
    endloop
  endfacet
  facet normal 0 0 1
    outer loop
      vertex 7.2700292614296655 4.158322435910786 4.300000000000001
      vertex 7.2700292614296655 6.901677564089213 4.300000000000001
      vertex 7.105634918610405 7.085634918610404 4.300000000000001
    endloop
  endfacet
  facet normal 0 0 1
    outer loop
      vertex 7.412793238302225 4.3595294316662585 4.300000000000001
      vertex 7.412793238302225 6.70047056833374 4.300000000000001
      vertex 7.2700292614296655 6.901677564089213 4.300000000000001
    endloop
  endfacet
  facet normal 0 0 1
    outer loop
      vertex 7.532131509385322 4.575455773941371 4.300000000000001
      vertex 7.532131509385322 6.4845442260586275 4.300000000000001
      vertex 7.412793238302225 6.70047056833374 4.300000000000001
    endloop
  endfacet
  facet normal 0 0 1
    outer loop
      vertex 7.626543326678409 4.803386063698632 4.300000000000001
      vertex 7.694841406800013 5.040453945296108 4.300000000000001
      vertex 7.626543326678409 6.256613936301367 4.300000000000001
    endloop
  endfacet
  facet normal 0 0 1
    outer loop
      vertex 7.694841406800013 5.040453945296108 4.300000000000001
      vertex 7.736166861765134 5.283678152572722 4.300000000000001
      vertex 7.694841406800013 6.019546054703891 4.300000000000001
    endloop
  endfacet
  facet normal 0 0 1
    outer loop
      vertex 7.736166861765134 5.283678152572722 4.300000000000001
      vertex 7.736166861765134 5.776321847427277 4.300000000000001
      vertex 7.694841406800013 6.019546054703891 4.300000000000001
    endloop
  endfacet
  facet normal 0 0 1
    outer loop
      vertex 7.736166861765134 5.283678152572722 4.300000000000001
      vertex 7.75 5.529999999999999 4.300000000000001
      vertex 7.736166861765134 5.776321847427277 4.300000000000001
    endloop
  endfacet
  facet normal 0 0 1
    outer loop
      vertex 7.694841406800013 5.040453945296108 4.300000000000001
      vertex 7.694841406800013 6.019546054703891 4.300000000000001
      vertex 7.626543326678409 6.256613936301367 4.300000000000001
    endloop
  endfacet
  facet normal 0 0 1
    outer loop
      vertex 7.532131509385322 6.4845442260586275 4.300000000000001
      vertex 7.626543326678409 4.803386063698632 4.300000000000001
      vertex 7.626543326678409 6.256613936301367 4.300000000000001
    endloop
  endfacet
  facet normal 0 0 1
    outer loop
      vertex 4.37952943166626 3.667206761697774 4.300000000000001
      vertex 4.37952943166626 7.392793238302225 4.300000000000001
      vertex 4.178322435910785 7.250029261429665 4.300000000000001
    endloop
  endfacet
  facet normal 0 0 1
    outer loop
      vertex 4.595455773941372 3.547868490614677 4.300000000000001
      vertex 4.595455773941373 7.512131509385322 4.300000000000001
      vertex 4.37952943166626 7.392793238302225 4.300000000000001
    endloop
  endfacet
  facet normal 0 0 1
    outer loop
      vertex 4.6499999999999995 5.529999999999999 4.300000000000001
      vertex 4.655659011096081 5.630768028492977 4.300000000000001
      vertex 4.595455773941373 7.512131509385322 4.300000000000001
    endloop
  endfacet
  facet normal 0 0 1
    outer loop
      vertex 4.655659011096081 5.630768028492977 4.300000000000001
      vertex 4.672564879036359 5.730268840560682 4.300000000000001
      vertex 4.595455773941373 7.512131509385322 4.300000000000001
    endloop
  endfacet
  facet normal 0 0 1
    outer loop
      vertex 4.672564879036359 5.730268840560682 4.300000000000001
      vertex 4.700505002722469 5.82725115575965 4.300000000000001
      vertex 4.595455773941373 7.512131509385322 4.300000000000001
    endloop
  endfacet
  facet normal 0 0 1
    outer loop
      vertex 4.700505002722469 5.82725115575965 4.300000000000001
      vertex 4.739128018887823 5.920495365205801 4.300000000000001
      vertex 4.595455773941373 7.512131509385322 4.300000000000001
    endloop
  endfacet
  facet normal 0 0 1
    outer loop
      vertex 4.739128018887823 5.920495365205801 4.300000000000001
      vertex 4.787948220694544 6.0088288688638025 4.300000000000001
      vertex 4.595455773941373 7.512131509385322 4.300000000000001
    endloop
  endfacet
  facet normal 0 0 1
    outer loop
      vertex 4.787948220694544 6.0088288688638025 4.300000000000001
      vertex 4.846351665778773 6.09114082167286 4.300000000000001
      vertex 4.595455773941373 7.512131509385322 4.300000000000001
    endloop
  endfacet
  facet normal 0 0 1
    outer loop
      vertex 4.846351665778773 6.09114082167286 4.300000000000001
      vertex 4.913603896932107 6.166396103067893 4.300000000000001
      vertex 4.823386063698632 7.606543326678408 4.300000000000001
    endloop
  endfacet
  facet normal 0 0 1
    outer loop
      vertex 4.913603896932107 6.166396103067893 4.300000000000001
      vertex 4.988859178327139 6.233648334221226 4.300000000000001
      vertex 4.823386063698632 7.606543326678408 4.300000000000001
    endloop
  endfacet
  facet normal 0 0 1
    outer loop
      vertex 4.988859178327139 6.233648334221226 4.300000000000001
      vertex 5.071171131136197 6.292051779305456 4.300000000000001
      vertex 4.823386063698632 7.606543326678408 4.300000000000001
    endloop
  endfacet
  facet normal 0 0 1
    outer loop
      vertex 4.846351665778773 6.09114082167286 4.300000000000001
      vertex 4.823386063698632 7.606543326678408 4.300000000000001
      vertex 4.595455773941373 7.512131509385322 4.300000000000001
    endloop
  endfacet
  facet normal 0 0 1
    outer loop
      vertex 5.071171131136197 6.292051779305456 4.300000000000001
      vertex 5.060453945296108 7.674841406800011 4.300000000000001
      vertex 4.823386063698632 7.606543326678408 4.300000000000001
    endloop
  endfacet
  facet normal 0 0 1
    outer loop
      vertex 5.071171131136197 6.292051779305456 4.300000000000001
      vertex 5.159504634794198 6.340871981112176 4.300000000000001
      vertex 5.060453945296108 7.674841406800011 4.300000000000001
    endloop
  endfacet
  facet normal 0 0 1
    outer loop
      vertex 5.159504634794198 6.340871981112176 4.300000000000001
      vertex 5.252748844240349 6.37949499727753 4.300000000000001
      vertex 5.060453945296108 7.674841406800011 4.300000000000001
    endloop
  endfacet
  facet normal 0 0 1
    outer loop
      vertex 5.252748844240349 6.37949499727753 4.300000000000001
      vertex 5.349731159439317 6.40743512096364 4.300000000000001
      vertex 5.060453945296108 7.674841406800011 4.300000000000001
    endloop
  endfacet
  facet normal 0 0 1
    outer loop
      vertex 5.7502688405606825 6.40743512096364 4.300000000000001
      vertex 5.8472511557596505 6.37949499727753 4.300000000000001
      vertex 5.7963218474272775 7.716166861765133 4.300000000000001
    endloop
  endfacet
  facet normal 0 0 1
    outer loop
      vertex 5.940495365205802 6.340871981112176 4.300000000000001
      vertex 5.7963218474272775 7.716166861765133 4.300000000000001
      vertex 5.8472511557596505 6.37949499727753 4.300000000000001
    endloop
  endfacet
  facet normal 0 0 1
    outer loop
      vertex 6.312051779305456 6.0088288688638025 4.300000000000001
      vertex 6.276613936301367 7.606543326678408 4.300000000000001
      vertex 6.253648334221227 6.09114082167286 4.300000000000001
    endloop
  endfacet
  facet normal 0 0 1
    outer loop
      vertex 6.186396103067892 6.166396103067893 4.300000000000001
      vertex 6.253648334221227 6.09114082167286 4.300000000000001
      vertex 6.276613936301367 7.606543326678408 4.300000000000001
    endloop
  endfacet
  facet normal 0 0 1
    outer loop
      vertex 6.028828868863803 6.292051779305455 4.300000000000001
      vertex 6.11114082167286 6.233648334221226 4.300000000000001
      vertex 6.039546054703892 7.674841406800011 4.300000000000001
    endloop
  endfacet
  facet normal 0 0 1
    outer loop
      vertex 6.186396103067892 6.166396103067893 4.300000000000001
      vertex 6.039546054703892 7.674841406800011 4.300000000000001
      vertex 6.11114082167286 6.233648334221226 4.300000000000001
    endloop
  endfacet
  facet normal 0 0 1
    outer loop
      vertex 5.940495365205802 6.340871981112176 4.300000000000001
      vertex 6.028828868863803 6.292051779305455 4.300000000000001
      vertex 6.039546054703892 7.674841406800011 4.300000000000001
    endloop
  endfacet
  facet normal 0 0 1
    outer loop
      vertex 5.349731159439317 6.40743512096364 4.300000000000001
      vertex 5.4492319715070225 6.424340988903918 4.300000000000001
      vertex 5.303678152572722 7.716166861765133 4.300000000000001
    endloop
  endfacet
  facet normal 0 0 1
    outer loop
      vertex 5.4492319715070225 6.424340988903918 4.300000000000001
      vertex 5.55 6.43 4.300000000000001
      vertex 5.55 7.7299999999999995 4.300000000000001
    endloop
  endfacet
  facet normal 0 0 1
    outer loop
      vertex 5.55 6.43 4.300000000000001
      vertex 5.650768028492977 6.424340988903918 4.300000000000001
      vertex 5.55 7.7299999999999995 4.300000000000001
    endloop
  endfacet
  facet normal 0 0 1
    outer loop
      vertex 5.349731159439317 6.40743512096364 4.300000000000001
      vertex 5.303678152572722 7.716166861765133 4.300000000000001
      vertex 5.060453945296108 7.674841406800011 4.300000000000001
    endloop
  endfacet
  facet normal 0 0 1
    outer loop
      vertex 5.4492319715070225 6.424340988903918 4.300000000000001
      vertex 5.55 7.7299999999999995 4.300000000000001
      vertex 5.303678152572722 7.716166861765133 4.300000000000001
    endloop
  endfacet
  facet normal 0 0 1
    outer loop
      vertex 5.650768028492977 6.424340988903918 4.300000000000001
      vertex 5.7963218474272775 7.716166861765133 4.300000000000001
      vertex 5.55 7.7299999999999995 4.300000000000001
    endloop
  endfacet
  facet normal 0 0 1
    outer loop
      vertex 5.650768028492977 6.424340988903918 4.300000000000001
      vertex 5.7502688405606825 6.40743512096364 4.300000000000001
      vertex 5.7963218474272775 7.716166861765133 4.300000000000001
    endloop
  endfacet
  facet normal 0 0 1
    outer loop
      vertex 6.186396103067892 6.166396103067893 4.300000000000001
      vertex 6.276613936301367 7.606543326678408 4.300000000000001
      vertex 6.039546054703892 7.674841406800011 4.300000000000001
    endloop
  endfacet
  facet normal 0 0 1
    outer loop
      vertex 5.940495365205802 6.340871981112176 4.300000000000001
      vertex 6.039546054703892 7.674841406800011 4.300000000000001
      vertex 5.7963218474272775 7.716166861765133 4.300000000000001
    endloop
  endfacet
  facet normal 0 0 1
    outer loop
      vertex 6.45 5.529999999999999 4.300000000000001
      vertex 6.504544226058627 7.512131509385322 4.300000000000001
      vertex 6.444340988903918 5.630768028492977 4.300000000000001
    endloop
  endfacet
  facet normal 0 0 1
    outer loop
      vertex 6.444340988903918 5.630768028492977 4.300000000000001
      vertex 6.504544226058627 7.512131509385322 4.300000000000001
      vertex 6.427435120963641 5.730268840560682 4.300000000000001
    endloop
  endfacet
  facet normal 0 0 1
    outer loop
      vertex 6.427435120963641 5.730268840560682 4.300000000000001
      vertex 6.504544226058627 7.512131509385322 4.300000000000001
      vertex 6.399494997277531 5.82725115575965 4.300000000000001
    endloop
  endfacet
  facet normal 0 0 1
    outer loop
      vertex 6.360871981112177 5.920495365205801 4.300000000000001
      vertex 6.399494997277531 5.82725115575965 4.300000000000001
      vertex 6.276613936301367 7.606543326678408 4.300000000000001
    endloop
  endfacet
  facet normal 0 0 1
    outer loop
      vertex 6.720470568333742 3.6672067616977744 4.300000000000001
      vertex 6.720470568333741 7.392793238302224 4.300000000000001
      vertex 6.504544226058627 7.512131509385322 4.300000000000001
    endloop
  endfacet
  facet normal 0 0 1
    outer loop
      vertex 6.921677564089213 3.8099707385703336 4.300000000000001
      vertex 6.921677564089213 7.250029261429665 4.300000000000001
      vertex 6.720470568333741 7.392793238302224 4.300000000000001
    endloop
  endfacet
  facet normal 0 0 1
    outer loop
      vertex 6.360871981112177 5.920495365205801 4.300000000000001
      vertex 6.276613936301367 7.606543326678408 4.300000000000001
      vertex 6.312051779305456 6.0088288688638025 4.300000000000001
    endloop
  endfacet
  facet normal 0 0 1
    outer loop
      vertex 7.105634918610405 3.9743650813895943 4.300000000000001
      vertex 7.105634918610405 7.085634918610404 4.300000000000001
      vertex 6.921677564089213 7.250029261429665 4.300000000000001
    endloop
  endfacet
  facet normal 0 0 1
    outer loop
      vertex 6.399494997277531 5.82725115575965 4.300000000000001
      vertex 6.504544226058627 7.512131509385322 4.300000000000001
      vertex 6.276613936301367 7.606543326678408 4.300000000000001
    endloop
  endfacet
  facet normal -0.578671296179808 -0.8155608689592586 -2.7460511960400774e-18
    outer loop
      vertex 4.988859178327139 4.826351665778772 4.300000000000001
      vertex 5.071171131136197 4.767948220694543 4.300000000000001
      vertex 5.071171131136197 4.767948220694543 5.800000000000001
    endloop
  endfacet
  facet normal -0.6663465779520047 -0.7456421648831649 4.0172798637672895e-19
    outer loop
      vertex 4.913603896932107 4.893603896932106 4.300000000000001
      vertex 4.988859178327139 4.826351665778772 4.300000000000001
      vertex 4.988859178327139 4.826351665778772 5.800000000000001
    endloop
  endfacet
  facet normal -0.7456421648831645 -0.6663465779520052 0
    outer loop
      vertex 4.913603896932107 4.893603896932106 4.300000000000001
      vertex 4.913603896932107 4.893603896932106 5.800000000000001
      vertex 4.846351665778773 4.968859178327139 4.300000000000001
    endloop
  endfacet
  facet normal -0.9238795325112852 -0.3826834323650933 0
    outer loop
      vertex 4.739128018887823 5.139504634794197 4.300000000000001
      vertex 4.739128018887823 5.139504634794197 5.800000000000001
      vertex 4.700505002722469 5.232748844240349 4.300000000000001
    endloop
  endfacet
  facet normal -0.9609173219451003 -0.27683551142484686 0
    outer loop
      vertex 4.700505002722469 5.232748844240349 4.300000000000001
      vertex 4.700505002722469 5.232748844240349 5.800000000000001
      vertex 4.672564879036359 5.329731159439317 4.300000000000001
    endloop
  endfacet
  facet normal -0.8155608689592586 -0.578671296179808 0
    outer loop
      vertex 4.846351665778773 4.968859178327139 4.300000000000001
      vertex 4.846351665778773 4.968859178327139 5.800000000000001
      vertex 4.787948220694544 5.051171131136196 4.300000000000001
    endloop
  endfacet
  facet normal -0.8752234219087578 -0.4837188871052324 0
    outer loop
      vertex 4.787948220694544 5.051171131136196 4.300000000000001
      vertex 4.787948220694544 5.051171131136196 5.800000000000001
      vertex 4.739128018887823 5.139504634794197 4.300000000000001
    endloop
  endfacet
  facet normal -0.9858710185182353 -0.16750622330474 -7.25856514250753e-20
    outer loop
      vertex 4.655659011096081 5.429231971507022 4.300000000000001
      vertex 4.672564879036359 5.329731159439317 4.300000000000001
      vertex 4.672564879036359 5.329731159439317 5.800000000000001
    endloop
  endfacet
  facet normal -0.9984268150178165 -0.05607044723719402 0
    outer loop
      vertex 4.655659011096081 5.429231971507022 4.300000000000001
      vertex 4.655659011096081 5.429231971507022 5.800000000000001
      vertex 4.6499999999999995 5.529999999999999 4.300000000000001
    endloop
  endfacet
  facet normal -0.9984268150178165 0.05607044723719402 0
    outer loop
      vertex 4.6499999999999995 5.529999999999999 4.300000000000001
      vertex 4.6499999999999995 5.529999999999999 5.800000000000001
      vertex 4.655659011096081 5.630768028492977 4.300000000000001
    endloop
  endfacet
  facet normal -0.9858710185182353 0.16750622330474 0
    outer loop
      vertex 4.655659011096081 5.630768028492977 4.300000000000001
      vertex 4.655659011096081 5.630768028492977 5.800000000000001
      vertex 4.672564879036359 5.730268840560682 4.300000000000001
    endloop
  endfacet
  facet normal -0.9609173219451003 0.27683551142484686 0
    outer loop
      vertex 4.672564879036359 5.730268840560682 4.300000000000001
      vertex 4.672564879036359 5.730268840560682 5.800000000000001
      vertex 4.700505002722469 5.82725115575965 4.300000000000001
    endloop
  endfacet
  facet normal -0.9238795325112852 0.3826834323650933 0
    outer loop
      vertex 4.700505002722469 5.82725115575965 4.300000000000001
      vertex 4.700505002722469 5.82725115575965 5.800000000000001
      vertex 4.739128018887823 5.920495365205801 4.300000000000001
    endloop
  endfacet
  facet normal -0.8752234219087578 0.4837188871052324 0
    outer loop
      vertex 4.739128018887823 5.920495365205801 4.300000000000001
      vertex 4.739128018887823 5.920495365205801 5.800000000000001
      vertex 4.787948220694544 6.0088288688638025 4.300000000000001
    endloop
  endfacet
  facet normal -0.8155608689592586 0.578671296179808 0
    outer loop
      vertex 4.787948220694544 6.0088288688638025 4.300000000000001
      vertex 4.787948220694544 6.0088288688638025 5.800000000000001
      vertex 4.846351665778773 6.09114082167286 4.300000000000001
    endloop
  endfacet
  facet normal -0.578671296179808 -0.8155608689592586 0
    outer loop
      vertex 4.988859178327139 4.826351665778772 4.300000000000001
      vertex 5.071171131136197 4.767948220694543 5.800000000000001
      vertex 4.988859178327139 4.826351665778772 5.800000000000001
    endloop
  endfacet
  facet normal -0.6663465779520047 -0.7456421648831649 0
    outer loop
      vertex 4.913603896932107 4.893603896932106 4.300000000000001
      vertex 4.988859178327139 4.826351665778772 5.800000000000001
      vertex 4.913603896932107 4.893603896932106 5.800000000000001
    endloop
  endfacet
  facet normal -0.9238795325112852 -0.3826834323650933 0
    outer loop
      vertex 4.700505002722469 5.232748844240349 4.300000000000001
      vertex 4.739128018887823 5.139504634794197 5.800000000000001
      vertex 4.700505002722469 5.232748844240349 5.800000000000001
    endloop
  endfacet
  facet normal -0.9609173219451003 -0.27683551142484686 0
    outer loop
      vertex 4.672564879036359 5.329731159439317 4.300000000000001
      vertex 4.700505002722469 5.232748844240349 5.800000000000001
      vertex 4.672564879036359 5.329731159439317 5.800000000000001
    endloop
  endfacet
  facet normal -0.8155608689592586 -0.578671296179808 0
    outer loop
      vertex 4.787948220694544 5.051171131136196 4.300000000000001
      vertex 4.846351665778773 4.968859178327139 5.800000000000001
      vertex 4.787948220694544 5.051171131136196 5.800000000000001
    endloop
  endfacet
  facet normal -0.7456421648831645 -0.6663465779520052 0
    outer loop
      vertex 4.846351665778773 4.968859178327139 4.300000000000001
      vertex 4.913603896932107 4.893603896932106 5.800000000000001
      vertex 4.846351665778773 4.968859178327139 5.800000000000001
    endloop
  endfacet
  facet normal -0.8752234219087578 -0.4837188871052324 0
    outer loop
      vertex 4.739128018887823 5.139504634794197 4.300000000000001
      vertex 4.787948220694544 5.051171131136196 5.800000000000001
      vertex 4.739128018887823 5.139504634794197 5.800000000000001
    endloop
  endfacet
  facet normal -0.9858710185182353 -0.16750622330474 0
    outer loop
      vertex 4.655659011096081 5.429231971507022 4.300000000000001
      vertex 4.672564879036359 5.329731159439317 5.800000000000001
      vertex 4.655659011096081 5.429231971507022 5.800000000000001
    endloop
  endfacet
  facet normal -0.9984268150178165 -0.05607044723719402 0
    outer loop
      vertex 4.6499999999999995 5.529999999999999 4.300000000000001
      vertex 4.655659011096081 5.429231971507022 5.800000000000001
      vertex 4.6499999999999995 5.529999999999999 5.800000000000001
    endloop
  endfacet
  facet normal -0.9984268150178165 0.05607044723719402 0
    outer loop
      vertex 4.655659011096081 5.630768028492977 4.300000000000001
      vertex 4.6499999999999995 5.529999999999999 5.800000000000001
      vertex 4.655659011096081 5.630768028492977 5.800000000000001
    endloop
  endfacet
  facet normal -0.9858710185182353 0.16750622330474 0
    outer loop
      vertex 4.672564879036359 5.730268840560682 4.300000000000001
      vertex 4.655659011096081 5.630768028492977 5.800000000000001
      vertex 4.672564879036359 5.730268840560682 5.800000000000001
    endloop
  endfacet
  facet normal -0.9609173219451003 0.27683551142484686 0
    outer loop
      vertex 4.700505002722469 5.82725115575965 4.300000000000001
      vertex 4.672564879036359 5.730268840560682 5.800000000000001
      vertex 4.700505002722469 5.82725115575965 5.800000000000001
    endloop
  endfacet
  facet normal -0.9238795325112852 0.3826834323650933 0
    outer loop
      vertex 4.739128018887823 5.920495365205801 4.300000000000001
      vertex 4.700505002722469 5.82725115575965 5.800000000000001
      vertex 4.739128018887823 5.920495365205801 5.800000000000001
    endloop
  endfacet
  facet normal -0.8752234219087578 0.4837188871052324 0
    outer loop
      vertex 4.787948220694544 6.0088288688638025 4.300000000000001
      vertex 4.739128018887823 5.920495365205801 5.800000000000001
      vertex 4.787948220694544 6.0088288688638025 5.800000000000001
    endloop
  endfacet
  facet normal -0.8155608689592586 0.578671296179808 0
    outer loop
      vertex 4.846351665778773 6.09114082167286 4.300000000000001
      vertex 4.787948220694544 6.0088288688638025 5.800000000000001
      vertex 4.846351665778773 6.09114082167286 5.800000000000001
    endloop
  endfacet
  facet normal 0 0 1
    outer loop
      vertex 4.913603896932107 4.893603896932106 5.800000000000001
      vertex 4.846351665778773 6.09114082167286 5.800000000000001
      vertex 4.846351665778773 4.968859178327139 5.800000000000001
    endloop
  endfacet
  facet normal 0 0 1
    outer loop
      vertex 4.913603896932107 4.893603896932106 5.800000000000001
      vertex 4.988859178327139 4.826351665778772 5.800000000000001
      vertex 4.913603896932107 6.166396103067893 5.800000000000001
    endloop
  endfacet
  facet normal 0 0 1
    outer loop
      vertex 4.988859178327139 4.826351665778772 5.800000000000001
      vertex 5.071171131136197 4.767948220694543 5.800000000000001
      vertex 4.988859178327139 6.233648334221226 5.800000000000001
    endloop
  endfacet
  facet normal 0 0 1
    outer loop
      vertex 4.739128018887823 5.139504634794197 5.800000000000001
      vertex 4.700505002722469 5.82725115575965 5.800000000000001
      vertex 4.700505002722469 5.232748844240349 5.800000000000001
    endloop
  endfacet
  facet normal 0 0 1
    outer loop
      vertex 4.700505002722469 5.232748844240349 5.800000000000001
      vertex 4.672564879036359 5.730268840560682 5.800000000000001
      vertex 4.672564879036359 5.329731159439317 5.800000000000001
    endloop
  endfacet
  facet normal 0 0 1
    outer loop
      vertex 4.655659011096081 5.429231971507022 5.800000000000001
      vertex 4.672564879036359 5.329731159439317 5.800000000000001
      vertex 4.655659011096081 5.630768028492977 5.800000000000001
    endloop
  endfacet
  facet normal 0 0 1
    outer loop
      vertex 4.655659011096081 5.429231971507022 5.800000000000001
      vertex 4.655659011096081 5.630768028492977 5.800000000000001
      vertex 4.6499999999999995 5.529999999999999 5.800000000000001
    endloop
  endfacet
  facet normal 0 0 1
    outer loop
      vertex 4.672564879036359 5.329731159439317 5.800000000000001
      vertex 4.672564879036359 5.730268840560682 5.800000000000001
      vertex 4.655659011096081 5.630768028492977 5.800000000000001
    endloop
  endfacet
  facet normal 0 0 1
    outer loop
      vertex 4.700505002722469 5.232748844240349 5.800000000000001
      vertex 4.700505002722469 5.82725115575965 5.800000000000001
      vertex 4.672564879036359 5.730268840560682 5.800000000000001
    endloop
  endfacet
  facet normal 0 0 1
    outer loop
      vertex 4.739128018887823 5.139504634794197 5.800000000000001
      vertex 4.739128018887823 5.920495365205801 5.800000000000001
      vertex 4.700505002722469 5.82725115575965 5.800000000000001
    endloop
  endfacet
  facet normal 0 0 1
    outer loop
      vertex 4.846351665778773 4.968859178327139 5.800000000000001
      vertex 4.787948220694544 6.0088288688638025 5.800000000000001
      vertex 4.787948220694544 5.051171131136196 5.800000000000001
    endloop
  endfacet
  facet normal 0 0 1
    outer loop
      vertex 4.787948220694544 5.051171131136196 5.800000000000001
      vertex 4.739128018887823 5.920495365205801 5.800000000000001
      vertex 4.739128018887823 5.139504634794197 5.800000000000001
    endloop
  endfacet
  facet normal 0 0 1
    outer loop
      vertex 4.787948220694544 5.051171131136196 5.800000000000001
      vertex 4.787948220694544 6.0088288688638025 5.800000000000001
      vertex 4.739128018887823 5.920495365205801 5.800000000000001
    endloop
  endfacet
  facet normal 0 0 1
    outer loop
      vertex 4.846351665778773 4.968859178327139 5.800000000000001
      vertex 4.846351665778773 6.09114082167286 5.800000000000001
      vertex 4.787948220694544 6.0088288688638025 5.800000000000001
    endloop
  endfacet
  facet normal 0 0 1
    outer loop
      vertex 4.913603896932107 4.893603896932106 5.800000000000001
      vertex 4.913603896932107 6.166396103067893 5.800000000000001
      vertex 4.846351665778773 6.09114082167286 5.800000000000001
    endloop
  endfacet
  facet normal 0 0 1
    outer loop
      vertex 4.988859178327139 4.826351665778772 5.800000000000001
      vertex 4.988859178327139 6.233648334221226 5.800000000000001
      vertex 4.913603896932107 6.166396103067893 5.800000000000001
    endloop
  endfacet
  facet normal 0 0 1
    outer loop
      vertex 5.071171131136197 4.767948220694543 5.800000000000001
      vertex 5.071171131136197 6.292051779305456 5.800000000000001
      vertex 4.988859178327139 6.233648334221226 5.800000000000001
    endloop
  endfacet
  facet normal -0.4837188871052324 -0.8752234219087578 -9.516241263319311e-19
    outer loop
      vertex 5.071171131136197 4.767948220694543 4.300000000000001
      vertex 5.159504634794198 4.719128018887822 4.300000000000001
      vertex 5.159504634794198 4.719128018887822 5.800000000000001
    endloop
  endfacet
  facet normal -0.3826834323650933 -0.9238795325112852 0
    outer loop
      vertex 5.252748844240349 4.680505002722469 4.300000000000001
      vertex 5.252748844240349 4.680505002722469 5.800000000000001
      vertex 5.159504634794198 4.719128018887822 4.300000000000001
    endloop
  endfacet
  facet normal -0.27683551142484686 -0.9609173219451003 -3.8226440361144687e-19
    outer loop
      vertex 5.252748844240349 4.680505002722469 4.300000000000001
      vertex 5.349731159439317 4.652564879036358 4.300000000000001
      vertex 5.349731159439317 4.652564879036358 5.800000000000001
    endloop
  endfacet
  facet normal -0.16750622330474 -0.9858710185182353 0
    outer loop
      vertex 5.4492319715070225 4.635659011096081 4.300000000000001
      vertex 5.4492319715070225 4.635659011096081 5.800000000000001
      vertex 5.349731159439317 4.652564879036358 4.300000000000001
    endloop
  endfacet
  facet normal -0.05607044723719402 -0.9984268150178165 1.0873998273092928e-19
    outer loop
      vertex 5.4492319715070225 4.635659011096081 4.300000000000001
      vertex 5.55 4.629999999999999 4.300000000000001
      vertex 5.55 4.629999999999999 5.800000000000001
    endloop
  endfacet
  facet normal 0.05607044723719402 -0.9984268150178165 -1.0873998273092928e-19
    outer loop
      vertex 5.55 4.629999999999999 4.300000000000001
      vertex 5.650768028492977 4.635659011096081 4.300000000000001
      vertex 5.650768028492977 4.635659011096081 5.800000000000001
    endloop
  endfacet
  facet normal 0.16750622330474 -0.9858710185182353 7.25856514250753e-20
    outer loop
      vertex 5.650768028492977 4.635659011096081 4.300000000000001
      vertex 5.7502688405606825 4.652564879036358 4.300000000000001
      vertex 5.7502688405606825 4.652564879036358 5.800000000000001
    endloop
  endfacet
  facet normal 0.27683551142484686 -0.9609173219451003 3.8226440361144687e-19
    outer loop
      vertex 5.7502688405606825 4.652564879036358 4.300000000000001
      vertex 5.8472511557596505 4.680505002722469 4.300000000000001
      vertex 5.8472511557596505 4.680505002722469 5.800000000000001
    endloop
  endfacet
  facet normal 0.3826834323650933 -0.9238795325112852 6.69484952455075e-20
    outer loop
      vertex 5.8472511557596505 4.680505002722469 4.300000000000001
      vertex 5.940495365205802 4.719128018887822 4.300000000000001
      vertex 5.940495365205802 4.719128018887822 5.800000000000001
    endloop
  endfacet
  facet normal 0.4837188871052392 -0.8752234219087541 -2.1794005225347596e-18
    outer loop
      vertex 5.940495365205802 4.719128018887822 4.300000000000001
      vertex 6.028828868863803 4.767948220694544 4.300000000000001
      vertex 6.028828868863803 4.767948220694544 5.800000000000001
    endloop
  endfacet
  facet normal 0.5786712961798021 -0.8155608689592627 1.099219598380265e-18
    outer loop
      vertex 6.028828868863803 4.767948220694544 4.300000000000001
      vertex 6.11114082167286 4.826351665778772 4.300000000000001
      vertex 6.11114082167286 4.826351665778772 5.800000000000001
    endloop
  endfacet
  facet normal 0.6663465779520047 -0.7456421648831649 -4.0172798637672895e-19
    outer loop
      vertex 6.11114082167286 4.826351665778772 4.300000000000001
      vertex 6.186396103067892 4.893603896932106 4.300000000000001
      vertex 6.186396103067892 4.893603896932106 5.800000000000001
    endloop
  endfacet
  facet normal 0.7456421648831645 -0.6663465779520052 -8.159982137702673e-19
    outer loop
      vertex 6.186396103067892 4.893603896932106 4.300000000000001
      vertex 6.253648334221227 4.968859178327139 4.300000000000001
      vertex 6.253648334221227 4.968859178327139 5.800000000000001
    endloop
  endfacet
  facet normal 0.8155608689592627 -0.5786712961798021 1.099219598380265e-18
    outer loop
      vertex 6.253648334221227 4.968859178327139 4.300000000000001
      vertex 6.312051779305455 5.051171131136196 4.300000000000001
      vertex 6.312051779305455 5.051171131136196 5.800000000000001
    endloop
  endfacet
  facet normal 0.8155608689592586 0.578671296179808 -2.7460511960400774e-18
    outer loop
      vertex 6.312051779305456 6.0088288688638025 4.300000000000001
      vertex 6.253648334221227 6.09114082167286 4.300000000000001
      vertex 6.253648334221227 6.09114082167286 5.800000000000001
    endloop
  endfacet
  facet normal 0.8752234219087541 -0.4837188871052392 -2.1794005225347596e-18
    outer loop
      vertex 6.312051779305455 5.051171131136196 4.300000000000001
      vertex 6.360871981112177 5.139504634794197 4.300000000000001
      vertex 6.360871981112177 5.139504634794197 5.800000000000001
    endloop
  endfacet
  facet normal 0.9238795325112852 -0.3826834323650933 6.69484952455075e-20
    outer loop
      vertex 6.360871981112177 5.139504634794197 4.300000000000001
      vertex 6.399494997277531 5.232748844240349 4.300000000000001
      vertex 6.399494997277531 5.232748844240349 5.800000000000001
    endloop
  endfacet
  facet normal 0.9609173219451003 -0.27683551142484686 3.8226440361144687e-19
    outer loop
      vertex 6.399494997277531 5.232748844240349 4.300000000000001
      vertex 6.427435120963641 5.329731159439317 4.300000000000001
      vertex 6.427435120963641 5.329731159439317 5.800000000000001
    endloop
  endfacet
  facet normal 0.9858710185182353 -0.16750622330474 7.25856514250753e-20
    outer loop
      vertex 6.427435120963641 5.329731159439317 4.300000000000001
      vertex 6.444340988903918 5.429231971507022 4.300000000000001
      vertex 6.444340988903918 5.429231971507022 5.800000000000001
    endloop
  endfacet
  facet normal 0.9984268150178165 -0.05607044723719402 -1.0873998273092928e-19
    outer loop
      vertex 6.444340988903918 5.429231971507022 4.300000000000001
      vertex 6.45 5.529999999999999 4.300000000000001
      vertex 6.45 5.529999999999999 5.800000000000001
    endloop
  endfacet
  facet normal 0.9984268150178165 0.05607044723719402 1.0873998273092928e-19
    outer loop
      vertex 6.45 5.529999999999999 4.300000000000001
      vertex 6.444340988903918 5.630768028492977 4.300000000000001
      vertex 6.444340988903918 5.630768028492977 5.800000000000001
    endloop
  endfacet
  facet normal 0.9858710185182353 0.16750622330474 -7.25856514250753e-20
    outer loop
      vertex 6.444340988903918 5.630768028492977 4.300000000000001
      vertex 6.427435120963641 5.730268840560682 4.300000000000001
      vertex 6.427435120963641 5.730268840560682 5.800000000000001
    endloop
  endfacet
  facet normal 0.9609173219451003 0.27683551142484686 -3.8226440361144687e-19
    outer loop
      vertex 6.427435120963641 5.730268840560682 4.300000000000001
      vertex 6.399494997277531 5.82725115575965 4.300000000000001
      vertex 6.399494997277531 5.82725115575965 5.800000000000001
    endloop
  endfacet
  facet normal 0.9238795325112852 0.3826834323650933 0
    outer loop
      vertex 6.360871981112177 5.920495365205801 4.300000000000001
      vertex 6.360871981112177 5.920495365205801 5.800000000000001
      vertex 6.399494997277531 5.82725115575965 4.300000000000001
    endloop
  endfacet
  facet normal 0.8752234219087578 0.4837188871052324 -9.516241263319311e-19
    outer loop
      vertex 6.360871981112177 5.920495365205801 4.300000000000001
      vertex 6.312051779305456 6.0088288688638025 4.300000000000001
      vertex 6.312051779305456 6.0088288688638025 5.800000000000001
    endloop
  endfacet
  facet normal -0.4837188871052324 -0.8752234219087578 0
    outer loop
      vertex 5.071171131136197 4.767948220694543 4.300000000000001
      vertex 5.159504634794198 4.719128018887822 5.800000000000001
      vertex 5.071171131136197 4.767948220694543 5.800000000000001
    endloop
  endfacet
  facet normal -0.3826834323650933 -0.9238795325112852 0
    outer loop
      vertex 5.159504634794198 4.719128018887822 4.300000000000001
      vertex 5.252748844240349 4.680505002722469 5.800000000000001
      vertex 5.159504634794198 4.719128018887822 5.800000000000001
    endloop
  endfacet
  facet normal -0.27683551142484686 -0.9609173219451003 0
    outer loop
      vertex 5.252748844240349 4.680505002722469 4.300000000000001
      vertex 5.349731159439317 4.652564879036358 5.800000000000001
      vertex 5.252748844240349 4.680505002722469 5.800000000000001
    endloop
  endfacet
  facet normal -0.16750622330474 -0.9858710185182353 0
    outer loop
      vertex 5.349731159439317 4.652564879036358 4.300000000000001
      vertex 5.4492319715070225 4.635659011096081 5.800000000000001
      vertex 5.349731159439317 4.652564879036358 5.800000000000001
    endloop
  endfacet
  facet normal -0.05607044723719402 -0.9984268150178165 0
    outer loop
      vertex 5.4492319715070225 4.635659011096081 4.300000000000001
      vertex 5.55 4.629999999999999 5.800000000000001
      vertex 5.4492319715070225 4.635659011096081 5.800000000000001
    endloop
  endfacet
  facet normal 0.05607044723719402 -0.9984268150178165 0
    outer loop
      vertex 5.55 4.629999999999999 4.300000000000001
      vertex 5.650768028492977 4.635659011096081 5.800000000000001
      vertex 5.55 4.629999999999999 5.800000000000001
    endloop
  endfacet
  facet normal 0.16750622330474 -0.9858710185182353 0
    outer loop
      vertex 5.650768028492977 4.635659011096081 4.300000000000001
      vertex 5.7502688405606825 4.652564879036358 5.800000000000001
      vertex 5.650768028492977 4.635659011096081 5.800000000000001
    endloop
  endfacet
  facet normal 0.27683551142484686 -0.9609173219451003 0
    outer loop
      vertex 5.7502688405606825 4.652564879036358 4.300000000000001
      vertex 5.8472511557596505 4.680505002722469 5.800000000000001
      vertex 5.7502688405606825 4.652564879036358 5.800000000000001
    endloop
  endfacet
  facet normal 0.3826834323650933 -0.9238795325112852 0
    outer loop
      vertex 5.8472511557596505 4.680505002722469 4.300000000000001
      vertex 5.940495365205802 4.719128018887822 5.800000000000001
      vertex 5.8472511557596505 4.680505002722469 5.800000000000001
    endloop
  endfacet
  facet normal 0.4837188871052392 -0.8752234219087541 0
    outer loop
      vertex 5.940495365205802 4.719128018887822 4.300000000000001
      vertex 6.028828868863803 4.767948220694544 5.800000000000001
      vertex 5.940495365205802 4.719128018887822 5.800000000000001
    endloop
  endfacet
  facet normal 0.5786712961798021 -0.8155608689592627 0
    outer loop
      vertex 6.028828868863803 4.767948220694544 4.300000000000001
      vertex 6.11114082167286 4.826351665778772 5.800000000000001
      vertex 6.028828868863803 4.767948220694544 5.800000000000001
    endloop
  endfacet
  facet normal 0.6663465779520047 -0.7456421648831649 0
    outer loop
      vertex 6.11114082167286 4.826351665778772 4.300000000000001
      vertex 6.186396103067892 4.893603896932106 5.800000000000001
      vertex 6.11114082167286 4.826351665778772 5.800000000000001
    endloop
  endfacet
  facet normal 0.7456421648831645 -0.6663465779520052 0
    outer loop
      vertex 6.186396103067892 4.893603896932106 4.300000000000001
      vertex 6.253648334221227 4.968859178327139 5.800000000000001
      vertex 6.186396103067892 4.893603896932106 5.800000000000001
    endloop
  endfacet
  facet normal 0.8155608689592627 -0.5786712961798021 0
    outer loop
      vertex 6.253648334221227 4.968859178327139 4.300000000000001
      vertex 6.312051779305455 5.051171131136196 5.800000000000001
      vertex 6.253648334221227 4.968859178327139 5.800000000000001
    endloop
  endfacet
  facet normal 0.8155608689592586 0.578671296179808 0
    outer loop
      vertex 6.312051779305456 6.0088288688638025 4.300000000000001
      vertex 6.253648334221227 6.09114082167286 5.800000000000001
      vertex 6.312051779305456 6.0088288688638025 5.800000000000001
    endloop
  endfacet
  facet normal 0.8752234219087541 -0.4837188871052392 0
    outer loop
      vertex 6.312051779305455 5.051171131136196 4.300000000000001
      vertex 6.360871981112177 5.139504634794197 5.800000000000001
      vertex 6.312051779305455 5.051171131136196 5.800000000000001
    endloop
  endfacet
  facet normal 0.9238795325112852 -0.3826834323650933 0
    outer loop
      vertex 6.360871981112177 5.139504634794197 4.300000000000001
      vertex 6.399494997277531 5.232748844240349 5.800000000000001
      vertex 6.360871981112177 5.139504634794197 5.800000000000001
    endloop
  endfacet
  facet normal 0.9609173219451003 -0.27683551142484686 0
    outer loop
      vertex 6.399494997277531 5.232748844240349 4.300000000000001
      vertex 6.427435120963641 5.329731159439317 5.800000000000001
      vertex 6.399494997277531 5.232748844240349 5.800000000000001
    endloop
  endfacet
  facet normal 0.9858710185182353 -0.16750622330474 0
    outer loop
      vertex 6.427435120963641 5.329731159439317 4.300000000000001
      vertex 6.444340988903918 5.429231971507022 5.800000000000001
      vertex 6.427435120963641 5.329731159439317 5.800000000000001
    endloop
  endfacet
  facet normal 0.9984268150178165 -0.05607044723719402 0
    outer loop
      vertex 6.444340988903918 5.429231971507022 4.300000000000001
      vertex 6.45 5.529999999999999 5.800000000000001
      vertex 6.444340988903918 5.429231971507022 5.800000000000001
    endloop
  endfacet
  facet normal 0.9984268150178165 0.05607044723719402 0
    outer loop
      vertex 6.45 5.529999999999999 4.300000000000001
      vertex 6.444340988903918 5.630768028492977 5.800000000000001
      vertex 6.45 5.529999999999999 5.800000000000001
    endloop
  endfacet
  facet normal 0.9858710185182353 0.16750622330474 0
    outer loop
      vertex 6.444340988903918 5.630768028492977 4.300000000000001
      vertex 6.427435120963641 5.730268840560682 5.800000000000001
      vertex 6.444340988903918 5.630768028492977 5.800000000000001
    endloop
  endfacet
  facet normal 0.9609173219451003 0.27683551142484686 0
    outer loop
      vertex 6.427435120963641 5.730268840560682 4.300000000000001
      vertex 6.399494997277531 5.82725115575965 5.800000000000001
      vertex 6.427435120963641 5.730268840560682 5.800000000000001
    endloop
  endfacet
  facet normal 0.9238795325112852 0.3826834323650933 0
    outer loop
      vertex 6.399494997277531 5.82725115575965 4.300000000000001
      vertex 6.360871981112177 5.920495365205801 5.800000000000001
      vertex 6.399494997277531 5.82725115575965 5.800000000000001
    endloop
  endfacet
  facet normal 0.8752234219087578 0.4837188871052324 0
    outer loop
      vertex 6.360871981112177 5.920495365205801 4.300000000000001
      vertex 6.312051779305456 6.0088288688638025 5.800000000000001
      vertex 6.360871981112177 5.920495365205801 5.800000000000001
    endloop
  endfacet
  facet normal 0 0 1
    outer loop
      vertex 5.071171131136197 4.767948220694543 5.800000000000001
      vertex 5.159504634794198 4.719128018887822 5.800000000000001
      vertex 5.071171131136197 6.292051779305456 5.800000000000001
    endloop
  endfacet
  facet normal 0 0 1
    outer loop
      vertex 5.252748844240349 4.680505002722469 5.800000000000001
      vertex 5.159504634794198 6.340871981112176 5.800000000000001
      vertex 5.159504634794198 4.719128018887822 5.800000000000001
    endloop
  endfacet
  facet normal 0 0 1
    outer loop
      vertex 5.252748844240349 4.680505002722469 5.800000000000001
      vertex 5.349731159439317 4.652564879036358 5.800000000000001
      vertex 5.252748844240349 6.37949499727753 5.800000000000001
    endloop
  endfacet
  facet normal 0 0 1
    outer loop
      vertex 5.4492319715070225 4.635659011096081 5.800000000000001
      vertex 5.349731159439317 6.40743512096364 5.800000000000001
      vertex 5.349731159439317 4.652564879036358 5.800000000000001
    endloop
  endfacet
  facet normal 0 0 1
    outer loop
      vertex 5.4492319715070225 4.635659011096081 5.800000000000001
      vertex 5.55 4.629999999999999 5.800000000000001
      vertex 5.4492319715070225 6.424340988903918 5.800000000000001
    endloop
  endfacet
  facet normal 0 0 1
    outer loop
      vertex 5.55 4.629999999999999 5.800000000000001
      vertex 5.650768028492977 4.635659011096081 5.800000000000001
      vertex 5.55 6.43 5.800000000000001
    endloop
  endfacet
  facet normal 0 0 1
    outer loop
      vertex 5.650768028492977 4.635659011096081 5.800000000000001
      vertex 5.7502688405606825 4.652564879036358 5.800000000000001
      vertex 5.650768028492977 6.424340988903918 5.800000000000001
    endloop
  endfacet
  facet normal 0 0 1
    outer loop
      vertex 5.7502688405606825 4.652564879036358 5.800000000000001
      vertex 5.8472511557596505 4.680505002722469 5.800000000000001
      vertex 5.7502688405606825 6.40743512096364 5.800000000000001
    endloop
  endfacet
  facet normal 0 0 1
    outer loop
      vertex 5.8472511557596505 4.680505002722469 5.800000000000001
      vertex 5.940495365205802 4.719128018887822 5.800000000000001
      vertex 5.8472511557596505 6.37949499727753 5.800000000000001
    endloop
  endfacet
  facet normal 0 0 1
    outer loop
      vertex 5.940495365205802 4.719128018887822 5.800000000000001
      vertex 6.028828868863803 4.767948220694544 5.800000000000001
      vertex 5.940495365205802 6.340871981112176 5.800000000000001
    endloop
  endfacet
  facet normal 0 0 1
    outer loop
      vertex 6.028828868863803 4.767948220694544 5.800000000000001
      vertex 6.11114082167286 4.826351665778772 5.800000000000001
      vertex 6.028828868863803 6.292051779305455 5.800000000000001
    endloop
  endfacet
  facet normal 0 0 1
    outer loop
      vertex 6.11114082167286 4.826351665778772 5.800000000000001
      vertex 6.186396103067892 4.893603896932106 5.800000000000001
      vertex 6.11114082167286 6.233648334221226 5.800000000000001
    endloop
  endfacet
  facet normal 0 0 1
    outer loop
      vertex 5.159504634794198 4.719128018887822 5.800000000000001
      vertex 5.159504634794198 6.340871981112176 5.800000000000001
      vertex 5.071171131136197 6.292051779305456 5.800000000000001
    endloop
  endfacet
  facet normal 0 0 1
    outer loop
      vertex 5.252748844240349 4.680505002722469 5.800000000000001
      vertex 5.252748844240349 6.37949499727753 5.800000000000001
      vertex 5.159504634794198 6.340871981112176 5.800000000000001
    endloop
  endfacet
  facet normal 0 0 1
    outer loop
      vertex 5.349731159439317 4.652564879036358 5.800000000000001
      vertex 5.349731159439317 6.40743512096364 5.800000000000001
      vertex 5.252748844240349 6.37949499727753 5.800000000000001
    endloop
  endfacet
  facet normal 0 0 1
    outer loop
      vertex 5.4492319715070225 4.635659011096081 5.800000000000001
      vertex 5.4492319715070225 6.424340988903918 5.800000000000001
      vertex 5.349731159439317 6.40743512096364 5.800000000000001
    endloop
  endfacet
  facet normal 0 0 1
    outer loop
      vertex 5.55 4.629999999999999 5.800000000000001
      vertex 5.55 6.43 5.800000000000001
      vertex 5.4492319715070225 6.424340988903918 5.800000000000001
    endloop
  endfacet
  facet normal 0 0 1
    outer loop
      vertex 5.650768028492977 4.635659011096081 5.800000000000001
      vertex 5.650768028492977 6.424340988903918 5.800000000000001
      vertex 5.55 6.43 5.800000000000001
    endloop
  endfacet
  facet normal 0 0 1
    outer loop
      vertex 6.186396103067892 4.893603896932106 5.800000000000001
      vertex 6.253648334221227 4.968859178327139 5.800000000000001
      vertex 6.186396103067892 6.166396103067893 5.800000000000001
    endloop
  endfacet
  facet normal 0 0 1
    outer loop
      vertex 6.253648334221227 4.968859178327139 5.800000000000001
      vertex 6.312051779305455 5.051171131136196 5.800000000000001
      vertex 6.253648334221227 6.09114082167286 5.800000000000001
    endloop
  endfacet
  facet normal 0 0 1
    outer loop
      vertex 5.7502688405606825 4.652564879036358 5.800000000000001
      vertex 5.7502688405606825 6.40743512096364 5.800000000000001
      vertex 5.650768028492977 6.424340988903918 5.800000000000001
    endloop
  endfacet
  facet normal 0 0 1
    outer loop
      vertex 5.8472511557596505 4.680505002722469 5.800000000000001
      vertex 5.8472511557596505 6.37949499727753 5.800000000000001
      vertex 5.7502688405606825 6.40743512096364 5.800000000000001
    endloop
  endfacet
  facet normal 0 0 1
    outer loop
      vertex 5.940495365205802 4.719128018887822 5.800000000000001
      vertex 5.940495365205802 6.340871981112176 5.800000000000001
      vertex 5.8472511557596505 6.37949499727753 5.800000000000001
    endloop
  endfacet
  facet normal 0 0 1
    outer loop
      vertex 6.11114082167286 4.826351665778772 5.800000000000001
      vertex 6.11114082167286 6.233648334221226 5.800000000000001
      vertex 6.028828868863803 6.292051779305455 5.800000000000001
    endloop
  endfacet
  facet normal 0 0 1
    outer loop
      vertex 6.028828868863803 4.767948220694544 5.800000000000001
      vertex 6.028828868863803 6.292051779305455 5.800000000000001
      vertex 5.940495365205802 6.340871981112176 5.800000000000001
    endloop
  endfacet
  facet normal 0 0 1
    outer loop
      vertex 6.186396103067892 4.893603896932106 5.800000000000001
      vertex 6.186396103067892 6.166396103067893 5.800000000000001
      vertex 6.11114082167286 6.233648334221226 5.800000000000001
    endloop
  endfacet
  facet normal 0 0 1
    outer loop
      vertex 6.253648334221227 4.968859178327139 5.800000000000001
      vertex 6.253648334221227 6.09114082167286 5.800000000000001
      vertex 6.186396103067892 6.166396103067893 5.800000000000001
    endloop
  endfacet
  facet normal 0 0 1
    outer loop
      vertex 6.312051779305455 5.051171131136196 5.800000000000001
      vertex 6.312051779305456 6.0088288688638025 5.800000000000001
      vertex 6.253648334221227 6.09114082167286 5.800000000000001
    endloop
  endfacet
  facet normal 0 0 1
    outer loop
      vertex 6.312051779305455 5.051171131136196 5.800000000000001
      vertex 6.360871981112177 5.139504634794197 5.800000000000001
      vertex 6.312051779305456 6.0088288688638025 5.800000000000001
    endloop
  endfacet
  facet normal 0 0 1
    outer loop
      vertex 6.360871981112177 5.139504634794197 5.800000000000001
      vertex 6.399494997277531 5.232748844240349 5.800000000000001
      vertex 6.360871981112177 5.920495365205801 5.800000000000001
    endloop
  endfacet
  facet normal 0 0 1
    outer loop
      vertex 6.399494997277531 5.232748844240349 5.800000000000001
      vertex 6.427435120963641 5.329731159439317 5.800000000000001
      vertex 6.399494997277531 5.82725115575965 5.800000000000001
    endloop
  endfacet
  facet normal 0 0 1
    outer loop
      vertex 6.427435120963641 5.329731159439317 5.800000000000001
      vertex 6.444340988903918 5.429231971507022 5.800000000000001
      vertex 6.427435120963641 5.730268840560682 5.800000000000001
    endloop
  endfacet
  facet normal 0 0 1
    outer loop
      vertex 6.444340988903918 5.429231971507022 5.800000000000001
      vertex 6.45 5.529999999999999 5.800000000000001
      vertex 6.444340988903918 5.630768028492977 5.800000000000001
    endloop
  endfacet
  facet normal 0 0 1
    outer loop
      vertex 6.444340988903918 5.429231971507022 5.800000000000001
      vertex 6.444340988903918 5.630768028492977 5.800000000000001
      vertex 6.427435120963641 5.730268840560682 5.800000000000001
    endloop
  endfacet
  facet normal 0 0 1
    outer loop
      vertex 6.360871981112177 5.139504634794197 5.800000000000001
      vertex 6.360871981112177 5.920495365205801 5.800000000000001
      vertex 6.312051779305456 6.0088288688638025 5.800000000000001
    endloop
  endfacet
  facet normal 0 0 1
    outer loop
      vertex 6.399494997277531 5.232748844240349 5.800000000000001
      vertex 6.399494997277531 5.82725115575965 5.800000000000001
      vertex 6.360871981112177 5.920495365205801 5.800000000000001
    endloop
  endfacet
  facet normal 0 0 1
    outer loop
      vertex 6.427435120963641 5.329731159439317 5.800000000000001
      vertex 6.427435120963641 5.730268840560682 5.800000000000001
      vertex 6.399494997277531 5.82725115575965 5.800000000000001
    endloop
  endfacet
  facet normal -0.7456421648831645 0.6663465779520052 0
    outer loop
      vertex 4.846351665778773 6.09114082167286 4.300000000000001
      vertex 4.846351665778773 6.09114082167286 5.800000000000001
      vertex 4.913603896932107 6.166396103067893 4.300000000000001
    endloop
  endfacet
  facet normal -0.6663465779520047 0.7456421648831649 0
    outer loop
      vertex 4.913603896932107 6.166396103067893 4.300000000000001
      vertex 4.913603896932107 6.166396103067893 5.800000000000001
      vertex 4.988859178327139 6.233648334221226 4.300000000000001
    endloop
  endfacet
  facet normal -0.578671296179808 0.8155608689592586 0
    outer loop
      vertex 4.988859178327139 6.233648334221226 4.300000000000001
      vertex 4.988859178327139 6.233648334221226 5.800000000000001
      vertex 5.071171131136197 6.292051779305456 4.300000000000001
    endloop
  endfacet
  facet normal -0.7456421648831645 0.6663465779520052 0
    outer loop
      vertex 4.913603896932107 6.166396103067893 4.300000000000001
      vertex 4.846351665778773 6.09114082167286 5.800000000000001
      vertex 4.913603896932107 6.166396103067893 5.800000000000001
    endloop
  endfacet
  facet normal -0.6663465779520047 0.7456421648831649 0
    outer loop
      vertex 4.988859178327139 6.233648334221226 4.300000000000001
      vertex 4.913603896932107 6.166396103067893 5.800000000000001
      vertex 4.988859178327139 6.233648334221226 5.800000000000001
    endloop
  endfacet
  facet normal -0.578671296179808 0.8155608689592586 0
    outer loop
      vertex 5.071171131136197 6.292051779305456 4.300000000000001
      vertex 4.988859178327139 6.233648334221226 5.800000000000001
      vertex 5.071171131136197 6.292051779305456 5.800000000000001
    endloop
  endfacet
  facet normal -0.4837188871052324 0.8752234219087578 0
    outer loop
      vertex 5.071171131136197 6.292051779305456 4.300000000000001
      vertex 5.071171131136197 6.292051779305456 5.800000000000001
      vertex 5.159504634794198 6.340871981112176 4.300000000000001
    endloop
  endfacet
  facet normal -0.3826834323650933 0.9238795325112852 0
    outer loop
      vertex 5.159504634794198 6.340871981112176 4.300000000000001
      vertex 5.159504634794198 6.340871981112176 5.800000000000001
      vertex 5.252748844240349 6.37949499727753 4.300000000000001
    endloop
  endfacet
  facet normal -0.27683551142484686 0.9609173219451003 0
    outer loop
      vertex 5.252748844240349 6.37949499727753 4.300000000000001
      vertex 5.252748844240349 6.37949499727753 5.800000000000001
      vertex 5.349731159439317 6.40743512096364 4.300000000000001
    endloop
  endfacet
  facet normal -0.16750622330474 0.9858710185182353 0
    outer loop
      vertex 5.349731159439317 6.40743512096364 4.300000000000001
      vertex 5.349731159439317 6.40743512096364 5.800000000000001
      vertex 5.4492319715070225 6.424340988903918 4.300000000000001
    endloop
  endfacet
  facet normal -0.05607044723719402 0.9984268150178165 0
    outer loop
      vertex 5.4492319715070225 6.424340988903918 4.300000000000001
      vertex 5.4492319715070225 6.424340988903918 5.800000000000001
      vertex 5.55 6.43 4.300000000000001
    endloop
  endfacet
  facet normal 0.05607044723719402 0.9984268150178165 0
    outer loop
      vertex 5.55 6.43 4.300000000000001
      vertex 5.55 6.43 5.800000000000001
      vertex 5.650768028492977 6.424340988903918 4.300000000000001
    endloop
  endfacet
  facet normal 0.16750622330474 0.9858710185182353 0
    outer loop
      vertex 5.650768028492977 6.424340988903918 4.300000000000001
      vertex 5.650768028492977 6.424340988903918 5.800000000000001
      vertex 5.7502688405606825 6.40743512096364 4.300000000000001
    endloop
  endfacet
  facet normal 0.27683551142484686 0.9609173219451003 0
    outer loop
      vertex 5.7502688405606825 6.40743512096364 4.300000000000001
      vertex 5.7502688405606825 6.40743512096364 5.800000000000001
      vertex 5.8472511557596505 6.37949499727753 4.300000000000001
    endloop
  endfacet
  facet normal 0.3826834323650933 0.9238795325112852 -6.69484952455075e-20
    outer loop
      vertex 5.940495365205802 6.340871981112176 4.300000000000001
      vertex 5.8472511557596505 6.37949499727753 4.300000000000001
      vertex 5.8472511557596505 6.37949499727753 5.800000000000001
    endloop
  endfacet
  facet normal 0.4837188871052392 0.8752234219087541 0
    outer loop
      vertex 5.940495365205802 6.340871981112176 4.300000000000001
      vertex 5.940495365205802 6.340871981112176 5.800000000000001
      vertex 6.028828868863803 6.292051779305455 4.300000000000001
    endloop
  endfacet
  facet normal 0.6663465779520047 0.7456421648831649 4.0172798637672895e-19
    outer loop
      vertex 6.186396103067892 6.166396103067893 4.300000000000001
      vertex 6.11114082167286 6.233648334221226 4.300000000000001
      vertex 6.11114082167286 6.233648334221226 5.800000000000001
    endloop
  endfacet
  facet normal 0.7456421648831645 0.6663465779520052 0
    outer loop
      vertex 6.186396103067892 6.166396103067893 4.300000000000001
      vertex 6.186396103067892 6.166396103067893 5.800000000000001
      vertex 6.253648334221227 6.09114082167286 4.300000000000001
    endloop
  endfacet
  facet normal 0.5786712961798021 0.8155608689592627 0
    outer loop
      vertex 6.028828868863803 6.292051779305455 4.300000000000001
      vertex 6.028828868863803 6.292051779305455 5.800000000000001
      vertex 6.11114082167286 6.233648334221226 4.300000000000001
    endloop
  endfacet
  facet normal -0.4837188871052324 0.8752234219087578 0
    outer loop
      vertex 5.159504634794198 6.340871981112176 4.300000000000001
      vertex 5.071171131136197 6.292051779305456 5.800000000000001
      vertex 5.159504634794198 6.340871981112176 5.800000000000001
    endloop
  endfacet
  facet normal -0.3826834323650933 0.9238795325112852 0
    outer loop
      vertex 5.252748844240349 6.37949499727753 4.300000000000001
      vertex 5.159504634794198 6.340871981112176 5.800000000000001
      vertex 5.252748844240349 6.37949499727753 5.800000000000001
    endloop
  endfacet
  facet normal -0.27683551142484686 0.9609173219451003 0
    outer loop
      vertex 5.349731159439317 6.40743512096364 4.300000000000001
      vertex 5.252748844240349 6.37949499727753 5.800000000000001
      vertex 5.349731159439317 6.40743512096364 5.800000000000001
    endloop
  endfacet
  facet normal -0.16750622330474 0.9858710185182353 0
    outer loop
      vertex 5.4492319715070225 6.424340988903918 4.300000000000001
      vertex 5.349731159439317 6.40743512096364 5.800000000000001
      vertex 5.4492319715070225 6.424340988903918 5.800000000000001
    endloop
  endfacet
  facet normal -0.05607044723719402 0.9984268150178165 0
    outer loop
      vertex 5.55 6.43 4.300000000000001
      vertex 5.4492319715070225 6.424340988903918 5.800000000000001
      vertex 5.55 6.43 5.800000000000001
    endloop
  endfacet
  facet normal 0.05607044723719402 0.9984268150178165 0
    outer loop
      vertex 5.650768028492977 6.424340988903918 4.300000000000001
      vertex 5.55 6.43 5.800000000000001
      vertex 5.650768028492977 6.424340988903918 5.800000000000001
    endloop
  endfacet
  facet normal 0.16750622330474 0.9858710185182353 0
    outer loop
      vertex 5.7502688405606825 6.40743512096364 4.300000000000001
      vertex 5.650768028492977 6.424340988903918 5.800000000000001
      vertex 5.7502688405606825 6.40743512096364 5.800000000000001
    endloop
  endfacet
  facet normal 0.27683551142484686 0.9609173219451003 0
    outer loop
      vertex 5.8472511557596505 6.37949499727753 4.300000000000001
      vertex 5.7502688405606825 6.40743512096364 5.800000000000001
      vertex 5.8472511557596505 6.37949499727753 5.800000000000001
    endloop
  endfacet
  facet normal 0.3826834323650933 0.9238795325112852 0
    outer loop
      vertex 5.940495365205802 6.340871981112176 4.300000000000001
      vertex 5.8472511557596505 6.37949499727753 5.800000000000001
      vertex 5.940495365205802 6.340871981112176 5.800000000000001
    endloop
  endfacet
  facet normal 0.5786712961798021 0.8155608689592627 0
    outer loop
      vertex 6.11114082167286 6.233648334221226 4.300000000000001
      vertex 6.028828868863803 6.292051779305455 5.800000000000001
      vertex 6.11114082167286 6.233648334221226 5.800000000000001
    endloop
  endfacet
  facet normal 0.7456421648831645 0.6663465779520052 0
    outer loop
      vertex 6.253648334221227 6.09114082167286 4.300000000000001
      vertex 6.186396103067892 6.166396103067893 5.800000000000001
      vertex 6.253648334221227 6.09114082167286 5.800000000000001
    endloop
  endfacet
  facet normal 0.6663465779520047 0.7456421648831649 0
    outer loop
      vertex 6.186396103067892 6.166396103067893 4.300000000000001
      vertex 6.11114082167286 6.233648334221226 5.800000000000001
      vertex 6.186396103067892 6.166396103067893 5.800000000000001
    endloop
  endfacet
  facet normal 0.4837188871052392 0.8752234219087541 0
    outer loop
      vertex 6.028828868863803 6.292051779305455 4.300000000000001
      vertex 5.940495365205802 6.340871981112176 5.800000000000001
      vertex 6.028828868863803 6.292051779305455 5.800000000000001
    endloop
  endfacet
  facet normal -0.2768355114248513 -0.960917321945099 0
    outer loop
      vertex 5.060453945296109 16.655158593199985 4.300000000000001
      vertex 4.823386063698632 16.72345667332159 1.6
      vertex 5.060453945296109 16.655158593199985 1.6
    endloop
  endfacet
  facet normal -0.8155608689592604 -0.5786712961798055 0
    outer loop
      vertex 3.6872067616977744 17.629529431666256 4.300000000000001
      vertex 3.6872067616977744 17.629529431666256 1.6
      vertex 3.829970738570334 17.428322435910783 1.6
    endloop
  endfacet
  facet normal -0.8752234219087524 -0.48371888710524225 0
    outer loop
      vertex 3.5678684906146776 17.845455773941367 4.300000000000001
      vertex 3.5678684906146776 17.845455773941367 1.6
      vertex 3.6872067616977744 17.629529431666256 1.6
    endloop
  endfacet
  facet normal -0.9609173219450982 -0.27683551142485446 0
    outer loop
      vertex 3.4051585931999875 18.310453945296103 4.300000000000001
      vertex 3.4051585931999875 18.310453945296103 1.6
      vertex 3.473456673321591 18.07338606369863 1.6
    endloop
  endfacet
  facet normal -0.9238795325112891 -0.38268343236508423 0
    outer loop
      vertex 3.473456673321591 18.07338606369863 4.300000000000001
      vertex 3.473456673321591 18.07338606369863 1.6
      vertex 3.5678684906146776 17.845455773941367 1.6
    endloop
  endfacet
  facet normal -0.5786712961798002 -0.815560868959264 0
    outer loop
      vertex 4.37952943166626 16.937206761697773 4.300000000000001
      vertex 4.178322435910785 17.07997073857033 1.6
      vertex 4.37952943166626 16.937206761697773 1.6
    endloop
  endfacet
  facet normal -0.7456421648831659 -0.6663465779520037 0
    outer loop
      vertex 3.829970738570334 17.428322435910783 4.300000000000001
      vertex 3.829970738570334 17.428322435910783 1.6
      vertex 3.994365081389595 17.244365081389592 1.6
    endloop
  endfacet
  facet normal -0.6663465779520037 -0.7456421648831659 0
    outer loop
      vertex 4.178322435910785 17.07997073857033 4.300000000000001
      vertex 3.994365081389595 17.244365081389592 1.6
      vertex 4.178322435910785 17.07997073857033 1.6
    endloop
  endfacet
  facet normal -0.4837188871052448 -0.8752234219087509 0
    outer loop
      vertex 4.595455773941372 16.817868490614675 4.300000000000001
      vertex 4.37952943166626 16.937206761697773 1.6
      vertex 4.595455773941372 16.817868490614675 1.6
    endloop
  endfacet
  facet normal -0.38268343236508634 -0.9238795325112882 0
    outer loop
      vertex 4.823386063698632 16.72345667332159 4.300000000000001
      vertex 4.595455773941372 16.817868490614675 1.6
      vertex 4.823386063698632 16.72345667332159 1.6
    endloop
  endfacet
  facet normal -0.2768355114248513 -0.960917321945099 0
    outer loop
      vertex 4.823386063698632 16.72345667332159 4.300000000000001
      vertex 4.823386063698632 16.72345667332159 1.6
      vertex 5.060453945296109 16.655158593199985 4.300000000000001
    endloop
  endfacet
  facet normal -0.8155608689592604 -0.5786712961798055 0
    outer loop
      vertex 3.829970738570334 17.428322435910783 4.300000000000001
      vertex 3.6872067616977744 17.629529431666256 4.300000000000001
      vertex 3.829970738570334 17.428322435910783 1.6
    endloop
  endfacet
  facet normal -0.8752234219087524 -0.48371888710524225 0
    outer loop
      vertex 3.6872067616977744 17.629529431666256 4.300000000000001
      vertex 3.5678684906146776 17.845455773941367 4.300000000000001
      vertex 3.6872067616977744 17.629529431666256 1.6
    endloop
  endfacet
  facet normal -0.9609173219450982 -0.27683551142485446 0
    outer loop
      vertex 3.473456673321591 18.07338606369863 4.300000000000001
      vertex 3.4051585931999875 18.310453945296103 4.300000000000001
      vertex 3.473456673321591 18.07338606369863 1.6
    endloop
  endfacet
  facet normal -0.9238795325112891 -0.38268343236508423 0
    outer loop
      vertex 3.5678684906146776 17.845455773941367 4.300000000000001
      vertex 3.473456673321591 18.07338606369863 4.300000000000001
      vertex 3.5678684906146776 17.845455773941367 1.6
    endloop
  endfacet
  facet normal -0.5786712961798002 -0.815560868959264 -1.3145524256049274e-18
    outer loop
      vertex 4.37952943166626 16.937206761697773 4.300000000000001
      vertex 4.178322435910785 17.07997073857033 4.300000000000001
      vertex 4.178322435910785 17.07997073857033 1.6
    endloop
  endfacet
  facet normal -0.6663465779520037 -0.7456421648831659 -5.605195826009076e-19
    outer loop
      vertex 4.178322435910785 17.07997073857033 4.300000000000001
      vertex 3.994365081389595 17.244365081389592 4.300000000000001
      vertex 3.994365081389595 17.244365081389592 1.6
    endloop
  endfacet
  facet normal -0.7456421648831659 -0.6663465779520037 -5.605195826009076e-19
    outer loop
      vertex 3.829970738570334 17.428322435910783 4.300000000000001
      vertex 3.994365081389595 17.244365081389592 1.6
      vertex 3.994365081389595 17.244365081389592 4.300000000000001
    endloop
  endfacet
  facet normal -0.4837188871052448 -0.8752234219087509 0
    outer loop
      vertex 4.37952943166626 16.937206761697773 4.300000000000001
      vertex 4.37952943166626 16.937206761697773 1.6
      vertex 4.595455773941372 16.817868490614675 4.300000000000001
    endloop
  endfacet
  facet normal -0.38268343236508634 -0.9238795325112882 0
    outer loop
      vertex 4.595455773941372 16.817868490614675 4.300000000000001
      vertex 4.595455773941372 16.817868490614675 1.6
      vertex 4.823386063698632 16.72345667332159 4.300000000000001
    endloop
  endfacet
  facet normal -0.16750622330473844 -0.9858710185182354 0
    outer loop
      vertex 5.303678152572722 16.613833138234863 4.300000000000001
      vertex 5.060453945296109 16.655158593199985 1.6
      vertex 5.303678152572722 16.613833138234863 1.6
    endloop
  endfacet
  facet normal -0.05607044723718766 -0.9984268150178168 0
    outer loop
      vertex 5.55 16.599999999999998 4.300000000000001
      vertex 5.303678152572722 16.613833138234863 1.6
      vertex 5.55 16.599999999999998 1.6
    endloop
  endfacet
  facet normal 0.05607044723718766 -0.9984268150178168 0
    outer loop
      vertex 5.7963218474272775 16.613833138234863 4.300000000000001
      vertex 5.55 16.599999999999998 1.6
      vertex 5.7963218474272775 16.613833138234863 1.6
    endloop
  endfacet
  facet normal 0.16750622330473844 -0.9858710185182354 0
    outer loop
      vertex 6.039546054703891 16.655158593199985 4.300000000000001
      vertex 5.7963218474272775 16.613833138234863 1.6
      vertex 6.039546054703891 16.655158593199985 1.6
    endloop
  endfacet
  facet normal 0.2768355114248513 -0.960917321945099 0
    outer loop
      vertex 6.276613936301367 16.72345667332159 4.300000000000001
      vertex 6.039546054703891 16.655158593199985 1.6
      vertex 6.276613936301367 16.72345667332159 1.6
    endloop
  endfacet
  facet normal 0.38268343236508634 -0.9238795325112882 0
    outer loop
      vertex 6.504544226058628 16.817868490614675 4.300000000000001
      vertex 6.276613936301367 16.72345667332159 1.6
      vertex 6.504544226058628 16.817868490614675 1.6
    endloop
  endfacet
  facet normal 0.48371888710524175 -0.8752234219087527 0
    outer loop
      vertex 6.720470568333742 16.937206761697773 4.300000000000001
      vertex 6.504544226058628 16.817868490614675 1.6
      vertex 6.720470568333742 16.937206761697773 1.6
    endloop
  endfacet
  facet normal 0.5786712961798054 -0.8155608689592605 0
    outer loop
      vertex 6.921677564089213 17.07997073857033 4.300000000000001
      vertex 6.720470568333742 16.937206761697773 1.6
      vertex 6.921677564089213 17.07997073857033 1.6
    endloop
  endfacet
  facet normal 0.6663465779520019 -0.7456421648831675 0
    outer loop
      vertex 7.105634918610405 17.244365081389592 4.300000000000001
      vertex 6.921677564089213 17.07997073857033 1.6
      vertex 7.105634918610405 17.244365081389592 1.6
    endloop
  endfacet
  facet normal 0.7456421648831659 -0.6663465779520037 0
    outer loop
      vertex 7.105634918610405 17.244365081389592 4.300000000000001
      vertex 7.105634918610405 17.244365081389592 1.6
      vertex 7.2700292614296655 17.428322435910783 1.6
    endloop
  endfacet
  facet normal 0.8155608689592612 -0.5786712961798043 0
    outer loop
      vertex 7.2700292614296655 17.428322435910783 4.300000000000001
      vertex 7.2700292614296655 17.428322435910783 1.6
      vertex 7.412793238302225 17.629529431666256 1.6
    endloop
  endfacet
  facet normal 0.8752234219087517 -0.4837188871052436 0
    outer loop
      vertex 7.412793238302225 17.629529431666256 4.300000000000001
      vertex 7.412793238302225 17.629529431666256 1.6
      vertex 7.532131509385322 17.845455773941367 1.6
    endloop
  endfacet
  facet normal 0.9238795325112891 -0.38268343236508423 0
    outer loop
      vertex 7.532131509385322 17.845455773941367 4.300000000000001
      vertex 7.532131509385322 17.845455773941367 1.6
      vertex 7.626543326678409 18.07338606369863 1.6
    endloop
  endfacet
  facet normal 0.9609173219450987 -0.27683551142485224 0
    outer loop
      vertex 7.626543326678409 18.07338606369863 4.300000000000001
      vertex 7.626543326678409 18.07338606369863 1.6
      vertex 7.694841406800013 18.310453945296107 1.6
    endloop
  endfacet
  facet normal -0.16750622330473844 -0.9858710185182354 0
    outer loop
      vertex 5.060453945296109 16.655158593199985 4.300000000000001
      vertex 5.060453945296109 16.655158593199985 1.6
      vertex 5.303678152572722 16.613833138234863 4.300000000000001
    endloop
  endfacet
  facet normal -0.05607044723718766 -0.9984268150178168 0
    outer loop
      vertex 5.303678152572722 16.613833138234863 4.300000000000001
      vertex 5.303678152572722 16.613833138234863 1.6
      vertex 5.55 16.599999999999998 4.300000000000001
    endloop
  endfacet
  facet normal 0.05607044723718766 -0.9984268150178168 0
    outer loop
      vertex 5.55 16.599999999999998 4.300000000000001
      vertex 5.55 16.599999999999998 1.6
      vertex 5.7963218474272775 16.613833138234863 4.300000000000001
    endloop
  endfacet
  facet normal 0.16750622330473844 -0.9858710185182354 0
    outer loop
      vertex 5.7963218474272775 16.613833138234863 4.300000000000001
      vertex 5.7963218474272775 16.613833138234863 1.6
      vertex 6.039546054703891 16.655158593199985 4.300000000000001
    endloop
  endfacet
  facet normal 0.2768355114248513 -0.960917321945099 0
    outer loop
      vertex 6.039546054703891 16.655158593199985 4.300000000000001
      vertex 6.039546054703891 16.655158593199985 1.6
      vertex 6.276613936301367 16.72345667332159 4.300000000000001
    endloop
  endfacet
  facet normal 0.38268343236508634 -0.9238795325112882 0
    outer loop
      vertex 6.276613936301367 16.72345667332159 4.300000000000001
      vertex 6.276613936301367 16.72345667332159 1.6
      vertex 6.504544226058628 16.817868490614675 4.300000000000001
    endloop
  endfacet
  facet normal 0.48371888710524175 -0.8752234219087527 0
    outer loop
      vertex 6.504544226058628 16.817868490614675 4.300000000000001
      vertex 6.504544226058628 16.817868490614675 1.6
      vertex 6.720470568333742 16.937206761697773 4.300000000000001
    endloop
  endfacet
  facet normal 0.5786712961798054 -0.8155608689592605 0
    outer loop
      vertex 6.720470568333742 16.937206761697773 4.300000000000001
      vertex 6.720470568333742 16.937206761697773 1.6
      vertex 6.921677564089213 17.07997073857033 4.300000000000001
    endloop
  endfacet
  facet normal 0.6663465779520019 -0.7456421648831675 0
    outer loop
      vertex 6.921677564089213 17.07997073857033 4.300000000000001
      vertex 6.921677564089213 17.07997073857033 1.6
      vertex 7.105634918610405 17.244365081389592 4.300000000000001
    endloop
  endfacet
  facet normal 0.7456421648831659 -0.6663465779520037 5.605195826009076e-19
    outer loop
      vertex 7.105634918610405 17.244365081389592 4.300000000000001
      vertex 7.2700292614296655 17.428322435910783 1.6
      vertex 7.2700292614296655 17.428322435910783 4.300000000000001
    endloop
  endfacet
  facet normal 0.8155608689592612 -0.5786712961798043 1.1135725034268799e-18
    outer loop
      vertex 7.2700292614296655 17.428322435910783 4.300000000000001
      vertex 7.412793238302225 17.629529431666256 1.6
      vertex 7.412793238302225 17.629529431666256 4.300000000000001
    endloop
  endfacet
  facet normal 0.8752234219087517 -0.4837188871052436 1.9115320479292145e-18
    outer loop
      vertex 7.412793238302225 17.629529431666256 4.300000000000001
      vertex 7.532131509385322 17.845455773941367 1.6
      vertex 7.532131509385322 17.845455773941367 4.300000000000001
    endloop
  endfacet
  facet normal 0.9238795325112891 -0.38268343236508423 1.4756022927513818e-18
    outer loop
      vertex 7.532131509385322 17.845455773941367 4.300000000000001
      vertex 7.626543326678409 18.07338606369863 1.6
      vertex 7.626543326678409 18.07338606369863 4.300000000000001
    endloop
  endfacet
  facet normal 0.9609173219450987 -0.27683551142485224 -3.615841638790395e-19
    outer loop
      vertex 7.626543326678409 18.07338606369863 4.300000000000001
      vertex 7.694841406800013 18.310453945296107 1.6
      vertex 7.694841406800013 18.310453945296107 4.300000000000001
    endloop
  endfacet
  facet normal -0.9858710185182359 -0.16750622330473544 0
    outer loop
      vertex 3.363833138234866 18.55367815257272 4.300000000000001
      vertex 3.363833138234866 18.55367815257272 1.6
      vertex 3.4051585931999875 18.310453945296103 1.6
    endloop
  endfacet
  facet normal -0.9984268150178166 -0.05607044723719104 0
    outer loop
      vertex 3.3499999999999996 18.799999999999997 4.300000000000001
      vertex 3.3499999999999996 18.799999999999997 1.6
      vertex 3.363833138234866 18.55367815257272 1.6
    endloop
  endfacet
  facet normal -0.9984268150178166 0.05607044723719104 0
    outer loop
      vertex 3.363833138234866 19.046321847427276 4.300000000000001
      vertex 3.363833138234866 19.046321847427276 1.6
      vertex 3.3499999999999996 18.799999999999997 1.6
    endloop
  endfacet
  facet normal -0.9858710185182359 0.16750622330473544 0
    outer loop
      vertex 3.4051585931999875 19.28954605470389 4.300000000000001
      vertex 3.4051585931999875 19.28954605470389 1.6
      vertex 3.363833138234866 19.046321847427276 1.6
    endloop
  endfacet
  facet normal -0.9609173219450982 0.27683551142485446 0
    outer loop
      vertex 3.473456673321591 19.526613936301363 4.300000000000001
      vertex 3.473456673321591 19.526613936301363 1.6
      vertex 3.4051585931999875 19.28954605470389 1.6
    endloop
  endfacet
  facet normal -0.9238795325112891 0.38268343236508423 0
    outer loop
      vertex 3.5678684906146776 19.754544226058627 4.300000000000001
      vertex 3.5678684906146776 19.754544226058627 1.6
      vertex 3.473456673321591 19.526613936301363 1.6
    endloop
  endfacet
  facet normal -0.8752234219087524 0.48371888710524225 0
    outer loop
      vertex 3.6872067616977744 19.970470568333738 4.300000000000001
      vertex 3.6872067616977744 19.970470568333738 1.6
      vertex 3.5678684906146776 19.754544226058627 1.6
    endloop
  endfacet
  facet normal -0.8155608689592604 0.5786712961798055 0
    outer loop
      vertex 3.829970738570334 20.17167756408921 4.300000000000001
      vertex 3.829970738570334 20.17167756408921 1.6
      vertex 3.6872067616977744 19.970470568333738 1.6
    endloop
  endfacet
  facet normal -0.7456421648831659 0.6663465779520037 0
    outer loop
      vertex 3.994365081389595 20.355634918610402 4.300000000000001
      vertex 3.994365081389595 20.355634918610402 1.6
      vertex 3.829970738570334 20.17167756408921 1.6
    endloop
  endfacet
  facet normal -0.6663465779520037 0.7456421648831659 0
    outer loop
      vertex 3.994365081389595 20.355634918610402 4.300000000000001
      vertex 4.178322435910785 20.520029261429663 1.6
      vertex 3.994365081389595 20.355634918610402 1.6
    endloop
  endfacet
  facet normal -0.5786712961798002 0.815560868959264 0
    outer loop
      vertex 4.178322435910785 20.520029261429663 4.300000000000001
      vertex 4.37952943166626 20.66279323830222 1.6
      vertex 4.178322435910785 20.520029261429663 1.6
    endloop
  endfacet
  facet normal -0.4837188871052433 0.8752234219087518 0
    outer loop
      vertex 4.37952943166626 20.66279323830222 4.300000000000001
      vertex 4.595455773941373 20.78213150938532 1.6
      vertex 4.37952943166626 20.66279323830222 1.6
    endloop
  endfacet
  facet normal -0.38268343236508756 0.9238795325112876 0
    outer loop
      vertex 4.595455773941373 20.78213150938532 4.300000000000001
      vertex 4.823386063698632 20.876543326678405 1.6
      vertex 4.595455773941373 20.78213150938532 1.6
    endloop
  endfacet
  facet normal -0.27683551142485224 0.9609173219450987 0
    outer loop
      vertex 4.823386063698632 20.876543326678405 4.300000000000001
      vertex 5.060453945296108 20.94484140680001 1.6
      vertex 4.823386063698632 20.876543326678405 1.6
    endloop
  endfacet
  facet normal -0.9858710185182359 -0.16750622330473544 0
    outer loop
      vertex 3.4051585931999875 18.310453945296103 4.300000000000001
      vertex 3.363833138234866 18.55367815257272 4.300000000000001
      vertex 3.4051585931999875 18.310453945296103 1.6
    endloop
  endfacet
  facet normal -0.9984268150178166 -0.05607044723719104 0
    outer loop
      vertex 3.363833138234866 18.55367815257272 4.300000000000001
      vertex 3.3499999999999996 18.799999999999997 4.300000000000001
      vertex 3.363833138234866 18.55367815257272 1.6
    endloop
  endfacet
  facet normal -0.9984268150178166 0.05607044723719104 0
    outer loop
      vertex 3.3499999999999996 18.799999999999997 4.300000000000001
      vertex 3.363833138234866 19.046321847427276 4.300000000000001
      vertex 3.3499999999999996 18.799999999999997 1.6
    endloop
  endfacet
  facet normal -0.9858710185182359 0.16750622330473544 0
    outer loop
      vertex 3.363833138234866 19.046321847427276 4.300000000000001
      vertex 3.4051585931999875 19.28954605470389 4.300000000000001
      vertex 3.363833138234866 19.046321847427276 1.6
    endloop
  endfacet
  facet normal -0.9609173219450982 0.27683551142485446 0
    outer loop
      vertex 3.4051585931999875 19.28954605470389 4.300000000000001
      vertex 3.473456673321591 19.526613936301363 4.300000000000001
      vertex 3.4051585931999875 19.28954605470389 1.6
    endloop
  endfacet
  facet normal -0.9238795325112891 0.38268343236508423 0
    outer loop
      vertex 3.473456673321591 19.526613936301363 4.300000000000001
      vertex 3.5678684906146776 19.754544226058627 4.300000000000001
      vertex 3.473456673321591 19.526613936301363 1.6
    endloop
  endfacet
  facet normal -0.8752234219087524 0.48371888710524225 0
    outer loop
      vertex 3.5678684906146776 19.754544226058627 4.300000000000001
      vertex 3.6872067616977744 19.970470568333738 4.300000000000001
      vertex 3.5678684906146776 19.754544226058627 1.6
    endloop
  endfacet
  facet normal -0.8155608689592604 0.5786712961798055 0
    outer loop
      vertex 3.6872067616977744 19.970470568333738 4.300000000000001
      vertex 3.829970738570334 20.17167756408921 4.300000000000001
      vertex 3.6872067616977744 19.970470568333738 1.6
    endloop
  endfacet
  facet normal -0.7456421648831659 0.6663465779520037 0
    outer loop
      vertex 3.829970738570334 20.17167756408921 4.300000000000001
      vertex 3.994365081389595 20.355634918610402 4.300000000000001
      vertex 3.829970738570334 20.17167756408921 1.6
    endloop
  endfacet
  facet normal -0.6663465779520037 0.7456421648831659 5.605195826009076e-19
    outer loop
      vertex 3.994365081389595 20.355634918610402 4.300000000000001
      vertex 4.178322435910785 20.520029261429663 4.300000000000001
      vertex 4.178322435910785 20.520029261429663 1.6
    endloop
  endfacet
  facet normal -0.5786712961798002 0.815560868959264 1.3145524256049274e-18
    outer loop
      vertex 4.178322435910785 20.520029261429663 4.300000000000001
      vertex 4.37952943166626 20.66279323830222 4.300000000000001
      vertex 4.37952943166626 20.66279323830222 1.6
    endloop
  endfacet
  facet normal -0.4837188871052433 0.8752234219087518 -1.3263708512546634e-18
    outer loop
      vertex 4.37952943166626 20.66279323830222 4.300000000000001
      vertex 4.595455773941373 20.78213150938532 4.300000000000001
      vertex 4.595455773941373 20.78213150938532 1.6
    endloop
  endfacet
  facet normal -0.38268343236508756 0.9238795325112876 4.480745913675611e-19
    outer loop
      vertex 4.595455773941373 20.78213150938532 4.300000000000001
      vertex 4.823386063698632 20.876543326678405 4.300000000000001
      vertex 4.823386063698632 20.876543326678405 1.6
    endloop
  endfacet
  facet normal -0.27683551142485224 0.9609173219450987 -3.615841638790395e-19
    outer loop
      vertex 4.823386063698632 20.876543326678405 4.300000000000001
      vertex 5.060453945296108 20.94484140680001 4.300000000000001
      vertex 5.060453945296108 20.94484140680001 1.6
    endloop
  endfacet
  facet normal -0.16750622330473786 0.9858710185182357 0
    outer loop
      vertex 5.060453945296108 20.94484140680001 4.300000000000001
      vertex 5.303678152572722 20.98616686176513 1.6
      vertex 5.060453945296108 20.94484140680001 1.6
    endloop
  endfacet
  facet normal -0.05607044723718766 0.9984268150178168 0
    outer loop
      vertex 5.303678152572722 20.98616686176513 4.300000000000001
      vertex 5.55 20.999999999999996 1.6
      vertex 5.303678152572722 20.98616686176513 1.6
    endloop
  endfacet
  facet normal 0.05607044723718766 0.9984268150178168 0
    outer loop
      vertex 5.55 20.999999999999996 4.300000000000001
      vertex 5.7963218474272775 20.98616686176513 1.6
      vertex 5.55 20.999999999999996 1.6
    endloop
  endfacet
  facet normal 0.16750622330473786 0.9858710185182357 0
    outer loop
      vertex 5.7963218474272775 20.98616686176513 4.300000000000001
      vertex 6.039546054703892 20.94484140680001 1.6
      vertex 5.7963218474272775 20.98616686176513 1.6
    endloop
  endfacet
  facet normal 0.27683551142485224 0.9609173219450987 0
    outer loop
      vertex 6.039546054703892 20.94484140680001 4.300000000000001
      vertex 6.276613936301367 20.876543326678405 1.6
      vertex 6.039546054703892 20.94484140680001 1.6
    endloop
  endfacet
  facet normal 0.875223421908755 0.4837188871052375 0
    outer loop
      vertex 7.532131509385322 19.754544226058623 4.300000000000001
      vertex 7.532131509385322 19.754544226058623 1.6
      vertex 7.412793238302225 19.970470568333738 1.6
    endloop
  endfacet
  facet normal 0.8155608689592612 0.5786712961798043 0
    outer loop
      vertex 7.412793238302225 19.970470568333738 4.300000000000001
      vertex 7.412793238302225 19.970470568333738 1.6
      vertex 7.2700292614296655 20.17167756408921 1.6
    endloop
  endfacet
  facet normal 0.7456421648831659 0.6663465779520037 0
    outer loop
      vertex 7.2700292614296655 20.17167756408921 4.300000000000001
      vertex 7.2700292614296655 20.17167756408921 1.6
      vertex 7.105634918610405 20.355634918610402 1.6
    endloop
  endfacet
  facet normal 0.6663465779520019 0.7456421648831675 0
    outer loop
      vertex 6.921677564089213 20.520029261429663 4.300000000000001
      vertex 7.105634918610405 20.355634918610402 1.6
      vertex 6.921677564089213 20.520029261429663 1.6
    endloop
  endfacet
  facet normal 0.38268343236508756 0.9238795325112876 0
    outer loop
      vertex 6.276613936301367 20.876543326678405 4.300000000000001
      vertex 6.504544226058627 20.78213150938532 1.6
      vertex 6.276613936301367 20.876543326678405 1.6
    endloop
  endfacet
  facet normal 0.48371888710524175 0.8752234219087527 0
    outer loop
      vertex 6.504544226058627 20.78213150938532 4.300000000000001
      vertex 6.720470568333741 20.66279323830222 1.6
      vertex 6.504544226058627 20.78213150938532 1.6
    endloop
  endfacet
  facet normal 0.5786712961798036 0.8155608689592617 0
    outer loop
      vertex 6.720470568333741 20.66279323830222 4.300000000000001
      vertex 6.921677564089213 20.520029261429663 1.6
      vertex 6.720470568333741 20.66279323830222 1.6
    endloop
  endfacet
  facet normal 0.9858710185182359 -0.1675062233047361 0
    outer loop
      vertex 7.694841406800013 18.310453945296107 4.300000000000001
      vertex 7.694841406800013 18.310453945296107 1.6
      vertex 7.736166861765134 18.55367815257272 1.6
    endloop
  endfacet
  facet normal 0.9984268150178166 -0.05607044723719104 0
    outer loop
      vertex 7.736166861765134 18.55367815257272 4.300000000000001
      vertex 7.736166861765134 18.55367815257272 1.6
      vertex 7.75 18.799999999999997 1.6
    endloop
  endfacet
  facet normal 0.9984268150178166 0.05607044723719104 0
    outer loop
      vertex 7.75 18.799999999999997 4.300000000000001
      vertex 7.75 18.799999999999997 1.6
      vertex 7.736166861765134 19.046321847427276 1.6
    endloop
  endfacet
  facet normal 0.9858710185182359 0.1675062233047361 0
    outer loop
      vertex 7.736166861765134 19.046321847427276 4.300000000000001
      vertex 7.736166861765134 19.046321847427276 1.6
      vertex 7.694841406800013 19.289546054703887 1.6
    endloop
  endfacet
  facet normal 0.9609173219450997 0.2768355114248484 0
    outer loop
      vertex 7.694841406800013 19.289546054703887 4.300000000000001
      vertex 7.694841406800013 19.289546054703887 1.6
      vertex 7.626543326678409 19.526613936301366 1.6
    endloop
  endfacet
  facet normal 0.9238795325112849 0.38268343236509444 0
    outer loop
      vertex 7.626543326678409 19.526613936301366 4.300000000000001
      vertex 7.626543326678409 19.526613936301366 1.6
      vertex 7.532131509385322 19.754544226058623 1.6
    endloop
  endfacet
  facet normal 0.9238795325112849 0.38268343236509444 0
    outer loop
      vertex 7.532131509385322 19.754544226058623 4.300000000000001
      vertex 7.626543326678409 19.526613936301366 4.300000000000001
      vertex 7.532131509385322 19.754544226058623 1.6
    endloop
  endfacet
  facet normal -0.16750622330473786 0.9858710185182357 4.92123466238441e-19
    outer loop
      vertex 5.060453945296108 20.94484140680001 4.300000000000001
      vertex 5.303678152572722 20.98616686176513 4.300000000000001
      vertex 5.303678152572722 20.98616686176513 1.6
    endloop
  endfacet
  facet normal -0.05607044723718766 0.9984268150178168 5.133462187801748e-20
    outer loop
      vertex 5.303678152572722 20.98616686176513 4.300000000000001
      vertex 5.55 20.999999999999996 4.300000000000001
      vertex 5.55 20.999999999999996 1.6
    endloop
  endfacet
  facet normal 0.27683551142485224 0.9609173219450987 3.615841638790395e-19
    outer loop
      vertex 6.039546054703892 20.94484140680001 4.300000000000001
      vertex 6.276613936301367 20.876543326678405 4.300000000000001
      vertex 6.276613936301367 20.876543326678405 1.6
    endloop
  endfacet
  facet normal 0.05607044723718766 0.9984268150178168 -5.133462187801748e-20
    outer loop
      vertex 5.55 20.999999999999996 4.300000000000001
      vertex 5.7963218474272775 20.98616686176513 4.300000000000001
      vertex 5.7963218474272775 20.98616686176513 1.6
    endloop
  endfacet
  facet normal 0.16750622330473786 0.9858710185182357 -4.92123466238441e-19
    outer loop
      vertex 5.7963218474272775 20.98616686176513 4.300000000000001
      vertex 6.039546054703892 20.94484140680001 4.300000000000001
      vertex 6.039546054703892 20.94484140680001 1.6
    endloop
  endfacet
  facet normal 0.875223421908755 0.4837188871052375 2.242794248592669e-18
    outer loop
      vertex 7.532131509385322 19.754544226058623 4.300000000000001
      vertex 7.412793238302225 19.970470568333738 1.6
      vertex 7.412793238302225 19.970470568333738 4.300000000000001
    endloop
  endfacet
  facet normal 0.8155608689592612 0.5786712961798043 0
    outer loop
      vertex 7.2700292614296655 20.17167756408921 4.300000000000001
      vertex 7.412793238302225 19.970470568333738 4.300000000000001
      vertex 7.2700292614296655 20.17167756408921 1.6
    endloop
  endfacet
  facet normal 0.7456421648831659 0.6663465779520037 -5.605195826009076e-19
    outer loop
      vertex 7.2700292614296655 20.17167756408921 4.300000000000001
      vertex 7.105634918610405 20.355634918610402 1.6
      vertex 7.105634918610405 20.355634918610402 4.300000000000001
    endloop
  endfacet
  facet normal 0.6663465779520019 0.7456421648831675 0
    outer loop
      vertex 7.105634918610405 20.355634918610402 4.300000000000001
      vertex 7.105634918610405 20.355634918610402 1.6
      vertex 6.921677564089213 20.520029261429663 4.300000000000001
    endloop
  endfacet
  facet normal 0.38268343236508756 0.9238795325112876 0
    outer loop
      vertex 6.504544226058627 20.78213150938532 4.300000000000001
      vertex 6.504544226058627 20.78213150938532 1.6
      vertex 6.276613936301367 20.876543326678405 4.300000000000001
    endloop
  endfacet
  facet normal 0.48371888710524175 0.8752234219087527 -1.5413966891452899e-18
    outer loop
      vertex 6.504544226058627 20.78213150938532 4.300000000000001
      vertex 6.720470568333741 20.66279323830222 4.300000000000001
      vertex 6.720470568333741 20.66279323830222 1.6
    endloop
  endfacet
  facet normal 0.5786712961798036 0.8155608689592617 -8.189348569720964e-19
    outer loop
      vertex 6.720470568333741 20.66279323830222 4.300000000000001
      vertex 6.921677564089213 20.520029261429663 4.300000000000001
      vertex 6.921677564089213 20.520029261429663 1.6
    endloop
  endfacet
  facet normal 0.9858710185182359 -0.1675062233047361 4.746934613555606e-19
    outer loop
      vertex 7.694841406800013 18.310453945296107 4.300000000000001
      vertex 7.736166861765134 18.55367815257272 1.6
      vertex 7.736166861765134 18.55367815257272 4.300000000000001
    endloop
  endfacet
  facet normal 0.9984268150178166 -0.05607044723719104 -8.056284185502099e-20
    outer loop
      vertex 7.736166861765134 18.55367815257272 4.300000000000001
      vertex 7.75 18.799999999999997 1.6
      vertex 7.75 18.799999999999997 4.300000000000001
    endloop
  endfacet
  facet normal 0.9984268150178166 0.05607044723719104 8.056284185502099e-20
    outer loop
      vertex 7.75 18.799999999999997 4.300000000000001
      vertex 7.736166861765134 19.046321847427276 1.6
      vertex 7.736166861765134 19.046321847427276 4.300000000000001
    endloop
  endfacet
  facet normal 0.9858710185182359 0.1675062233047361 -4.746934613555606e-19
    outer loop
      vertex 7.736166861765134 19.046321847427276 4.300000000000001
      vertex 7.694841406800013 19.289546054703887 1.6
      vertex 7.694841406800013 19.289546054703887 4.300000000000001
    endloop
  endfacet
  facet normal 0.9609173219450997 0.2768355114248484 6.884984766819352e-19
    outer loop
      vertex 7.694841406800013 19.289546054703887 4.300000000000001
      vertex 7.626543326678409 19.526613936301366 1.6
      vertex 7.626543326678409 19.526613936301366 4.300000000000001
    endloop
  endfacet
  facet normal 0 0 1
    outer loop
      vertex 4.595455773941372 16.817868490614675 4.300000000000001
      vertex 4.823386063698632 16.72345667332159 4.300000000000001
      vertex 4.700505002722469 18.502748844240347 4.300000000000001
    endloop
  endfacet
  facet normal 0 0 1
    outer loop
      vertex 4.823386063698632 16.72345667332159 4.300000000000001
      vertex 5.060453945296109 16.655158593199985 4.300000000000001
      vertex 4.913603896932107 18.163603896932106 4.300000000000001
    endloop
  endfacet
  facet normal 0 0 1
    outer loop
      vertex 4.178322435910785 17.07997073857033 4.300000000000001
      vertex 3.994365081389595 20.355634918610402 4.300000000000001
      vertex 3.994365081389595 17.244365081389592 4.300000000000001
    endloop
  endfacet
  facet normal 0 0 1
    outer loop
      vertex 4.37952943166626 16.937206761697773 4.300000000000001
      vertex 4.178322435910785 20.520029261429663 4.300000000000001
      vertex 4.178322435910785 17.07997073857033 4.300000000000001
    endloop
  endfacet
  facet normal 0 0 1
    outer loop
      vertex 5.060453945296109 16.655158593199985 4.300000000000001
      vertex 5.071171131136197 18.037948220694542 4.300000000000001
      vertex 4.988859178327139 18.09635166577877 4.300000000000001
    endloop
  endfacet
  facet normal 0 0 1
    outer loop
      vertex 5.060453945296109 16.655158593199985 4.300000000000001
      vertex 4.988859178327139 18.09635166577877 4.300000000000001
      vertex 4.913603896932107 18.163603896932106 4.300000000000001
    endloop
  endfacet
  facet normal 0 0 1
    outer loop
      vertex 4.823386063698632 16.72345667332159 4.300000000000001
      vertex 4.913603896932107 18.163603896932106 4.300000000000001
      vertex 4.846351665778773 18.238859178327136 4.300000000000001
    endloop
  endfacet
  facet normal 0 0 1
    outer loop
      vertex 4.823386063698632 16.72345667332159 4.300000000000001
      vertex 4.846351665778773 18.238859178327136 4.300000000000001
      vertex 4.787948220694544 18.321171131136193 4.300000000000001
    endloop
  endfacet
  facet normal 0 0 1
    outer loop
      vertex 4.823386063698632 16.72345667332159 4.300000000000001
      vertex 4.787948220694544 18.321171131136193 4.300000000000001
      vertex 4.739128018887823 18.409504634794196 4.300000000000001
    endloop
  endfacet
  facet normal 0 0 1
    outer loop
      vertex 4.595455773941372 16.817868490614675 4.300000000000001
      vertex 4.672564879036359 18.599731159439315 4.300000000000001
      vertex 4.655659011096081 18.69923197150702 4.300000000000001
    endloop
  endfacet
  facet normal 0 0 1
    outer loop
      vertex 4.595455773941372 16.817868490614675 4.300000000000001
      vertex 4.700505002722469 18.502748844240347 4.300000000000001
      vertex 4.672564879036359 18.599731159439315 4.300000000000001
    endloop
  endfacet
  facet normal 0 0 1
    outer loop
      vertex 4.37952943166626 16.937206761697773 4.300000000000001
      vertex 4.595455773941372 16.817868490614675 4.300000000000001
      vertex 4.37952943166626 20.66279323830222 4.300000000000001
    endloop
  endfacet
  facet normal 0 0 1
    outer loop
      vertex 4.595455773941372 16.817868490614675 4.300000000000001
      vertex 4.655659011096081 18.69923197150702 4.300000000000001
      vertex 4.6499999999999995 18.799999999999997 4.300000000000001
    endloop
  endfacet
  facet normal 0 0 1
    outer loop
      vertex 4.823386063698632 16.72345667332159 4.300000000000001
      vertex 4.739128018887823 18.409504634794196 4.300000000000001
      vertex 4.700505002722469 18.502748844240347 4.300000000000001
    endloop
  endfacet
  facet normal 0 0 1
    outer loop
      vertex 5.060453945296109 16.655158593199985 4.300000000000001
      vertex 5.303678152572722 16.613833138234863 4.300000000000001
      vertex 5.159504634794198 17.98912801888782 4.300000000000001
    endloop
  endfacet
  facet normal 0 0 1
    outer loop
      vertex 5.303678152572722 16.613833138234863 4.300000000000001
      vertex 5.55 16.599999999999998 4.300000000000001
      vertex 5.4492319715070225 17.90565901109608 4.300000000000001
    endloop
  endfacet
  facet normal 0 0 1
    outer loop
      vertex 5.55 16.599999999999998 4.300000000000001
      vertex 5.7963218474272775 16.613833138234863 4.300000000000001
      vertex 5.650768028492977 17.90565901109608 4.300000000000001
    endloop
  endfacet
  facet normal 0 0 1
    outer loop
      vertex 5.303678152572722 16.613833138234863 4.300000000000001
      vertex 5.4492319715070225 17.90565901109608 4.300000000000001
      vertex 5.349731159439317 17.922564879036354 4.300000000000001
    endloop
  endfacet
  facet normal 0 0 1
    outer loop
      vertex 5.4492319715070225 17.90565901109608 4.300000000000001
      vertex 5.55 16.599999999999998 4.300000000000001
      vertex 5.55 17.9 4.300000000000001
    endloop
  endfacet
  facet normal 0 0 1
    outer loop
      vertex 5.55 16.599999999999998 4.300000000000001
      vertex 5.650768028492977 17.90565901109608 4.300000000000001
      vertex 5.55 17.9 4.300000000000001
    endloop
  endfacet
  facet normal 0 0 1
    outer loop
      vertex 5.7963218474272775 16.613833138234863 4.300000000000001
      vertex 6.039546054703891 16.655158593199985 4.300000000000001
      vertex 5.7502688405606825 17.922564879036354 4.300000000000001
    endloop
  endfacet
  facet normal 0 0 1
    outer loop
      vertex 5.7963218474272775 16.613833138234863 4.300000000000001
      vertex 5.7502688405606825 17.922564879036354 4.300000000000001
      vertex 5.650768028492977 17.90565901109608 4.300000000000001
    endloop
  endfacet
  facet normal 0 0 1
    outer loop
      vertex 6.039546054703891 16.655158593199985 4.300000000000001
      vertex 6.276613936301367 16.72345667332159 4.300000000000001
      vertex 6.028828868863803 18.037948220694542 4.300000000000001
    endloop
  endfacet
  facet normal 0 0 1
    outer loop
      vertex 5.060453945296109 16.655158593199985 4.300000000000001
      vertex 5.159504634794198 17.98912801888782 4.300000000000001
      vertex 5.071171131136197 18.037948220694542 4.300000000000001
    endloop
  endfacet
  facet normal 0 0 1
    outer loop
      vertex 5.303678152572722 16.613833138234863 4.300000000000001
      vertex 5.252748844240349 17.950505002722466 4.300000000000001
      vertex 5.159504634794198 17.98912801888782 4.300000000000001
    endloop
  endfacet
  facet normal 0 0 1
    outer loop
      vertex 5.303678152572722 16.613833138234863 4.300000000000001
      vertex 5.349731159439317 17.922564879036354 4.300000000000001
      vertex 5.252748844240349 17.950505002722466 4.300000000000001
    endloop
  endfacet
  facet normal 0 0 1
    outer loop
      vertex 6.039546054703891 16.655158593199985 4.300000000000001
      vertex 5.8472511557596505 17.950505002722466 4.300000000000001
      vertex 5.7502688405606825 17.922564879036354 4.300000000000001
    endloop
  endfacet
  facet normal 0 0 1
    outer loop
      vertex 6.039546054703891 16.655158593199985 4.300000000000001
      vertex 5.940495365205802 17.98912801888782 4.300000000000001
      vertex 5.8472511557596505 17.950505002722466 4.300000000000001
    endloop
  endfacet
  facet normal 0 0 1
    outer loop
      vertex 6.039546054703891 16.655158593199985 4.300000000000001
      vertex 6.028828868863803 18.037948220694542 4.300000000000001
      vertex 5.940495365205802 17.98912801888782 4.300000000000001
    endloop
  endfacet
  facet normal 0 0 1
    outer loop
      vertex 6.276613936301367 16.72345667332159 4.300000000000001
      vertex 6.11114082167286 18.09635166577877 4.300000000000001
      vertex 6.028828868863803 18.037948220694542 4.300000000000001
    endloop
  endfacet
  facet normal 0 0 1
    outer loop
      vertex 6.276613936301367 16.72345667332159 4.300000000000001
      vertex 6.186396103067892 18.163603896932106 4.300000000000001
      vertex 6.11114082167286 18.09635166577877 4.300000000000001
    endloop
  endfacet
  facet normal 0 0 1
    outer loop
      vertex 6.276613936301367 16.72345667332159 4.300000000000001
      vertex 6.253648334221227 18.238859178327136 4.300000000000001
      vertex 6.186396103067892 18.163603896932106 4.300000000000001
    endloop
  endfacet
  facet normal 0 0 1
    outer loop
      vertex 6.276613936301367 16.72345667332159 4.300000000000001
      vertex 6.504544226058628 16.817868490614675 4.300000000000001
      vertex 6.253648334221227 18.238859178327136 4.300000000000001
    endloop
  endfacet
  facet normal 0 0 1
    outer loop
      vertex 6.504544226058628 16.817868490614675 4.300000000000001
      vertex 6.312051779305455 18.321171131136193 4.300000000000001
      vertex 6.253648334221227 18.238859178327136 4.300000000000001
    endloop
  endfacet
  facet normal 0 0 1
    outer loop
      vertex 6.504544226058628 16.817868490614675 4.300000000000001
      vertex 6.360871981112177 18.409504634794196 4.300000000000001
      vertex 6.312051779305455 18.321171131136193 4.300000000000001
    endloop
  endfacet
  facet normal 0 0 1
    outer loop
      vertex 6.504544226058628 16.817868490614675 4.300000000000001
      vertex 6.399494997277531 18.502748844240347 4.300000000000001
      vertex 6.360871981112177 18.409504634794196 4.300000000000001
    endloop
  endfacet
  facet normal 0 0 1
    outer loop
      vertex 6.504544226058628 16.817868490614675 4.300000000000001
      vertex 6.427435120963641 18.599731159439315 4.300000000000001
      vertex 6.399494997277531 18.502748844240347 4.300000000000001
    endloop
  endfacet
  facet normal 0 0 1
    outer loop
      vertex 6.504544226058628 16.817868490614675 4.300000000000001
      vertex 6.444340988903918 18.699231971507018 4.300000000000001
      vertex 6.427435120963641 18.599731159439315 4.300000000000001
    endloop
  endfacet
  facet normal 0 0 1
    outer loop
      vertex 6.504544226058628 16.817868490614675 4.300000000000001
      vertex 6.45 18.799999999999997 4.300000000000001
      vertex 6.444340988903918 18.699231971507018 4.300000000000001
    endloop
  endfacet
  facet normal 0 0 1
    outer loop
      vertex 6.504544226058628 16.817868490614675 4.300000000000001
      vertex 6.720470568333742 16.937206761697773 4.300000000000001
      vertex 6.504544226058627 20.78213150938532 4.300000000000001
    endloop
  endfacet
  facet normal 0 0 1
    outer loop
      vertex 6.720470568333742 16.937206761697773 4.300000000000001
      vertex 6.921677564089213 17.07997073857033 4.300000000000001
      vertex 6.720470568333741 20.66279323830222 4.300000000000001
    endloop
  endfacet
  facet normal 0 0 1
    outer loop
      vertex 3.473456673321591 18.07338606369863 4.300000000000001
      vertex 3.4051585931999875 19.28954605470389 4.300000000000001
      vertex 3.4051585931999875 18.310453945296103 4.300000000000001
    endloop
  endfacet
  facet normal 0 0 1
    outer loop
      vertex 3.6872067616977744 17.629529431666256 4.300000000000001
      vertex 3.5678684906146776 19.754544226058627 4.300000000000001
      vertex 3.5678684906146776 17.845455773941367 4.300000000000001
    endloop
  endfacet
  facet normal 0 0 1
    outer loop
      vertex 3.829970738570334 17.428322435910783 4.300000000000001
      vertex 3.6872067616977744 19.970470568333738 4.300000000000001
      vertex 3.6872067616977744 17.629529431666256 4.300000000000001
    endloop
  endfacet
  facet normal 0 0 1
    outer loop
      vertex 3.5678684906146776 17.845455773941367 4.300000000000001
      vertex 3.473456673321591 19.526613936301363 4.300000000000001
      vertex 3.473456673321591 18.07338606369863 4.300000000000001
    endloop
  endfacet
  facet normal 0 0 1
    outer loop
      vertex 3.4051585931999875 18.310453945296103 4.300000000000001
      vertex 3.363833138234866 19.046321847427276 4.300000000000001
      vertex 3.363833138234866 18.55367815257272 4.300000000000001
    endloop
  endfacet
  facet normal 0 0 1
    outer loop
      vertex 3.363833138234866 18.55367815257272 4.300000000000001
      vertex 3.363833138234866 19.046321847427276 4.300000000000001
      vertex 3.3499999999999996 18.799999999999997 4.300000000000001
    endloop
  endfacet
  facet normal 0 0 1
    outer loop
      vertex 3.4051585931999875 18.310453945296103 4.300000000000001
      vertex 3.4051585931999875 19.28954605470389 4.300000000000001
      vertex 3.363833138234866 19.046321847427276 4.300000000000001
    endloop
  endfacet
  facet normal 0 0 1
    outer loop
      vertex 3.473456673321591 18.07338606369863 4.300000000000001
      vertex 3.473456673321591 19.526613936301363 4.300000000000001
      vertex 3.4051585931999875 19.28954605470389 4.300000000000001
    endloop
  endfacet
  facet normal 0 0 1
    outer loop
      vertex 3.5678684906146776 17.845455773941367 4.300000000000001
      vertex 3.5678684906146776 19.754544226058627 4.300000000000001
      vertex 3.473456673321591 19.526613936301363 4.300000000000001
    endloop
  endfacet
  facet normal 0 0 1
    outer loop
      vertex 3.6872067616977744 17.629529431666256 4.300000000000001
      vertex 3.6872067616977744 19.970470568333738 4.300000000000001
      vertex 3.5678684906146776 19.754544226058627 4.300000000000001
    endloop
  endfacet
  facet normal 0 0 1
    outer loop
      vertex 3.829970738570334 17.428322435910783 4.300000000000001
      vertex 3.829970738570334 20.17167756408921 4.300000000000001
      vertex 3.6872067616977744 19.970470568333738 4.300000000000001
    endloop
  endfacet
  facet normal 0 0 1
    outer loop
      vertex 3.829970738570334 17.428322435910783 4.300000000000001
      vertex 3.994365081389595 17.244365081389592 4.300000000000001
      vertex 3.829970738570334 20.17167756408921 4.300000000000001
    endloop
  endfacet
  facet normal 0 0 1
    outer loop
      vertex 4.595455773941372 16.817868490614675 4.300000000000001
      vertex 4.6499999999999995 18.799999999999997 4.300000000000001
      vertex 4.595455773941373 20.78213150938532 4.300000000000001
    endloop
  endfacet
  facet normal 0 0 1
    outer loop
      vertex 3.994365081389595 17.244365081389592 4.300000000000001
      vertex 3.994365081389595 20.355634918610402 4.300000000000001
      vertex 3.829970738570334 20.17167756408921 4.300000000000001
    endloop
  endfacet
  facet normal 0 0 1
    outer loop
      vertex 4.178322435910785 17.07997073857033 4.300000000000001
      vertex 4.178322435910785 20.520029261429663 4.300000000000001
      vertex 3.994365081389595 20.355634918610402 4.300000000000001
    endloop
  endfacet
  facet normal 0 0 1
    outer loop
      vertex 4.37952943166626 16.937206761697773 4.300000000000001
      vertex 4.37952943166626 20.66279323830222 4.300000000000001
      vertex 4.178322435910785 20.520029261429663 4.300000000000001
    endloop
  endfacet
  facet normal 0 0 1
    outer loop
      vertex 4.595455773941372 16.817868490614675 4.300000000000001
      vertex 4.595455773941373 20.78213150938532 4.300000000000001
      vertex 4.37952943166626 20.66279323830222 4.300000000000001
    endloop
  endfacet
  facet normal 0 0 1
    outer loop
      vertex 4.6499999999999995 18.799999999999997 4.300000000000001
      vertex 4.655659011096081 18.900768028492973 4.300000000000001
      vertex 4.595455773941373 20.78213150938532 4.300000000000001
    endloop
  endfacet
  facet normal 0 0 1
    outer loop
      vertex 4.655659011096081 18.900768028492973 4.300000000000001
      vertex 4.672564879036359 19.00026884056068 4.300000000000001
      vertex 4.595455773941373 20.78213150938532 4.300000000000001
    endloop
  endfacet
  facet normal 0 0 1
    outer loop
      vertex 4.672564879036359 19.00026884056068 4.300000000000001
      vertex 4.700505002722469 19.097251155759647 4.300000000000001
      vertex 4.595455773941373 20.78213150938532 4.300000000000001
    endloop
  endfacet
  facet normal 0 0 1
    outer loop
      vertex 4.700505002722469 19.097251155759647 4.300000000000001
      vertex 4.739128018887823 19.1904953652058 4.300000000000001
      vertex 4.595455773941373 20.78213150938532 4.300000000000001
    endloop
  endfacet
  facet normal 0 0 1
    outer loop
      vertex 4.739128018887823 19.1904953652058 4.300000000000001
      vertex 4.787948220694544 19.2788288688638 4.300000000000001
      vertex 4.595455773941373 20.78213150938532 4.300000000000001
    endloop
  endfacet
  facet normal 0 0 1
    outer loop
      vertex 4.787948220694544 19.2788288688638 4.300000000000001
      vertex 4.846351665778773 19.36114082167286 4.300000000000001
      vertex 4.595455773941373 20.78213150938532 4.300000000000001
    endloop
  endfacet
  facet normal 0 0 1
    outer loop
      vertex 4.846351665778773 19.36114082167286 4.300000000000001
      vertex 4.913603896932107 19.43639610306789 4.300000000000001
      vertex 4.823386063698632 20.876543326678405 4.300000000000001
    endloop
  endfacet
  facet normal 0 0 1
    outer loop
      vertex 4.913603896932107 19.43639610306789 4.300000000000001
      vertex 4.988859178327139 19.503648334221225 4.300000000000001
      vertex 4.823386063698632 20.876543326678405 4.300000000000001
    endloop
  endfacet
  facet normal 0 0 1
    outer loop
      vertex 4.988859178327139 19.503648334221225 4.300000000000001
      vertex 5.071171131136197 19.562051779305452 4.300000000000001
      vertex 4.823386063698632 20.876543326678405 4.300000000000001
    endloop
  endfacet
  facet normal 0 0 1
    outer loop
      vertex 4.846351665778773 19.36114082167286 4.300000000000001
      vertex 4.823386063698632 20.876543326678405 4.300000000000001
      vertex 4.595455773941373 20.78213150938532 4.300000000000001
    endloop
  endfacet
  facet normal 0 0 1
    outer loop
      vertex 5.071171131136197 19.562051779305452 4.300000000000001
      vertex 5.060453945296108 20.94484140680001 4.300000000000001
      vertex 4.823386063698632 20.876543326678405 4.300000000000001
    endloop
  endfacet
  facet normal 0 0 1
    outer loop
      vertex 6.504544226058628 16.817868490614675 4.300000000000001
      vertex 6.504544226058627 20.78213150938532 4.300000000000001
      vertex 6.45 18.799999999999997 4.300000000000001
    endloop
  endfacet
  facet normal 0 0 1
    outer loop
      vertex 6.921677564089213 17.07997073857033 4.300000000000001
      vertex 7.105634918610405 17.244365081389592 4.300000000000001
      vertex 6.921677564089213 20.520029261429663 4.300000000000001
    endloop
  endfacet
  facet normal 0 0 1
    outer loop
      vertex 7.105634918610405 17.244365081389592 4.300000000000001
      vertex 7.2700292614296655 17.428322435910783 4.300000000000001
      vertex 7.105634918610405 20.355634918610402 4.300000000000001
    endloop
  endfacet
  facet normal 0 0 1
    outer loop
      vertex 7.2700292614296655 17.428322435910783 4.300000000000001
      vertex 7.412793238302225 17.629529431666256 4.300000000000001
      vertex 7.2700292614296655 20.17167756408921 4.300000000000001
    endloop
  endfacet
  facet normal 0 0 1
    outer loop
      vertex 7.412793238302225 17.629529431666256 4.300000000000001
      vertex 7.532131509385322 17.845455773941367 4.300000000000001
      vertex 7.412793238302225 19.970470568333738 4.300000000000001
    endloop
  endfacet
  facet normal 0 0 1
    outer loop
      vertex 7.532131509385322 17.845455773941367 4.300000000000001
      vertex 7.626543326678409 18.07338606369863 4.300000000000001
      vertex 7.532131509385322 19.754544226058623 4.300000000000001
    endloop
  endfacet
  facet normal 0 0 1
    outer loop
      vertex 6.444340988903918 18.900768028492973 4.300000000000001
      vertex 6.504544226058627 20.78213150938532 4.300000000000001
      vertex 6.427435120963641 19.00026884056068 4.300000000000001
    endloop
  endfacet
  facet normal 0 0 1
    outer loop
      vertex 6.45 18.799999999999997 4.300000000000001
      vertex 6.504544226058627 20.78213150938532 4.300000000000001
      vertex 6.444340988903918 18.900768028492973 4.300000000000001
    endloop
  endfacet
  facet normal 0 0 1
    outer loop
      vertex 6.427435120963641 19.00026884056068 4.300000000000001
      vertex 6.504544226058627 20.78213150938532 4.300000000000001
      vertex 6.399494997277531 19.097251155759647 4.300000000000001
    endloop
  endfacet
  facet normal 0 0 1
    outer loop
      vertex 6.360871981112177 19.1904953652058 4.300000000000001
      vertex 6.399494997277531 19.097251155759647 4.300000000000001
      vertex 6.276613936301367 20.876543326678405 4.300000000000001
    endloop
  endfacet
  facet normal 0 0 1
    outer loop
      vertex 6.720470568333742 16.937206761697773 4.300000000000001
      vertex 6.720470568333741 20.66279323830222 4.300000000000001
      vertex 6.504544226058627 20.78213150938532 4.300000000000001
    endloop
  endfacet
  facet normal 0 0 1
    outer loop
      vertex 6.921677564089213 17.07997073857033 4.300000000000001
      vertex 6.921677564089213 20.520029261429663 4.300000000000001
      vertex 6.720470568333741 20.66279323830222 4.300000000000001
    endloop
  endfacet
  facet normal 0 0 1
    outer loop
      vertex 7.105634918610405 17.244365081389592 4.300000000000001
      vertex 7.105634918610405 20.355634918610402 4.300000000000001
      vertex 6.921677564089213 20.520029261429663 4.300000000000001
    endloop
  endfacet
  facet normal 0 0 1
    outer loop
      vertex 7.2700292614296655 17.428322435910783 4.300000000000001
      vertex 7.2700292614296655 20.17167756408921 4.300000000000001
      vertex 7.105634918610405 20.355634918610402 4.300000000000001
    endloop
  endfacet
  facet normal 0 0 1
    outer loop
      vertex 7.532131509385322 17.845455773941367 4.300000000000001
      vertex 7.532131509385322 19.754544226058623 4.300000000000001
      vertex 7.412793238302225 19.970470568333738 4.300000000000001
    endloop
  endfacet
  facet normal 0 0 1
    outer loop
      vertex 7.412793238302225 17.629529431666256 4.300000000000001
      vertex 7.412793238302225 19.970470568333738 4.300000000000001
      vertex 7.2700292614296655 20.17167756408921 4.300000000000001
    endloop
  endfacet
  facet normal 0 0 1
    outer loop
      vertex 5.071171131136197 19.562051779305452 4.300000000000001
      vertex 5.159504634794198 19.610871981112176 4.300000000000001
      vertex 5.060453945296108 20.94484140680001 4.300000000000001
    endloop
  endfacet
  facet normal 0 0 1
    outer loop
      vertex 5.159504634794198 19.610871981112176 4.300000000000001
      vertex 5.252748844240349 19.64949499727753 4.300000000000001
      vertex 5.060453945296108 20.94484140680001 4.300000000000001
    endloop
  endfacet
  facet normal 0 0 1
    outer loop
      vertex 5.252748844240349 19.64949499727753 4.300000000000001
      vertex 5.349731159439317 19.67743512096364 4.300000000000001
      vertex 5.060453945296108 20.94484140680001 4.300000000000001
    endloop
  endfacet
  facet normal 0 0 1
    outer loop
      vertex 5.349731159439317 19.67743512096364 4.300000000000001
      vertex 5.4492319715070225 19.694340988903914 4.300000000000001
      vertex 5.303678152572722 20.98616686176513 4.300000000000001
    endloop
  endfacet
  facet normal 0 0 1
    outer loop
      vertex 5.4492319715070225 19.694340988903914 4.300000000000001
      vertex 5.55 19.699999999999996 4.300000000000001
      vertex 5.55 20.999999999999996 4.300000000000001
    endloop
  endfacet
  facet normal 0 0 1
    outer loop
      vertex 5.55 19.699999999999996 4.300000000000001
      vertex 5.650768028492977 19.694340988903914 4.300000000000001
      vertex 5.55 20.999999999999996 4.300000000000001
    endloop
  endfacet
  facet normal 0 0 1
    outer loop
      vertex 5.650768028492977 19.694340988903914 4.300000000000001
      vertex 5.7502688405606825 19.67743512096364 4.300000000000001
      vertex 5.7963218474272775 20.98616686176513 4.300000000000001
    endloop
  endfacet
  facet normal 0 0 1
    outer loop
      vertex 5.7502688405606825 19.67743512096364 4.300000000000001
      vertex 5.8472511557596505 19.64949499727753 4.300000000000001
      vertex 5.7963218474272775 20.98616686176513 4.300000000000001
    endloop
  endfacet
  facet normal 0 0 1
    outer loop
      vertex 5.940495365205802 19.610871981112176 4.300000000000001
      vertex 5.7963218474272775 20.98616686176513 4.300000000000001
      vertex 5.8472511557596505 19.64949499727753 4.300000000000001
    endloop
  endfacet
  facet normal 0 0 1
    outer loop
      vertex 6.312051779305456 19.2788288688638 4.300000000000001
      vertex 6.276613936301367 20.876543326678405 4.300000000000001
      vertex 6.253648334221227 19.36114082167286 4.300000000000001
    endloop
  endfacet
  facet normal 0 0 1
    outer loop
      vertex 6.186396103067892 19.43639610306789 4.300000000000001
      vertex 6.253648334221227 19.36114082167286 4.300000000000001
      vertex 6.276613936301367 20.876543326678405 4.300000000000001
    endloop
  endfacet
  facet normal 0 0 1
    outer loop
      vertex 6.11114082167286 19.503648334221225 4.300000000000001
      vertex 6.039546054703892 20.94484140680001 4.300000000000001
      vertex 6.028828868863803 19.562051779305452 4.300000000000001
    endloop
  endfacet
  facet normal 0 0 1
    outer loop
      vertex 5.940495365205802 19.610871981112176 4.300000000000001
      vertex 6.028828868863803 19.562051779305452 4.300000000000001
      vertex 6.039546054703892 20.94484140680001 4.300000000000001
    endloop
  endfacet
  facet normal 0 0 1
    outer loop
      vertex 6.186396103067892 19.43639610306789 4.300000000000001
      vertex 6.039546054703892 20.94484140680001 4.300000000000001
      vertex 6.11114082167286 19.503648334221225 4.300000000000001
    endloop
  endfacet
  facet normal 0 0 1
    outer loop
      vertex 5.940495365205802 19.610871981112176 4.300000000000001
      vertex 6.039546054703892 20.94484140680001 4.300000000000001
      vertex 5.7963218474272775 20.98616686176513 4.300000000000001
    endloop
  endfacet
  facet normal 0 0 1
    outer loop
      vertex 6.186396103067892 19.43639610306789 4.300000000000001
      vertex 6.276613936301367 20.876543326678405 4.300000000000001
      vertex 6.039546054703892 20.94484140680001 4.300000000000001
    endloop
  endfacet
  facet normal 0 0 1
    outer loop
      vertex 5.349731159439317 19.67743512096364 4.300000000000001
      vertex 5.303678152572722 20.98616686176513 4.300000000000001
      vertex 5.060453945296108 20.94484140680001 4.300000000000001
    endloop
  endfacet
  facet normal 0 0 1
    outer loop
      vertex 5.4492319715070225 19.694340988903914 4.300000000000001
      vertex 5.55 20.999999999999996 4.300000000000001
      vertex 5.303678152572722 20.98616686176513 4.300000000000001
    endloop
  endfacet
  facet normal 0 0 1
    outer loop
      vertex 5.650768028492977 19.694340988903914 4.300000000000001
      vertex 5.7963218474272775 20.98616686176513 4.300000000000001
      vertex 5.55 20.999999999999996 4.300000000000001
    endloop
  endfacet
  facet normal 0 0 1
    outer loop
      vertex 6.360871981112177 19.1904953652058 4.300000000000001
      vertex 6.276613936301367 20.876543326678405 4.300000000000001
      vertex 6.312051779305456 19.2788288688638 4.300000000000001
    endloop
  endfacet
  facet normal 0 0 1
    outer loop
      vertex 6.399494997277531 19.097251155759647 4.300000000000001
      vertex 6.504544226058627 20.78213150938532 4.300000000000001
      vertex 6.276613936301367 20.876543326678405 4.300000000000001
    endloop
  endfacet
  facet normal 0 0 1
    outer loop
      vertex 7.626543326678409 18.07338606369863 4.300000000000001
      vertex 7.694841406800013 18.310453945296107 4.300000000000001
      vertex 7.626543326678409 19.526613936301366 4.300000000000001
    endloop
  endfacet
  facet normal 0 0 1
    outer loop
      vertex 7.694841406800013 18.310453945296107 4.300000000000001
      vertex 7.736166861765134 18.55367815257272 4.300000000000001
      vertex 7.694841406800013 19.289546054703887 4.300000000000001
    endloop
  endfacet
  facet normal 0 0 1
    outer loop
      vertex 7.736166861765134 18.55367815257272 4.300000000000001
      vertex 7.75 18.799999999999997 4.300000000000001
      vertex 7.736166861765134 19.046321847427276 4.300000000000001
    endloop
  endfacet
  facet normal 0 0 1
    outer loop
      vertex 7.736166861765134 18.55367815257272 4.300000000000001
      vertex 7.736166861765134 19.046321847427276 4.300000000000001
      vertex 7.694841406800013 19.289546054703887 4.300000000000001
    endloop
  endfacet
  facet normal 0 0 1
    outer loop
      vertex 7.694841406800013 18.310453945296107 4.300000000000001
      vertex 7.694841406800013 19.289546054703887 4.300000000000001
      vertex 7.626543326678409 19.526613936301366 4.300000000000001
    endloop
  endfacet
  facet normal 0 0 1
    outer loop
      vertex 7.532131509385322 19.754544226058623 4.300000000000001
      vertex 7.626543326678409 18.07338606369863 4.300000000000001
      vertex 7.626543326678409 19.526613936301366 4.300000000000001
    endloop
  endfacet
  facet normal -0.5786712961797962 -0.8155608689592668 5.476119992795636e-19
    outer loop
      vertex 4.988859178327139 18.09635166577877 4.300000000000001
      vertex 5.071171131136197 18.037948220694542 4.300000000000001
      vertex 5.071171131136197 18.037948220694542 5.800000000000001
    endloop
  endfacet
  facet normal -0.6663465779520193 -0.7456421648831518 -6.537513465215407e-19
    outer loop
      vertex 4.913603896932107 18.163603896932106 4.300000000000001
      vertex 4.988859178327139 18.09635166577877 4.300000000000001
      vertex 4.988859178327139 18.09635166577877 5.800000000000001
    endloop
  endfacet
  facet normal -0.7456421648831527 -0.6663465779520182 0
    outer loop
      vertex 4.913603896932107 18.163603896932106 4.300000000000001
      vertex 4.913603896932107 18.163603896932106 5.800000000000001
      vertex 4.846351665778773 18.238859178327136 4.300000000000001
    endloop
  endfacet
  facet normal -0.7456421648831527 -0.6663465779520182 0
    outer loop
      vertex 4.846351665778773 18.238859178327136 4.300000000000001
      vertex 4.913603896932107 18.163603896932106 5.800000000000001
      vertex 4.846351665778773 18.238859178327136 5.800000000000001
    endloop
  endfacet
  facet normal -0.6663465779520193 -0.7456421648831518 0
    outer loop
      vertex 4.913603896932107 18.163603896932106 4.300000000000001
      vertex 4.988859178327139 18.09635166577877 5.800000000000001
      vertex 4.913603896932107 18.163603896932106 5.800000000000001
    endloop
  endfacet
  facet normal -0.5786712961797962 -0.8155608689592668 0
    outer loop
      vertex 4.988859178327139 18.09635166577877 4.300000000000001
      vertex 5.071171131136197 18.037948220694542 5.800000000000001
      vertex 4.988859178327139 18.09635166577877 5.800000000000001
    endloop
  endfacet
  facet normal -0.4837188871052526 -0.8752234219087466 0
    outer loop
      vertex 5.159504634794198 17.98912801888782 4.300000000000001
      vertex 5.159504634794198 17.98912801888782 5.800000000000001
      vertex 5.071171131136197 18.037948220694542 4.300000000000001
    endloop
  endfacet
  facet normal -0.276835511424855 -0.9609173219450979 7.069307315715781e-19
    outer loop
      vertex 5.252748844240349 17.950505002722466 4.300000000000001
      vertex 5.349731159439317 17.922564879036354 4.300000000000001
      vertex 5.349731159439317 17.922564879036354 5.800000000000001
    endloop
  endfacet
  facet normal -0.3826834323650858 -0.9238795325112884 0
    outer loop
      vertex 5.252748844240349 17.950505002722466 4.300000000000001
      vertex 5.252748844240349 17.950505002722466 5.800000000000001
      vertex 5.159504634794198 17.98912801888782 4.300000000000001
    endloop
  endfacet
  facet normal -0.16750622330470577 -0.9858710185182411 2.4439558005805906e-19
    outer loop
      vertex 5.349731159439317 17.922564879036354 4.300000000000001
      vertex 5.4492319715070225 17.90565901109608 4.300000000000001
      vertex 5.4492319715070225 17.90565901109608 5.800000000000001
    endloop
  endfacet
  facet normal -0.05607044723719402 -0.9984268150178165 1.0873998273092928e-19
    outer loop
      vertex 5.4492319715070225 17.90565901109608 4.300000000000001
      vertex 5.55 17.9 4.300000000000001
      vertex 5.55 17.9 5.800000000000001
    endloop
  endfacet
  facet normal 0.05607044723719402 -0.9984268150178165 -1.0873998273092928e-19
    outer loop
      vertex 5.55 17.9 4.300000000000001
      vertex 5.650768028492977 17.90565901109608 4.300000000000001
      vertex 5.650768028492977 17.90565901109608 5.800000000000001
    endloop
  endfacet
  facet normal 0.16750622330470577 -0.9858710185182411 -2.4439558005805906e-19
    outer loop
      vertex 5.650768028492977 17.90565901109608 4.300000000000001
      vertex 5.7502688405606825 17.922564879036354 4.300000000000001
      vertex 5.7502688405606825 17.922564879036354 5.800000000000001
    endloop
  endfacet
  facet normal 0.276835511424855 -0.9609173219450979 -7.069307315715781e-19
    outer loop
      vertex 5.7502688405606825 17.922564879036354 4.300000000000001
      vertex 5.8472511557596505 17.950505002722466 4.300000000000001
      vertex 5.8472511557596505 17.950505002722466 5.800000000000001
    endloop
  endfacet
  facet normal 0.3826834323650858 -0.9238795325112884 1.696723508696105e-19
    outer loop
      vertex 5.8472511557596505 17.950505002722466 4.300000000000001
      vertex 5.940495365205802 17.98912801888782 4.300000000000001
      vertex 5.940495365205802 17.98912801888782 5.800000000000001
    endloop
  endfacet
  facet normal 0.4837188871052526 -0.8752234219087466 -2.712137785625229e-18
    outer loop
      vertex 5.940495365205802 17.98912801888782 4.300000000000001
      vertex 6.028828868863803 18.037948220694542 4.300000000000001
      vertex 6.028828868863803 18.037948220694542 5.800000000000001
    endloop
  endfacet
  facet normal 0.5786712961797962 -0.8155608689592668 -5.476119992795636e-19
    outer loop
      vertex 6.028828868863803 18.037948220694542 4.300000000000001
      vertex 6.11114082167286 18.09635166577877 4.300000000000001
      vertex 6.11114082167286 18.09635166577877 5.800000000000001
    endloop
  endfacet
  facet normal 0.6663465779520193 -0.7456421648831518 6.537513465215407e-19
    outer loop
      vertex 6.11114082167286 18.09635166577877 4.300000000000001
      vertex 6.186396103067892 18.163603896932106 4.300000000000001
      vertex 6.186396103067892 18.163603896932106 5.800000000000001
    endloop
  endfacet
  facet normal 0.7456421648831527 -0.6663465779520182 1.48229180130866e-18
    outer loop
      vertex 6.186396103067892 18.163603896932106 4.300000000000001
      vertex 6.253648334221227 18.238859178327136 4.300000000000001
      vertex 6.253648334221227 18.238859178327136 5.800000000000001
    endloop
  endfacet
  facet normal -0.4837188871052526 -0.8752234219087466 0
    outer loop
      vertex 5.071171131136197 18.037948220694542 4.300000000000001
      vertex 5.159504634794198 17.98912801888782 5.800000000000001
      vertex 5.071171131136197 18.037948220694542 5.800000000000001
    endloop
  endfacet
  facet normal -0.3826834323650858 -0.9238795325112884 0
    outer loop
      vertex 5.159504634794198 17.98912801888782 4.300000000000001
      vertex 5.252748844240349 17.950505002722466 5.800000000000001
      vertex 5.159504634794198 17.98912801888782 5.800000000000001
    endloop
  endfacet
  facet normal -0.276835511424855 -0.9609173219450979 0
    outer loop
      vertex 5.252748844240349 17.950505002722466 4.300000000000001
      vertex 5.349731159439317 17.922564879036354 5.800000000000001
      vertex 5.252748844240349 17.950505002722466 5.800000000000001
    endloop
  endfacet
  facet normal -0.16750622330470577 -0.9858710185182411 0
    outer loop
      vertex 5.349731159439317 17.922564879036354 4.300000000000001
      vertex 5.4492319715070225 17.90565901109608 5.800000000000001
      vertex 5.349731159439317 17.922564879036354 5.800000000000001
    endloop
  endfacet
  facet normal -0.05607044723719402 -0.9984268150178165 0
    outer loop
      vertex 5.4492319715070225 17.90565901109608 4.300000000000001
      vertex 5.55 17.9 5.800000000000001
      vertex 5.4492319715070225 17.90565901109608 5.800000000000001
    endloop
  endfacet
  facet normal 0.05607044723719402 -0.9984268150178165 0
    outer loop
      vertex 5.55 17.9 4.300000000000001
      vertex 5.650768028492977 17.90565901109608 5.800000000000001
      vertex 5.55 17.9 5.800000000000001
    endloop
  endfacet
  facet normal 0.16750622330470577 -0.9858710185182411 0
    outer loop
      vertex 5.650768028492977 17.90565901109608 4.300000000000001
      vertex 5.7502688405606825 17.922564879036354 5.800000000000001
      vertex 5.650768028492977 17.90565901109608 5.800000000000001
    endloop
  endfacet
  facet normal 0.276835511424855 -0.9609173219450979 0
    outer loop
      vertex 5.7502688405606825 17.922564879036354 4.300000000000001
      vertex 5.8472511557596505 17.950505002722466 5.800000000000001
      vertex 5.7502688405606825 17.922564879036354 5.800000000000001
    endloop
  endfacet
  facet normal 0.3826834323650858 -0.9238795325112884 0
    outer loop
      vertex 5.8472511557596505 17.950505002722466 4.300000000000001
      vertex 5.940495365205802 17.98912801888782 5.800000000000001
      vertex 5.8472511557596505 17.950505002722466 5.800000000000001
    endloop
  endfacet
  facet normal 0.4837188871052526 -0.8752234219087466 0
    outer loop
      vertex 5.940495365205802 17.98912801888782 4.300000000000001
      vertex 6.028828868863803 18.037948220694542 5.800000000000001
      vertex 5.940495365205802 17.98912801888782 5.800000000000001
    endloop
  endfacet
  facet normal 0.5786712961797962 -0.8155608689592668 0
    outer loop
      vertex 6.028828868863803 18.037948220694542 4.300000000000001
      vertex 6.11114082167286 18.09635166577877 5.800000000000001
      vertex 6.028828868863803 18.037948220694542 5.800000000000001
    endloop
  endfacet
  facet normal 0.6663465779520193 -0.7456421648831518 0
    outer loop
      vertex 6.11114082167286 18.09635166577877 4.300000000000001
      vertex 6.186396103067892 18.163603896932106 5.800000000000001
      vertex 6.11114082167286 18.09635166577877 5.800000000000001
    endloop
  endfacet
  facet normal 0.7456421648831527 -0.6663465779520182 0
    outer loop
      vertex 6.186396103067892 18.163603896932106 4.300000000000001
      vertex 6.253648334221227 18.238859178327136 5.800000000000001
      vertex 6.186396103067892 18.163603896932106 5.800000000000001
    endloop
  endfacet
  facet normal -0.9238795325112852 -0.3826834323650933 0
    outer loop
      vertex 4.739128018887823 18.409504634794196 4.300000000000001
      vertex 4.739128018887823 18.409504634794196 5.800000000000001
      vertex 4.700505002722469 18.502748844240347 4.300000000000001
    endloop
  endfacet
  facet normal -0.9609173219451003 -0.27683551142484686 0
    outer loop
      vertex 4.700505002722469 18.502748844240347 4.300000000000001
      vertex 4.700505002722469 18.502748844240347 5.800000000000001
      vertex 4.672564879036359 18.599731159439315 4.300000000000001
    endloop
  endfacet
  facet normal -0.8155608689592586 -0.578671296179808 0
    outer loop
      vertex 4.846351665778773 18.238859178327136 4.300000000000001
      vertex 4.846351665778773 18.238859178327136 5.800000000000001
      vertex 4.787948220694544 18.321171131136193 4.300000000000001
    endloop
  endfacet
  facet normal -0.875223421908762 -0.483718887105225 0
    outer loop
      vertex 4.787948220694544 18.321171131136193 4.300000000000001
      vertex 4.787948220694544 18.321171131136193 5.800000000000001
      vertex 4.739128018887823 18.409504634794196 4.300000000000001
    endloop
  endfacet
  facet normal -0.9858710185182354 -0.16750622330473852 -4.255615236613416e-19
    outer loop
      vertex 4.655659011096081 18.69923197150702 4.300000000000001
      vertex 4.672564879036359 18.599731159439315 4.300000000000001
      vertex 4.672564879036359 18.599731159439315 5.800000000000001
    endloop
  endfacet
  facet normal -0.9984268150178165 -0.056070447237195 0
    outer loop
      vertex 4.655659011096081 18.69923197150702 4.300000000000001
      vertex 4.655659011096081 18.69923197150702 5.800000000000001
      vertex 4.6499999999999995 18.799999999999997 4.300000000000001
    endloop
  endfacet
  facet normal -0.9984268150178165 0.056070447237195 0
    outer loop
      vertex 4.6499999999999995 18.799999999999997 4.300000000000001
      vertex 4.6499999999999995 18.799999999999997 5.800000000000001
      vertex 4.655659011096081 18.900768028492973 4.300000000000001
    endloop
  endfacet
  facet normal -0.9858710185182354 0.16750622330473852 0
    outer loop
      vertex 4.655659011096081 18.900768028492973 4.300000000000001
      vertex 4.655659011096081 18.900768028492973 5.800000000000001
      vertex 4.672564879036359 19.00026884056068 4.300000000000001
    endloop
  endfacet
  facet normal -0.9609173219451003 0.27683551142484686 0
    outer loop
      vertex 4.672564879036359 19.00026884056068 4.300000000000001
      vertex 4.672564879036359 19.00026884056068 5.800000000000001
      vertex 4.700505002722469 19.097251155759647 4.300000000000001
    endloop
  endfacet
  facet normal -0.9238795325112852 0.3826834323650933 0
    outer loop
      vertex 4.700505002722469 19.097251155759647 4.300000000000001
      vertex 4.700505002722469 19.097251155759647 5.800000000000001
      vertex 4.739128018887823 19.1904953652058 4.300000000000001
    endloop
  endfacet
  facet normal -0.875223421908762 0.483718887105225 0
    outer loop
      vertex 4.739128018887823 19.1904953652058 4.300000000000001
      vertex 4.739128018887823 19.1904953652058 5.800000000000001
      vertex 4.787948220694544 19.2788288688638 4.300000000000001
    endloop
  endfacet
  facet normal -0.8155608689592586 0.578671296179808 0
    outer loop
      vertex 4.787948220694544 19.2788288688638 4.300000000000001
      vertex 4.787948220694544 19.2788288688638 5.800000000000001
      vertex 4.846351665778773 19.36114082167286 4.300000000000001
    endloop
  endfacet
  facet normal -0.7456421648831527 0.6663465779520182 0
    outer loop
      vertex 4.846351665778773 19.36114082167286 4.300000000000001
      vertex 4.846351665778773 19.36114082167286 5.800000000000001
      vertex 4.913603896932107 19.43639610306789 4.300000000000001
    endloop
  endfacet
  facet normal -0.6663465779520193 0.7456421648831518 0
    outer loop
      vertex 4.913603896932107 19.43639610306789 4.300000000000001
      vertex 4.913603896932107 19.43639610306789 5.800000000000001
      vertex 4.988859178327139 19.503648334221225 4.300000000000001
    endloop
  endfacet
  facet normal -0.5786712961797962 0.8155608689592668 0
    outer loop
      vertex 4.988859178327139 19.503648334221225 4.300000000000001
      vertex 4.988859178327139 19.503648334221225 5.800000000000001
      vertex 5.071171131136197 19.562051779305452 4.300000000000001
    endloop
  endfacet
  facet normal -0.9238795325112852 -0.3826834323650933 0
    outer loop
      vertex 4.700505002722469 18.502748844240347 4.300000000000001
      vertex 4.739128018887823 18.409504634794196 5.800000000000001
      vertex 4.700505002722469 18.502748844240347 5.800000000000001
    endloop
  endfacet
  facet normal -0.9609173219451003 -0.27683551142484686 0
    outer loop
      vertex 4.672564879036359 18.599731159439315 4.300000000000001
      vertex 4.700505002722469 18.502748844240347 5.800000000000001
      vertex 4.672564879036359 18.599731159439315 5.800000000000001
    endloop
  endfacet
  facet normal -0.8155608689592586 -0.578671296179808 0
    outer loop
      vertex 4.787948220694544 18.321171131136193 4.300000000000001
      vertex 4.846351665778773 18.238859178327136 5.800000000000001
      vertex 4.787948220694544 18.321171131136193 5.800000000000001
    endloop
  endfacet
  facet normal -0.875223421908762 -0.483718887105225 0
    outer loop
      vertex 4.739128018887823 18.409504634794196 4.300000000000001
      vertex 4.787948220694544 18.321171131136193 5.800000000000001
      vertex 4.739128018887823 18.409504634794196 5.800000000000001
    endloop
  endfacet
  facet normal -0.9858710185182354 -0.16750622330473852 0
    outer loop
      vertex 4.655659011096081 18.69923197150702 4.300000000000001
      vertex 4.672564879036359 18.599731159439315 5.800000000000001
      vertex 4.655659011096081 18.69923197150702 5.800000000000001
    endloop
  endfacet
  facet normal -0.9984268150178165 -0.056070447237195 0
    outer loop
      vertex 4.6499999999999995 18.799999999999997 4.300000000000001
      vertex 4.655659011096081 18.69923197150702 5.800000000000001
      vertex 4.6499999999999995 18.799999999999997 5.800000000000001
    endloop
  endfacet
  facet normal -0.9984268150178165 0.056070447237195 0
    outer loop
      vertex 4.655659011096081 18.900768028492973 4.300000000000001
      vertex 4.6499999999999995 18.799999999999997 5.800000000000001
      vertex 4.655659011096081 18.900768028492973 5.800000000000001
    endloop
  endfacet
  facet normal -0.9858710185182354 0.16750622330473852 0
    outer loop
      vertex 4.672564879036359 19.00026884056068 4.300000000000001
      vertex 4.655659011096081 18.900768028492973 5.800000000000001
      vertex 4.672564879036359 19.00026884056068 5.800000000000001
    endloop
  endfacet
  facet normal -0.9609173219451003 0.27683551142484686 0
    outer loop
      vertex 4.700505002722469 19.097251155759647 4.300000000000001
      vertex 4.672564879036359 19.00026884056068 5.800000000000001
      vertex 4.700505002722469 19.097251155759647 5.800000000000001
    endloop
  endfacet
  facet normal -0.9238795325112852 0.3826834323650933 0
    outer loop
      vertex 4.739128018887823 19.1904953652058 4.300000000000001
      vertex 4.700505002722469 19.097251155759647 5.800000000000001
      vertex 4.739128018887823 19.1904953652058 5.800000000000001
    endloop
  endfacet
  facet normal -0.875223421908762 0.483718887105225 0
    outer loop
      vertex 4.787948220694544 19.2788288688638 4.300000000000001
      vertex 4.739128018887823 19.1904953652058 5.800000000000001
      vertex 4.787948220694544 19.2788288688638 5.800000000000001
    endloop
  endfacet
  facet normal -0.8155608689592586 0.578671296179808 0
    outer loop
      vertex 4.846351665778773 19.36114082167286 4.300000000000001
      vertex 4.787948220694544 19.2788288688638 5.800000000000001
      vertex 4.846351665778773 19.36114082167286 5.800000000000001
    endloop
  endfacet
  facet normal -0.7456421648831527 0.6663465779520182 0
    outer loop
      vertex 4.913603896932107 19.43639610306789 4.300000000000001
      vertex 4.846351665778773 19.36114082167286 5.800000000000001
      vertex 4.913603896932107 19.43639610306789 5.800000000000001
    endloop
  endfacet
  facet normal -0.6663465779520193 0.7456421648831518 0
    outer loop
      vertex 4.988859178327139 19.503648334221225 4.300000000000001
      vertex 4.913603896932107 19.43639610306789 5.800000000000001
      vertex 4.988859178327139 19.503648334221225 5.800000000000001
    endloop
  endfacet
  facet normal -0.5786712961797962 0.8155608689592668 0
    outer loop
      vertex 5.071171131136197 19.562051779305452 4.300000000000001
      vertex 4.988859178327139 19.503648334221225 5.800000000000001
      vertex 5.071171131136197 19.562051779305452 5.800000000000001
    endloop
  endfacet
  facet normal 0 0 1
    outer loop
      vertex 4.846351665778773 18.238859178327136 5.800000000000001
      vertex 4.787948220694544 19.2788288688638 5.800000000000001
      vertex 4.787948220694544 18.321171131136193 5.800000000000001
    endloop
  endfacet
  facet normal 0 0 1
    outer loop
      vertex 4.913603896932107 18.163603896932106 5.800000000000001
      vertex 4.846351665778773 19.36114082167286 5.800000000000001
      vertex 4.846351665778773 18.238859178327136 5.800000000000001
    endloop
  endfacet
  facet normal 0 0 1
    outer loop
      vertex 4.913603896932107 18.163603896932106 5.800000000000001
      vertex 4.988859178327139 18.09635166577877 5.800000000000001
      vertex 4.913603896932107 19.43639610306789 5.800000000000001
    endloop
  endfacet
  facet normal 0 0 1
    outer loop
      vertex 4.988859178327139 18.09635166577877 5.800000000000001
      vertex 5.071171131136197 18.037948220694542 5.800000000000001
      vertex 4.988859178327139 19.503648334221225 5.800000000000001
    endloop
  endfacet
  facet normal 0 0 1
    outer loop
      vertex 4.739128018887823 18.409504634794196 5.800000000000001
      vertex 4.700505002722469 19.097251155759647 5.800000000000001
      vertex 4.700505002722469 18.502748844240347 5.800000000000001
    endloop
  endfacet
  facet normal 0 0 1
    outer loop
      vertex 4.700505002722469 18.502748844240347 5.800000000000001
      vertex 4.672564879036359 19.00026884056068 5.800000000000001
      vertex 4.672564879036359 18.599731159439315 5.800000000000001
    endloop
  endfacet
  facet normal 0 0 1
    outer loop
      vertex 4.655659011096081 18.69923197150702 5.800000000000001
      vertex 4.672564879036359 18.599731159439315 5.800000000000001
      vertex 4.655659011096081 18.900768028492973 5.800000000000001
    endloop
  endfacet
  facet normal 0 0 1
    outer loop
      vertex 4.655659011096081 18.69923197150702 5.800000000000001
      vertex 4.655659011096081 18.900768028492973 5.800000000000001
      vertex 4.6499999999999995 18.799999999999997 5.800000000000001
    endloop
  endfacet
  facet normal 0 0 1
    outer loop
      vertex 4.672564879036359 18.599731159439315 5.800000000000001
      vertex 4.672564879036359 19.00026884056068 5.800000000000001
      vertex 4.655659011096081 18.900768028492973 5.800000000000001
    endloop
  endfacet
  facet normal 0 0 1
    outer loop
      vertex 4.700505002722469 18.502748844240347 5.800000000000001
      vertex 4.700505002722469 19.097251155759647 5.800000000000001
      vertex 4.672564879036359 19.00026884056068 5.800000000000001
    endloop
  endfacet
  facet normal 0 0 1
    outer loop
      vertex 4.739128018887823 18.409504634794196 5.800000000000001
      vertex 4.739128018887823 19.1904953652058 5.800000000000001
      vertex 4.700505002722469 19.097251155759647 5.800000000000001
    endloop
  endfacet
  facet normal 0 0 1
    outer loop
      vertex 4.787948220694544 18.321171131136193 5.800000000000001
      vertex 4.739128018887823 19.1904953652058 5.800000000000001
      vertex 4.739128018887823 18.409504634794196 5.800000000000001
    endloop
  endfacet
  facet normal 0 0 1
    outer loop
      vertex 4.787948220694544 18.321171131136193 5.800000000000001
      vertex 4.787948220694544 19.2788288688638 5.800000000000001
      vertex 4.739128018887823 19.1904953652058 5.800000000000001
    endloop
  endfacet
  facet normal 0 0 1
    outer loop
      vertex 4.846351665778773 18.238859178327136 5.800000000000001
      vertex 4.846351665778773 19.36114082167286 5.800000000000001
      vertex 4.787948220694544 19.2788288688638 5.800000000000001
    endloop
  endfacet
  facet normal 0 0 1
    outer loop
      vertex 4.913603896932107 18.163603896932106 5.800000000000001
      vertex 4.913603896932107 19.43639610306789 5.800000000000001
      vertex 4.846351665778773 19.36114082167286 5.800000000000001
    endloop
  endfacet
  facet normal 0 0 1
    outer loop
      vertex 4.988859178327139 18.09635166577877 5.800000000000001
      vertex 4.988859178327139 19.503648334221225 5.800000000000001
      vertex 4.913603896932107 19.43639610306789 5.800000000000001
    endloop
  endfacet
  facet normal 0 0 1
    outer loop
      vertex 5.071171131136197 18.037948220694542 5.800000000000001
      vertex 5.071171131136197 19.562051779305452 5.800000000000001
      vertex 4.988859178327139 19.503648334221225 5.800000000000001
    endloop
  endfacet
  facet normal 0.8155608689592627 -0.5786712961798021 1.099219598380265e-18
    outer loop
      vertex 6.253648334221227 18.238859178327136 4.300000000000001
      vertex 6.312051779305455 18.321171131136193 4.300000000000001
      vertex 6.312051779305455 18.321171131136193 5.800000000000001
    endloop
  endfacet
  facet normal -0.4837188871052526 0.8752234219087466 0
    outer loop
      vertex 5.071171131136197 19.562051779305452 4.300000000000001
      vertex 5.071171131136197 19.562051779305452 5.800000000000001
      vertex 5.159504634794198 19.610871981112176 4.300000000000001
    endloop
  endfacet
  facet normal -0.3826834323650858 0.9238795325112884 0
    outer loop
      vertex 5.159504634794198 19.610871981112176 4.300000000000001
      vertex 5.159504634794198 19.610871981112176 5.800000000000001
      vertex 5.252748844240349 19.64949499727753 4.300000000000001
    endloop
  endfacet
  facet normal -0.276835511424855 0.9609173219450979 0
    outer loop
      vertex 5.252748844240349 19.64949499727753 4.300000000000001
      vertex 5.252748844240349 19.64949499727753 5.800000000000001
      vertex 5.349731159439317 19.67743512096364 4.300000000000001
    endloop
  endfacet
  facet normal -0.16750622330470577 0.9858710185182411 0
    outer loop
      vertex 5.349731159439317 19.67743512096364 4.300000000000001
      vertex 5.349731159439317 19.67743512096364 5.800000000000001
      vertex 5.4492319715070225 19.694340988903914 4.300000000000001
    endloop
  endfacet
  facet normal -0.05607044723719402 0.9984268150178165 0
    outer loop
      vertex 5.4492319715070225 19.694340988903914 4.300000000000001
      vertex 5.4492319715070225 19.694340988903914 5.800000000000001
      vertex 5.55 19.699999999999996 4.300000000000001
    endloop
  endfacet
  facet normal 0.05607044723719402 0.9984268150178165 0
    outer loop
      vertex 5.55 19.699999999999996 4.300000000000001
      vertex 5.55 19.699999999999996 5.800000000000001
      vertex 5.650768028492977 19.694340988903914 4.300000000000001
    endloop
  endfacet
  facet normal 0.8155608689592586 0.578671296179808 -2.7460511960400774e-18
    outer loop
      vertex 6.312051779305456 19.2788288688638 4.300000000000001
      vertex 6.253648334221227 19.36114082167286 4.300000000000001
      vertex 6.253648334221227 19.36114082167286 5.800000000000001
    endloop
  endfacet
  facet normal 0.276835511424855 0.9609173219450979 0
    outer loop
      vertex 5.7502688405606825 19.67743512096364 4.300000000000001
      vertex 5.7502688405606825 19.67743512096364 5.800000000000001
      vertex 5.8472511557596505 19.64949499727753 4.300000000000001
    endloop
  endfacet
  facet normal 0.16750622330470577 0.9858710185182411 0
    outer loop
      vertex 5.650768028492977 19.694340988903914 4.300000000000001
      vertex 5.650768028492977 19.694340988903914 5.800000000000001
      vertex 5.7502688405606825 19.67743512096364 4.300000000000001
    endloop
  endfacet
  facet normal 0.3826834323650858 0.9238795325112884 -1.696723508696105e-19
    outer loop
      vertex 5.940495365205802 19.610871981112176 4.300000000000001
      vertex 5.8472511557596505 19.64949499727753 4.300000000000001
      vertex 5.8472511557596505 19.64949499727753 5.800000000000001
    endloop
  endfacet
  facet normal 0.4837188871052526 0.8752234219087466 0
    outer loop
      vertex 5.940495365205802 19.610871981112176 4.300000000000001
      vertex 5.940495365205802 19.610871981112176 5.800000000000001
      vertex 6.028828868863803 19.562051779305452 4.300000000000001
    endloop
  endfacet
  facet normal 0.6663465779520193 0.7456421648831518 -6.537513465215407e-19
    outer loop
      vertex 6.186396103067892 19.43639610306789 4.300000000000001
      vertex 6.11114082167286 19.503648334221225 4.300000000000001
      vertex 6.11114082167286 19.503648334221225 5.800000000000001
    endloop
  endfacet
  facet normal 0.5786712961797962 0.8155608689592668 5.476119992795636e-19
    outer loop
      vertex 6.11114082167286 19.503648334221225 4.300000000000001
      vertex 6.028828868863803 19.562051779305452 4.300000000000001
      vertex 6.028828868863803 19.562051779305452 5.800000000000001
    endloop
  endfacet
  facet normal 0.7456421648831527 0.6663465779520182 0
    outer loop
      vertex 6.186396103067892 19.43639610306789 4.300000000000001
      vertex 6.186396103067892 19.43639610306789 5.800000000000001
      vertex 6.253648334221227 19.36114082167286 4.300000000000001
    endloop
  endfacet
  facet normal 0.8752234219087581 -0.48371888710523164 -2.272368349176647e-18
    outer loop
      vertex 6.312051779305455 18.321171131136193 4.300000000000001
      vertex 6.360871981112177 18.409504634794196 4.300000000000001
      vertex 6.360871981112177 18.409504634794196 5.800000000000001
    endloop
  endfacet
  facet normal 0.9238795325112852 -0.3826834323650933 6.69484952455075e-20
    outer loop
      vertex 6.360871981112177 18.409504634794196 4.300000000000001
      vertex 6.399494997277531 18.502748844240347 4.300000000000001
      vertex 6.399494997277531 18.502748844240347 5.800000000000001
    endloop
  endfacet
  facet normal 0.9609173219451003 -0.27683551142484686 3.8226440361144687e-19
    outer loop
      vertex 6.399494997277531 18.502748844240347 4.300000000000001
      vertex 6.427435120963641 18.599731159439315 4.300000000000001
      vertex 6.427435120963641 18.599731159439315 5.800000000000001
    endloop
  endfacet
  facet normal 0.9858710185182346 -0.16750622330474435 4.459860433770095e-19
    outer loop
      vertex 6.427435120963641 18.599731159439315 4.300000000000001
      vertex 6.444340988903918 18.699231971507018 4.300000000000001
      vertex 6.444340988903918 18.699231971507018 5.800000000000001
    endloop
  endfacet
  facet normal 0.9984268150178165 -0.05607044723719303 -3.112440934409543e-19
    outer loop
      vertex 6.444340988903918 18.699231971507018 4.300000000000001
      vertex 6.45 18.799999999999997 4.300000000000001
      vertex 6.45 18.799999999999997 5.800000000000001
    endloop
  endfacet
  facet normal 0.9984268150178165 0.056070447237195 -9.376412797910288e-20
    outer loop
      vertex 6.45 18.799999999999997 4.300000000000001
      vertex 6.444340988903918 18.900768028492973 4.300000000000001
      vertex 6.444340988903918 18.900768028492973 5.800000000000001
    endloop
  endfacet
  facet normal 0.9858710185182354 0.16750622330473852 -4.255615236613416e-19
    outer loop
      vertex 6.444340988903918 18.900768028492973 4.300000000000001
      vertex 6.427435120963641 19.00026884056068 4.300000000000001
      vertex 6.427435120963641 19.00026884056068 5.800000000000001
    endloop
  endfacet
  facet normal 0.9609173219451003 0.27683551142484686 -3.8226440361144687e-19
    outer loop
      vertex 6.427435120963641 19.00026884056068 4.300000000000001
      vertex 6.399494997277531 19.097251155759647 4.300000000000001
      vertex 6.399494997277531 19.097251155759647 5.800000000000001
    endloop
  endfacet
  facet normal 0.9238795325112852 0.3826834323650933 0
    outer loop
      vertex 6.360871981112177 19.1904953652058 4.300000000000001
      vertex 6.360871981112177 19.1904953652058 5.800000000000001
      vertex 6.399494997277531 19.097251155759647 4.300000000000001
    endloop
  endfacet
  facet normal 0.875223421908762 0.483718887105225 -8.586562996795735e-19
    outer loop
      vertex 6.360871981112177 19.1904953652058 4.300000000000001
      vertex 6.312051779305456 19.2788288688638 4.300000000000001
      vertex 6.312051779305456 19.2788288688638 5.800000000000001
    endloop
  endfacet
  facet normal 0.8155608689592627 -0.5786712961798021 0
    outer loop
      vertex 6.253648334221227 18.238859178327136 4.300000000000001
      vertex 6.312051779305455 18.321171131136193 5.800000000000001
      vertex 6.253648334221227 18.238859178327136 5.800000000000001
    endloop
  endfacet
  facet normal -0.4837188871052526 0.8752234219087466 0
    outer loop
      vertex 5.159504634794198 19.610871981112176 4.300000000000001
      vertex 5.071171131136197 19.562051779305452 5.800000000000001
      vertex 5.159504634794198 19.610871981112176 5.800000000000001
    endloop
  endfacet
  facet normal -0.3826834323650858 0.9238795325112884 0
    outer loop
      vertex 5.252748844240349 19.64949499727753 4.300000000000001
      vertex 5.159504634794198 19.610871981112176 5.800000000000001
      vertex 5.252748844240349 19.64949499727753 5.800000000000001
    endloop
  endfacet
  facet normal -0.276835511424855 0.9609173219450979 0
    outer loop
      vertex 5.349731159439317 19.67743512096364 4.300000000000001
      vertex 5.252748844240349 19.64949499727753 5.800000000000001
      vertex 5.349731159439317 19.67743512096364 5.800000000000001
    endloop
  endfacet
  facet normal -0.16750622330470577 0.9858710185182411 0
    outer loop
      vertex 5.4492319715070225 19.694340988903914 4.300000000000001
      vertex 5.349731159439317 19.67743512096364 5.800000000000001
      vertex 5.4492319715070225 19.694340988903914 5.800000000000001
    endloop
  endfacet
  facet normal -0.05607044723719402 0.9984268150178165 0
    outer loop
      vertex 5.55 19.699999999999996 4.300000000000001
      vertex 5.4492319715070225 19.694340988903914 5.800000000000001
      vertex 5.55 19.699999999999996 5.800000000000001
    endloop
  endfacet
  facet normal 0.05607044723719402 0.9984268150178165 0
    outer loop
      vertex 5.650768028492977 19.694340988903914 4.300000000000001
      vertex 5.55 19.699999999999996 5.800000000000001
      vertex 5.650768028492977 19.694340988903914 5.800000000000001
    endloop
  endfacet
  facet normal 0.8155608689592586 0.578671296179808 0
    outer loop
      vertex 6.312051779305456 19.2788288688638 4.300000000000001
      vertex 6.253648334221227 19.36114082167286 5.800000000000001
      vertex 6.312051779305456 19.2788288688638 5.800000000000001
    endloop
  endfacet
  facet normal 0.7456421648831527 0.6663465779520182 0
    outer loop
      vertex 6.253648334221227 19.36114082167286 4.300000000000001
      vertex 6.186396103067892 19.43639610306789 5.800000000000001
      vertex 6.253648334221227 19.36114082167286 5.800000000000001
    endloop
  endfacet
  facet normal 0.276835511424855 0.9609173219450979 0
    outer loop
      vertex 5.8472511557596505 19.64949499727753 4.300000000000001
      vertex 5.7502688405606825 19.67743512096364 5.800000000000001
      vertex 5.8472511557596505 19.64949499727753 5.800000000000001
    endloop
  endfacet
  facet normal 0.16750622330470577 0.9858710185182411 0
    outer loop
      vertex 5.7502688405606825 19.67743512096364 4.300000000000001
      vertex 5.650768028492977 19.694340988903914 5.800000000000001
      vertex 5.7502688405606825 19.67743512096364 5.800000000000001
    endloop
  endfacet
  facet normal 0.3826834323650858 0.9238795325112884 0
    outer loop
      vertex 5.940495365205802 19.610871981112176 4.300000000000001
      vertex 5.8472511557596505 19.64949499727753 5.800000000000001
      vertex 5.940495365205802 19.610871981112176 5.800000000000001
    endloop
  endfacet
  facet normal 0.5786712961797962 0.8155608689592668 0
    outer loop
      vertex 6.11114082167286 19.503648334221225 4.300000000000001
      vertex 6.028828868863803 19.562051779305452 5.800000000000001
      vertex 6.11114082167286 19.503648334221225 5.800000000000001
    endloop
  endfacet
  facet normal 0.6663465779520193 0.7456421648831518 0
    outer loop
      vertex 6.186396103067892 19.43639610306789 4.300000000000001
      vertex 6.11114082167286 19.503648334221225 5.800000000000001
      vertex 6.186396103067892 19.43639610306789 5.800000000000001
    endloop
  endfacet
  facet normal 0.4837188871052526 0.8752234219087466 0
    outer loop
      vertex 6.028828868863803 19.562051779305452 4.300000000000001
      vertex 5.940495365205802 19.610871981112176 5.800000000000001
      vertex 6.028828868863803 19.562051779305452 5.800000000000001
    endloop
  endfacet
  facet normal 0.8752234219087581 -0.48371888710523164 0
    outer loop
      vertex 6.312051779305455 18.321171131136193 4.300000000000001
      vertex 6.360871981112177 18.409504634794196 5.800000000000001
      vertex 6.312051779305455 18.321171131136193 5.800000000000001
    endloop
  endfacet
  facet normal 0.9238795325112852 -0.3826834323650933 0
    outer loop
      vertex 6.360871981112177 18.409504634794196 4.300000000000001
      vertex 6.399494997277531 18.502748844240347 5.800000000000001
      vertex 6.360871981112177 18.409504634794196 5.800000000000001
    endloop
  endfacet
  facet normal 0.9609173219451003 -0.27683551142484686 0
    outer loop
      vertex 6.399494997277531 18.502748844240347 4.300000000000001
      vertex 6.427435120963641 18.599731159439315 5.800000000000001
      vertex 6.399494997277531 18.502748844240347 5.800000000000001
    endloop
  endfacet
  facet normal 0.9858710185182346 -0.16750622330474435 0
    outer loop
      vertex 6.427435120963641 18.599731159439315 4.300000000000001
      vertex 6.444340988903918 18.699231971507018 5.800000000000001
      vertex 6.427435120963641 18.599731159439315 5.800000000000001
    endloop
  endfacet
  facet normal 0.9984268150178165 -0.05607044723719303 0
    outer loop
      vertex 6.444340988903918 18.699231971507018 4.300000000000001
      vertex 6.45 18.799999999999997 5.800000000000001
      vertex 6.444340988903918 18.699231971507018 5.800000000000001
    endloop
  endfacet
  facet normal 0.9984268150178165 0.056070447237195 0
    outer loop
      vertex 6.45 18.799999999999997 4.300000000000001
      vertex 6.444340988903918 18.900768028492973 5.800000000000001
      vertex 6.45 18.799999999999997 5.800000000000001
    endloop
  endfacet
  facet normal 0.9858710185182354 0.16750622330473852 0
    outer loop
      vertex 6.444340988903918 18.900768028492973 4.300000000000001
      vertex 6.427435120963641 19.00026884056068 5.800000000000001
      vertex 6.444340988903918 18.900768028492973 5.800000000000001
    endloop
  endfacet
  facet normal 0.9609173219451003 0.27683551142484686 0
    outer loop
      vertex 6.427435120963641 19.00026884056068 4.300000000000001
      vertex 6.399494997277531 19.097251155759647 5.800000000000001
      vertex 6.427435120963641 19.00026884056068 5.800000000000001
    endloop
  endfacet
  facet normal 0.9238795325112852 0.3826834323650933 0
    outer loop
      vertex 6.399494997277531 19.097251155759647 4.300000000000001
      vertex 6.360871981112177 19.1904953652058 5.800000000000001
      vertex 6.399494997277531 19.097251155759647 5.800000000000001
    endloop
  endfacet
  facet normal 0.875223421908762 0.483718887105225 0
    outer loop
      vertex 6.360871981112177 19.1904953652058 4.300000000000001
      vertex 6.312051779305456 19.2788288688638 5.800000000000001
      vertex 6.360871981112177 19.1904953652058 5.800000000000001
    endloop
  endfacet
  facet normal 0 0 1
    outer loop
      vertex 5.159504634794198 17.98912801888782 5.800000000000001
      vertex 5.071171131136197 19.562051779305452 5.800000000000001
      vertex 5.071171131136197 18.037948220694542 5.800000000000001
    endloop
  endfacet
  facet normal 0 0 1
    outer loop
      vertex 5.252748844240349 17.950505002722466 5.800000000000001
      vertex 5.159504634794198 19.610871981112176 5.800000000000001
      vertex 5.159504634794198 17.98912801888782 5.800000000000001
    endloop
  endfacet
  facet normal 0 0 1
    outer loop
      vertex 5.252748844240349 17.950505002722466 5.800000000000001
      vertex 5.349731159439317 17.922564879036354 5.800000000000001
      vertex 5.252748844240349 19.64949499727753 5.800000000000001
    endloop
  endfacet
  facet normal 0 0 1
    outer loop
      vertex 5.349731159439317 17.922564879036354 5.800000000000001
      vertex 5.4492319715070225 17.90565901109608 5.800000000000001
      vertex 5.349731159439317 19.67743512096364 5.800000000000001
    endloop
  endfacet
  facet normal 0 0 1
    outer loop
      vertex 5.4492319715070225 17.90565901109608 5.800000000000001
      vertex 5.55 17.9 5.800000000000001
      vertex 5.4492319715070225 19.694340988903914 5.800000000000001
    endloop
  endfacet
  facet normal 0 0 1
    outer loop
      vertex 5.55 17.9 5.800000000000001
      vertex 5.650768028492977 17.90565901109608 5.800000000000001
      vertex 5.55 19.699999999999996 5.800000000000001
    endloop
  endfacet
  facet normal 0 0 1
    outer loop
      vertex 5.650768028492977 17.90565901109608 5.800000000000001
      vertex 5.7502688405606825 17.922564879036354 5.800000000000001
      vertex 5.650768028492977 19.694340988903914 5.800000000000001
    endloop
  endfacet
  facet normal 0 0 1
    outer loop
      vertex 5.7502688405606825 17.922564879036354 5.800000000000001
      vertex 5.8472511557596505 17.950505002722466 5.800000000000001
      vertex 5.7502688405606825 19.67743512096364 5.800000000000001
    endloop
  endfacet
  facet normal 0 0 1
    outer loop
      vertex 5.8472511557596505 17.950505002722466 5.800000000000001
      vertex 5.940495365205802 17.98912801888782 5.800000000000001
      vertex 5.8472511557596505 19.64949499727753 5.800000000000001
    endloop
  endfacet
  facet normal 0 0 1
    outer loop
      vertex 5.940495365205802 17.98912801888782 5.800000000000001
      vertex 6.028828868863803 18.037948220694542 5.800000000000001
      vertex 5.940495365205802 19.610871981112176 5.800000000000001
    endloop
  endfacet
  facet normal 0 0 1
    outer loop
      vertex 6.028828868863803 18.037948220694542 5.800000000000001
      vertex 6.11114082167286 18.09635166577877 5.800000000000001
      vertex 6.028828868863803 19.562051779305452 5.800000000000001
    endloop
  endfacet
  facet normal 0 0 1
    outer loop
      vertex 6.11114082167286 18.09635166577877 5.800000000000001
      vertex 6.186396103067892 18.163603896932106 5.800000000000001
      vertex 6.11114082167286 19.503648334221225 5.800000000000001
    endloop
  endfacet
  facet normal 0 0 1
    outer loop
      vertex 6.186396103067892 18.163603896932106 5.800000000000001
      vertex 6.253648334221227 18.238859178327136 5.800000000000001
      vertex 6.186396103067892 19.43639610306789 5.800000000000001
    endloop
  endfacet
  facet normal 0 0 1
    outer loop
      vertex 6.253648334221227 18.238859178327136 5.800000000000001
      vertex 6.312051779305455 18.321171131136193 5.800000000000001
      vertex 6.253648334221227 19.36114082167286 5.800000000000001
    endloop
  endfacet
  facet normal 0 0 1
    outer loop
      vertex 6.312051779305455 18.321171131136193 5.800000000000001
      vertex 6.312051779305456 19.2788288688638 5.800000000000001
      vertex 6.253648334221227 19.36114082167286 5.800000000000001
    endloop
  endfacet
  facet normal 0 0 1
    outer loop
      vertex 5.159504634794198 17.98912801888782 5.800000000000001
      vertex 5.159504634794198 19.610871981112176 5.800000000000001
      vertex 5.071171131136197 19.562051779305452 5.800000000000001
    endloop
  endfacet
  facet normal 0 0 1
    outer loop
      vertex 5.252748844240349 17.950505002722466 5.800000000000001
      vertex 5.252748844240349 19.64949499727753 5.800000000000001
      vertex 5.159504634794198 19.610871981112176 5.800000000000001
    endloop
  endfacet
  facet normal 0 0 1
    outer loop
      vertex 5.349731159439317 17.922564879036354 5.800000000000001
      vertex 5.349731159439317 19.67743512096364 5.800000000000001
      vertex 5.252748844240349 19.64949499727753 5.800000000000001
    endloop
  endfacet
  facet normal 0 0 1
    outer loop
      vertex 5.4492319715070225 17.90565901109608 5.800000000000001
      vertex 5.4492319715070225 19.694340988903914 5.800000000000001
      vertex 5.349731159439317 19.67743512096364 5.800000000000001
    endloop
  endfacet
  facet normal 0 0 1
    outer loop
      vertex 5.55 17.9 5.800000000000001
      vertex 5.55 19.699999999999996 5.800000000000001
      vertex 5.4492319715070225 19.694340988903914 5.800000000000001
    endloop
  endfacet
  facet normal 0 0 1
    outer loop
      vertex 5.650768028492977 17.90565901109608 5.800000000000001
      vertex 5.650768028492977 19.694340988903914 5.800000000000001
      vertex 5.55 19.699999999999996 5.800000000000001
    endloop
  endfacet
  facet normal 0 0 1
    outer loop
      vertex 5.7502688405606825 17.922564879036354 5.800000000000001
      vertex 5.7502688405606825 19.67743512096364 5.800000000000001
      vertex 5.650768028492977 19.694340988903914 5.800000000000001
    endloop
  endfacet
  facet normal 0 0 1
    outer loop
      vertex 5.8472511557596505 17.950505002722466 5.800000000000001
      vertex 5.8472511557596505 19.64949499727753 5.800000000000001
      vertex 5.7502688405606825 19.67743512096364 5.800000000000001
    endloop
  endfacet
  facet normal 0 0 1
    outer loop
      vertex 5.940495365205802 17.98912801888782 5.800000000000001
      vertex 5.940495365205802 19.610871981112176 5.800000000000001
      vertex 5.8472511557596505 19.64949499727753 5.800000000000001
    endloop
  endfacet
  facet normal 0 0 1
    outer loop
      vertex 6.028828868863803 18.037948220694542 5.800000000000001
      vertex 6.028828868863803 19.562051779305452 5.800000000000001
      vertex 5.940495365205802 19.610871981112176 5.800000000000001
    endloop
  endfacet
  facet normal 0 0 1
    outer loop
      vertex 6.11114082167286 18.09635166577877 5.800000000000001
      vertex 6.11114082167286 19.503648334221225 5.800000000000001
      vertex 6.028828868863803 19.562051779305452 5.800000000000001
    endloop
  endfacet
  facet normal 0 0 1
    outer loop
      vertex 6.186396103067892 18.163603896932106 5.800000000000001
      vertex 6.186396103067892 19.43639610306789 5.800000000000001
      vertex 6.11114082167286 19.503648334221225 5.800000000000001
    endloop
  endfacet
  facet normal 0 0 1
    outer loop
      vertex 6.253648334221227 18.238859178327136 5.800000000000001
      vertex 6.253648334221227 19.36114082167286 5.800000000000001
      vertex 6.186396103067892 19.43639610306789 5.800000000000001
    endloop
  endfacet
  facet normal 0 0 1
    outer loop
      vertex 6.312051779305455 18.321171131136193 5.800000000000001
      vertex 6.360871981112177 18.409504634794196 5.800000000000001
      vertex 6.312051779305456 19.2788288688638 5.800000000000001
    endloop
  endfacet
  facet normal 0 0 1
    outer loop
      vertex 6.360871981112177 18.409504634794196 5.800000000000001
      vertex 6.399494997277531 18.502748844240347 5.800000000000001
      vertex 6.360871981112177 19.1904953652058 5.800000000000001
    endloop
  endfacet
  facet normal 0 0 1
    outer loop
      vertex 6.399494997277531 18.502748844240347 5.800000000000001
      vertex 6.427435120963641 18.599731159439315 5.800000000000001
      vertex 6.399494997277531 19.097251155759647 5.800000000000001
    endloop
  endfacet
  facet normal 0 0 1
    outer loop
      vertex 6.427435120963641 18.599731159439315 5.800000000000001
      vertex 6.444340988903918 18.699231971507018 5.800000000000001
      vertex 6.427435120963641 19.00026884056068 5.800000000000001
    endloop
  endfacet
  facet normal 0 0 1
    outer loop
      vertex 6.444340988903918 18.699231971507018 5.800000000000001
      vertex 6.45 18.799999999999997 5.800000000000001
      vertex 6.444340988903918 18.900768028492973 5.800000000000001
    endloop
  endfacet
  facet normal 0 0 1
    outer loop
      vertex 6.427435120963641 18.599731159439315 5.800000000000001
      vertex 6.427435120963641 19.00026884056068 5.800000000000001
      vertex 6.399494997277531 19.097251155759647 5.800000000000001
    endloop
  endfacet
  facet normal 0 0 1
    outer loop
      vertex 6.444340988903918 18.699231971507018 5.800000000000001
      vertex 6.444340988903918 18.900768028492973 5.800000000000001
      vertex 6.427435120963641 19.00026884056068 5.800000000000001
    endloop
  endfacet
  facet normal 0 0 1
    outer loop
      vertex 6.360871981112177 18.409504634794196 5.800000000000001
      vertex 6.360871981112177 19.1904953652058 5.800000000000001
      vertex 6.312051779305456 19.2788288688638 5.800000000000001
    endloop
  endfacet
  facet normal 0 0 1
    outer loop
      vertex 6.399494997277531 18.502748844240347 5.800000000000001
      vertex 6.399494997277531 19.097251155759647 5.800000000000001
      vertex 6.360871981112177 19.1904953652058 5.800000000000001
    endloop
  endfacet
  facet normal -0.9238795325112781 -0.3826834323651109 0
    outer loop
      vertex 32.74345667332159 4.803386063698632 4.300000000000001
      vertex 32.74345667332159 4.803386063698632 1.6
      vertex 32.83786849061468 4.575455773941371 1.6
    endloop
  endfacet
  facet normal -0.9609173219451026 -0.276835511424839 0
    outer loop
      vertex 32.67515859319999 5.0404539452961075 4.300000000000001
      vertex 32.67515859319999 5.0404539452961075 1.6
      vertex 32.74345667332159 4.803386063698632 1.6
    endloop
  endfacet
  facet normal -0.9858710185182333 -0.1675062233047512 0
    outer loop
      vertex 32.63383313823486 5.2836781525727226 4.300000000000001
      vertex 32.63383313823486 5.2836781525727226 1.6
      vertex 32.67515859319999 5.0404539452961075 1.6
    endloop
  endfacet
  facet normal -0.9984268150178168 -0.056070447237187855 0
    outer loop
      vertex 32.62 5.529999999999999 4.300000000000001
      vertex 32.62 5.529999999999999 1.6
      vertex 32.63383313823486 5.2836781525727226 1.6
    endloop
  endfacet
  facet normal -0.9984268150178168 0.056070447237187855 0
    outer loop
      vertex 32.63383313823486 5.776321847427276 4.300000000000001
      vertex 32.63383313823486 5.776321847427276 1.6
      vertex 32.62 5.529999999999999 1.6
    endloop
  endfacet
  facet normal -0.9858710185182333 0.1675062233047512 0
    outer loop
      vertex 32.67515859319999 6.019546054703891 4.300000000000001
      vertex 32.67515859319999 6.019546054703891 1.6
      vertex 32.63383313823486 5.776321847427276 1.6
    endloop
  endfacet
  facet normal -0.5786712961798123 -0.8155608689592555 0
    outer loop
      vertex 33.64952943166626 3.667206761697774 4.300000000000001
      vertex 33.44832243591079 3.8099707385703336 1.6
      vertex 33.64952943166626 3.667206761697774 1.6
    endloop
  endfacet
  facet normal -0.48371888710524225 -0.8752234219087524 0
    outer loop
      vertex 33.86545577394137 3.547868490614677 4.300000000000001
      vertex 33.64952943166626 3.667206761697774 1.6
      vertex 33.86545577394137 3.547868490614677 1.6
    endloop
  endfacet
  facet normal -0.38268343236508934 -0.9238795325112868 0
    outer loop
      vertex 34.09338606369863 3.4534566733215906 4.300000000000001
      vertex 33.86545577394137 3.547868490614677 1.6
      vertex 34.09338606369863 3.4534566733215906 1.6
    endloop
  endfacet
  facet normal -0.6663465779520037 -0.7456421648831659 0
    outer loop
      vertex 33.44832243591079 3.8099707385703336 4.300000000000001
      vertex 33.2643650813896 3.9743650813895943 1.6
      vertex 33.44832243591079 3.8099707385703336 1.6
    endloop
  endfacet
  facet normal -0.7456421648831587 -0.6663465779520117 0
    outer loop
      vertex 33.099970738570335 4.158322435910785 4.300000000000001
      vertex 33.099970738570335 4.158322435910785 1.6
      vertex 33.2643650813896 3.9743650813895943 1.6
    endloop
  endfacet
  facet normal -0.8155608689592628 -0.5786712961798018 0
    outer loop
      vertex 32.957206761697776 4.3595294316662585 4.300000000000001
      vertex 32.957206761697776 4.3595294316662585 1.6
      vertex 33.099970738570335 4.158322435910785 1.6
    endloop
  endfacet
  facet normal -0.8752234219087578 -0.48371888710523225 0
    outer loop
      vertex 32.83786849061468 4.575455773941371 4.300000000000001
      vertex 32.83786849061468 4.575455773941371 1.6
      vertex 32.957206761697776 4.3595294316662585 1.6
    endloop
  endfacet
  facet normal -0.27683551142485063 -0.9609173219450992 0
    outer loop
      vertex 34.33045394529611 3.385158593199987 4.300000000000001
      vertex 34.09338606369863 3.4534566733215906 1.6
      vertex 34.33045394529611 3.385158593199987 1.6
    endloop
  endfacet
  facet normal -0.1675062233047331 -0.9858710185182364 0
    outer loop
      vertex 34.573678152572725 3.3438331382348654 4.300000000000001
      vertex 34.33045394529611 3.385158593199987 1.6
      vertex 34.573678152572725 3.3438331382348654 1.6
    endloop
  endfacet
  facet normal -0.056070447237191845 -0.9984268150178166 0
    outer loop
      vertex 34.82 3.329999999999999 4.300000000000001
      vertex 34.573678152572725 3.3438331382348654 1.6
      vertex 34.82 3.329999999999999 1.6
    endloop
  endfacet
  facet normal 0.056070447237191845 -0.9984268150178166 0
    outer loop
      vertex 35.066321847427275 3.3438331382348654 4.300000000000001
      vertex 34.82 3.329999999999999 1.6
      vertex 35.066321847427275 3.3438331382348654 1.6
    endloop
  endfacet
  facet normal 0.1675062233047331 -0.9858710185182364 0
    outer loop
      vertex 35.309546054703894 3.385158593199987 4.300000000000001
      vertex 35.066321847427275 3.3438331382348654 1.6
      vertex 35.309546054703894 3.385158593199987 1.6
    endloop
  endfacet
  facet normal -0.9609173219451026 -0.276835511424839 0
    outer loop
      vertex 32.74345667332159 4.803386063698632 4.300000000000001
      vertex 32.67515859319999 5.0404539452961075 4.300000000000001
      vertex 32.74345667332159 4.803386063698632 1.6
    endloop
  endfacet
  facet normal -0.9858710185182333 -0.1675062233047512 0
    outer loop
      vertex 32.67515859319999 5.0404539452961075 4.300000000000001
      vertex 32.63383313823486 5.2836781525727226 4.300000000000001
      vertex 32.67515859319999 5.0404539452961075 1.6
    endloop
  endfacet
  facet normal -0.9984268150178168 -0.056070447237187855 0
    outer loop
      vertex 32.63383313823486 5.2836781525727226 4.300000000000001
      vertex 32.62 5.529999999999999 4.300000000000001
      vertex 32.63383313823486 5.2836781525727226 1.6
    endloop
  endfacet
  facet normal -0.9984268150178168 0.056070447237187855 0
    outer loop
      vertex 32.62 5.529999999999999 4.300000000000001
      vertex 32.63383313823486 5.776321847427276 4.300000000000001
      vertex 32.62 5.529999999999999 1.6
    endloop
  endfacet
  facet normal -0.9858710185182333 0.1675062233047512 0
    outer loop
      vertex 32.63383313823486 5.776321847427276 4.300000000000001
      vertex 32.67515859319999 6.019546054703891 4.300000000000001
      vertex 32.63383313823486 5.776321847427276 1.6
    endloop
  endfacet
  facet normal -0.5786712961798123 -0.8155608689592555 0
    outer loop
      vertex 33.44832243591079 3.8099707385703336 4.300000000000001
      vertex 33.44832243591079 3.8099707385703336 1.6
      vertex 33.64952943166626 3.667206761697774 4.300000000000001
    endloop
  endfacet
  facet normal -0.48371888710524225 -0.8752234219087524 0
    outer loop
      vertex 33.64952943166626 3.667206761697774 4.300000000000001
      vertex 33.64952943166626 3.667206761697774 1.6
      vertex 33.86545577394137 3.547868490614677 4.300000000000001
    endloop
  endfacet
  facet normal -0.38268343236508934 -0.9238795325112868 2.054179497052248e-18
    outer loop
      vertex 34.09338606369863 3.4534566733215906 4.300000000000001
      vertex 33.86545577394137 3.547868490614677 4.300000000000001
      vertex 33.86545577394137 3.547868490614677 1.6
    endloop
  endfacet
  facet normal -0.6663465779520037 -0.7456421648831659 -5.605195826009076e-19
    outer loop
      vertex 33.44832243591079 3.8099707385703336 4.300000000000001
      vertex 33.2643650813896 3.9743650813895943 4.300000000000001
      vertex 33.2643650813896 3.9743650813895943 1.6
    endloop
  endfacet
  facet normal -0.7456421648831587 -0.6663465779520117 0
    outer loop
      vertex 33.2643650813896 3.9743650813895943 4.300000000000001
      vertex 33.099970738570335 4.158322435910785 4.300000000000001
      vertex 33.2643650813896 3.9743650813895943 1.6
    endloop
  endfacet
  facet normal -0.8155608689592628 -0.5786712961798018 1.5374891017309957e-18
    outer loop
      vertex 32.957206761697776 4.3595294316662585 4.300000000000001
      vertex 33.099970738570335 4.158322435910785 1.6
      vertex 33.099970738570335 4.158322435910785 4.300000000000001
    endloop
  endfacet
  facet normal -0.8752234219087578 -0.48371888710523225 0
    outer loop
      vertex 32.957206761697776 4.3595294316662585 4.300000000000001
      vertex 32.83786849061468 4.575455773941371 4.300000000000001
      vertex 32.957206761697776 4.3595294316662585 1.6
    endloop
  endfacet
  facet normal -0.1675062233047331 -0.9858710185182364 0
    outer loop
      vertex 34.33045394529611 3.385158593199987 4.300000000000001
      vertex 34.33045394529611 3.385158593199987 1.6
      vertex 34.573678152572725 3.3438331382348654 4.300000000000001
    endloop
  endfacet
  facet normal -0.056070447237191845 -0.9984268150178166 0
    outer loop
      vertex 34.573678152572725 3.3438331382348654 4.300000000000001
      vertex 34.573678152572725 3.3438331382348654 1.6
      vertex 34.82 3.329999999999999 4.300000000000001
    endloop
  endfacet
  facet normal -0.27683551142485063 -0.9609173219450992 0
    outer loop
      vertex 34.09338606369863 3.4534566733215906 4.300000000000001
      vertex 34.09338606369863 3.4534566733215906 1.6
      vertex 34.33045394529611 3.385158593199987 4.300000000000001
    endloop
  endfacet
  facet normal 0.056070447237191845 -0.9984268150178166 0
    outer loop
      vertex 34.82 3.329999999999999 4.300000000000001
      vertex 34.82 3.329999999999999 1.6
      vertex 35.066321847427275 3.3438331382348654 4.300000000000001
    endloop
  endfacet
  facet normal 0.1675062233047331 -0.9858710185182364 0
    outer loop
      vertex 35.066321847427275 3.3438331382348654 4.300000000000001
      vertex 35.066321847427275 3.3438331382348654 1.6
      vertex 35.309546054703894 3.385158593199987 4.300000000000001
    endloop
  endfacet
  facet normal -0.9238795325112781 -0.3826834323651109 -2.9525118205600784e-19
    outer loop
      vertex 32.74345667332159 4.803386063698632 4.300000000000001
      vertex 32.83786849061468 4.575455773941371 1.6
      vertex 32.83786849061468 4.575455773941371 4.300000000000001
    endloop
  endfacet
  facet normal 0.27683551142485063 -0.9609173219450992 0
    outer loop
      vertex 35.54661393630137 3.4534566733215906 4.300000000000001
      vertex 35.309546054703894 3.385158593199987 1.6
      vertex 35.54661393630137 3.4534566733215906 1.6
    endloop
  endfacet
  facet normal 0.38268343236508934 -0.9238795325112868 0
    outer loop
      vertex 35.77454422605863 3.547868490614677 4.300000000000001
      vertex 35.54661393630137 3.4534566733215906 1.6
      vertex 35.77454422605863 3.547868490614677 1.6
    endloop
  endfacet
  facet normal 0.4837188871052436 -0.8752234219087517 0
    outer loop
      vertex 35.99047056833374 3.6672067616977744 4.300000000000001
      vertex 35.77454422605863 3.547868490614677 1.6
      vertex 35.99047056833374 3.6672067616977744 1.6
    endloop
  endfacet
  facet normal 0.5786712961798111 -0.8155608689592564 0
    outer loop
      vertex 36.19167756408921 3.8099707385703336 4.300000000000001
      vertex 35.99047056833374 3.6672067616977744 1.6
      vertex 36.19167756408921 3.8099707385703336 1.6
    endloop
  endfacet
  facet normal 0.6663465779520037 -0.7456421648831659 0
    outer loop
      vertex 36.3756349186104 3.9743650813895943 4.300000000000001
      vertex 36.19167756408921 3.8099707385703336 1.6
      vertex 36.3756349186104 3.9743650813895943 1.6
    endloop
  endfacet
  facet normal 0.7456421648831603 -0.6663465779520099 0
    outer loop
      vertex 36.3756349186104 3.9743650813895943 4.300000000000001
      vertex 36.3756349186104 3.9743650813895943 1.6
      vertex 36.540029261429666 4.158322435910786 1.6
    endloop
  endfacet
  facet normal 0.8155608689592617 -0.5786712961798036 0
    outer loop
      vertex 36.540029261429666 4.158322435910786 4.300000000000001
      vertex 36.540029261429666 4.158322435910786 1.6
      vertex 36.682793238302224 4.3595294316662585 1.6
    endloop
  endfacet
  facet normal 0.8752234219087578 -0.48371888710523225 0
    outer loop
      vertex 36.682793238302224 4.3595294316662585 4.300000000000001
      vertex 36.682793238302224 4.3595294316662585 1.6
      vertex 36.80213150938532 4.575455773941371 1.6
    endloop
  endfacet
  facet normal 0.9238795325112781 -0.3826834323651109 0
    outer loop
      vertex 36.80213150938532 4.575455773941371 4.300000000000001
      vertex 36.80213150938532 4.575455773941371 1.6
      vertex 36.89654332667841 4.803386063698632 1.6
    endloop
  endfacet
  facet normal 0.9609173219451028 -0.27683551142483803 0
    outer loop
      vertex 36.89654332667841 4.803386063698632 4.300000000000001
      vertex 36.89654332667841 4.803386063698632 1.6
      vertex 36.96484140680001 5.040453945296108 1.6
    endloop
  endfacet
  facet normal 0.9858710185182332 -0.16750622330475246 0
    outer loop
      vertex 36.96484140680001 5.040453945296108 4.300000000000001
      vertex 36.96484140680001 5.040453945296108 1.6
      vertex 37.00616686176514 5.283678152572722 1.6
    endloop
  endfacet
  facet normal 0.9984268150178168 -0.05607044723718766 0
    outer loop
      vertex 37.00616686176514 5.283678152572722 4.300000000000001
      vertex 37.00616686176514 5.283678152572722 1.6
      vertex 37.02 5.529999999999999 1.6
    endloop
  endfacet
  facet normal 0.9984268150178168 0.05607044723718766 0
    outer loop
      vertex 37.02 5.529999999999999 4.300000000000001
      vertex 37.02 5.529999999999999 1.6
      vertex 37.00616686176514 5.776321847427277 1.6
    endloop
  endfacet
  facet normal 0.9858710185182332 0.16750622330475182 0
    outer loop
      vertex 37.00616686176514 5.776321847427277 4.300000000000001
      vertex 37.00616686176514 5.776321847427277 1.6
      vertex 36.96484140680001 6.019546054703891 1.6
    endloop
  endfacet
  facet normal 0.27683551142485063 -0.9609173219450992 0
    outer loop
      vertex 35.309546054703894 3.385158593199987 4.300000000000001
      vertex 35.309546054703894 3.385158593199987 1.6
      vertex 35.54661393630137 3.4534566733215906 4.300000000000001
    endloop
  endfacet
  facet normal 0.38268343236508934 -0.9238795325112868 0
    outer loop
      vertex 35.54661393630137 3.4534566733215906 4.300000000000001
      vertex 35.54661393630137 3.4534566733215906 1.6
      vertex 35.77454422605863 3.547868490614677 4.300000000000001
    endloop
  endfacet
  facet normal 0.4837188871052436 -0.8752234219087517 0
    outer loop
      vertex 35.77454422605863 3.547868490614677 4.300000000000001
      vertex 35.77454422605863 3.547868490614677 1.6
      vertex 35.99047056833374 3.6672067616977744 4.300000000000001
    endloop
  endfacet
  facet normal 0.5786712961798111 -0.8155608689592564 0
    outer loop
      vertex 35.99047056833374 3.6672067616977744 4.300000000000001
      vertex 35.99047056833374 3.6672067616977744 1.6
      vertex 36.19167756408921 3.8099707385703336 4.300000000000001
    endloop
  endfacet
  facet normal 0.6663465779520037 -0.7456421648831659 0
    outer loop
      vertex 36.19167756408921 3.8099707385703336 4.300000000000001
      vertex 36.19167756408921 3.8099707385703336 1.6
      vertex 36.3756349186104 3.9743650813895943 4.300000000000001
    endloop
  endfacet
  facet normal 0.7456421648831603 -0.6663465779520099 -2.266204266911332e-18
    outer loop
      vertex 36.3756349186104 3.9743650813895943 4.300000000000001
      vertex 36.540029261429666 4.158322435910786 1.6
      vertex 36.540029261429666 4.158322435910786 4.300000000000001
    endloop
  endfacet
  facet normal 0.8155608689592617 -0.5786712961798036 8.189348569720964e-19
    outer loop
      vertex 36.540029261429666 4.158322435910786 4.300000000000001
      vertex 36.682793238302224 4.3595294316662585 1.6
      vertex 36.682793238302224 4.3595294316662585 4.300000000000001
    endloop
  endfacet
  facet normal 0.8752234219087578 -0.48371888710523225 -1.8918773336019737e-18
    outer loop
      vertex 36.682793238302224 4.3595294316662585 4.300000000000001
      vertex 36.80213150938532 4.575455773941371 1.6
      vertex 36.80213150938532 4.575455773941371 4.300000000000001
    endloop
  endfacet
  facet normal 0.9238795325112781 -0.3826834323651109 2.9525118205600784e-19
    outer loop
      vertex 36.80213150938532 4.575455773941371 4.300000000000001
      vertex 36.89654332667841 4.803386063698632 1.6
      vertex 36.89654332667841 4.803386063698632 4.300000000000001
    endloop
  endfacet
  facet normal 0.9609173219451028 -0.27683551142483803 -1.784548626030851e-18
    outer loop
      vertex 36.89654332667841 4.803386063698632 4.300000000000001
      vertex 36.96484140680001 5.040453945296108 1.6
      vertex 36.96484140680001 5.040453945296108 4.300000000000001
    endloop
  endfacet
  facet normal 0.9858710185182332 -0.16750622330475246 3.9978664518112762e-19
    outer loop
      vertex 36.96484140680001 5.040453945296108 4.300000000000001
      vertex 37.00616686176514 5.283678152572722 1.6
      vertex 37.00616686176514 5.283678152572722 4.300000000000001
    endloop
  endfacet
  facet normal 0.9984268150178168 -0.05607044723718766 5.133462187801748e-20
    outer loop
      vertex 37.00616686176514 5.283678152572722 4.300000000000001
      vertex 37.02 5.529999999999999 1.6
      vertex 37.02 5.529999999999999 4.300000000000001
    endloop
  endfacet
  facet normal 0.9984268150178168 0.05607044723718766 -5.133462187801748e-20
    outer loop
      vertex 37.02 5.529999999999999 4.300000000000001
      vertex 37.00616686176514 5.776321847427277 1.6
      vertex 37.00616686176514 5.776321847427277 4.300000000000001
    endloop
  endfacet
  facet normal 0.9858710185182332 0.16750622330475182 -8.129037472348885e-19
    outer loop
      vertex 37.00616686176514 5.776321847427277 4.300000000000001
      vertex 36.96484140680001 6.019546054703891 1.6
      vertex 36.96484140680001 6.019546054703891 4.300000000000001
    endloop
  endfacet
  facet normal -0.9609173219451026 0.276835511424839 0
    outer loop
      vertex 32.74345667332159 6.256613936301367 4.300000000000001
      vertex 32.74345667332159 6.256613936301367 1.6
      vertex 32.67515859319999 6.019546054703891 1.6
    endloop
  endfacet
  facet normal -0.9238795325112781 0.3826834323651109 0
    outer loop
      vertex 32.83786849061468 6.4845442260586275 4.300000000000001
      vertex 32.83786849061468 6.4845442260586275 1.6
      vertex 32.74345667332159 6.256613936301367 1.6
    endloop
  endfacet
  facet normal -0.8752234219087578 0.48371888710523225 0
    outer loop
      vertex 32.957206761697776 6.70047056833374 4.300000000000001
      vertex 32.957206761697776 6.70047056833374 1.6
      vertex 32.83786849061468 6.4845442260586275 1.6
    endloop
  endfacet
  facet normal -0.8155608689592628 0.5786712961798018 0
    outer loop
      vertex 33.099970738570335 6.901677564089214 4.300000000000001
      vertex 33.099970738570335 6.901677564089214 1.6
      vertex 32.957206761697776 6.70047056833374 1.6
    endloop
  endfacet
  facet normal -0.7456421648831587 0.6663465779520117 0
    outer loop
      vertex 33.2643650813896 7.085634918610404 4.300000000000001
      vertex 33.2643650813896 7.085634918610404 1.6
      vertex 33.099970738570335 6.901677564089214 1.6
    endloop
  endfacet
  facet normal -0.6663465779520037 0.7456421648831659 0
    outer loop
      vertex 33.2643650813896 7.085634918610404 4.300000000000001
      vertex 33.44832243591079 7.250029261429665 1.6
      vertex 33.2643650813896 7.085634918610404 1.6
    endloop
  endfacet
  facet normal -0.5786712961798134 0.8155608689592546 0
    outer loop
      vertex 33.44832243591079 7.250029261429665 4.300000000000001
      vertex 33.64952943166626 7.392793238302225 1.6
      vertex 33.44832243591079 7.250029261429665 1.6
    endloop
  endfacet
  facet normal -0.4837188871052408 0.8752234219087531 0
    outer loop
      vertex 33.64952943166626 7.392793238302225 4.300000000000001
      vertex 33.86545577394137 7.512131509385322 1.6
      vertex 33.64952943166626 7.392793238302225 1.6
    endloop
  endfacet
  facet normal -0.38268343236508934 0.9238795325112868 0
    outer loop
      vertex 33.86545577394137 7.512131509385322 4.300000000000001
      vertex 34.09338606369863 7.606543326678408 1.6
      vertex 33.86545577394137 7.512131509385322 1.6
    endloop
  endfacet
  facet normal -0.27683551142484897 0.9609173219450997 0
    outer loop
      vertex 34.09338606369863 7.606543326678408 4.300000000000001
      vertex 34.33045394529611 7.674841406800011 1.6
      vertex 34.09338606369863 7.606543326678408 1.6
    endloop
  endfacet
  facet normal -0.16750622330473486 0.9858710185182361 0
    outer loop
      vertex 34.33045394529611 7.674841406800011 4.300000000000001
      vertex 34.573678152572725 7.716166861765133 1.6
      vertex 34.33045394529611 7.674841406800011 1.6
    endloop
  endfacet
  facet normal -0.056070447237191845 0.9984268150178166 0
    outer loop
      vertex 34.573678152572725 7.716166861765133 4.300000000000001
      vertex 34.82 7.7299999999999995 1.6
      vertex 34.573678152572725 7.716166861765133 1.6
    endloop
  endfacet
  facet normal 0.056070447237191845 0.9984268150178166 0
    outer loop
      vertex 34.82 7.7299999999999995 4.300000000000001
      vertex 35.066321847427275 7.716166861765133 1.6
      vertex 34.82 7.7299999999999995 1.6
    endloop
  endfacet
  facet normal 0.16750622330473486 0.9858710185182361 0
    outer loop
      vertex 35.066321847427275 7.716166861765133 4.300000000000001
      vertex 35.309546054703894 7.674841406800011 1.6
      vertex 35.066321847427275 7.716166861765133 1.6
    endloop
  endfacet
  facet normal -0.9609173219451026 0.276835511424839 0
    outer loop
      vertex 32.67515859319999 6.019546054703891 4.300000000000001
      vertex 32.74345667332159 6.256613936301367 4.300000000000001
      vertex 32.67515859319999 6.019546054703891 1.6
    endloop
  endfacet
  facet normal -0.9238795325112781 0.3826834323651109 0
    outer loop
      vertex 32.74345667332159 6.256613936301367 4.300000000000001
      vertex 32.83786849061468 6.4845442260586275 4.300000000000001
      vertex 32.74345667332159 6.256613936301367 1.6
    endloop
  endfacet
  facet normal -0.8752234219087578 0.48371888710523225 0
    outer loop
      vertex 32.83786849061468 6.4845442260586275 4.300000000000001
      vertex 32.957206761697776 6.70047056833374 4.300000000000001
      vertex 32.83786849061468 6.4845442260586275 1.6
    endloop
  endfacet
  facet normal -0.8155608689592628 0.5786712961798018 0
    outer loop
      vertex 32.957206761697776 6.70047056833374 4.300000000000001
      vertex 33.099970738570335 6.901677564089214 4.300000000000001
      vertex 32.957206761697776 6.70047056833374 1.6
    endloop
  endfacet
  facet normal -0.7456421648831587 0.6663465779520117 0
    outer loop
      vertex 33.099970738570335 6.901677564089214 4.300000000000001
      vertex 33.2643650813896 7.085634918610404 4.300000000000001
      vertex 33.099970738570335 6.901677564089214 1.6
    endloop
  endfacet
  facet normal -0.6663465779520037 0.7456421648831659 5.605195826009076e-19
    outer loop
      vertex 33.2643650813896 7.085634918610404 4.300000000000001
      vertex 33.44832243591079 7.250029261429665 4.300000000000001
      vertex 33.44832243591079 7.250029261429665 1.6
    endloop
  endfacet
  facet normal -0.5786712961798134 0.8155608689592546 -2.4350665147294237e-18
    outer loop
      vertex 33.44832243591079 7.250029261429665 4.300000000000001
      vertex 33.64952943166626 7.392793238302225 4.300000000000001
      vertex 33.64952943166626 7.392793238302225 1.6
    endloop
  endfacet
  facet normal -0.4837188871052408 0.8752234219087531 4.68039055835e-19
    outer loop
      vertex 33.64952943166626 7.392793238302225 4.300000000000001
      vertex 33.86545577394137 7.512131509385322 4.300000000000001
      vertex 33.86545577394137 7.512131509385322 1.6
    endloop
  endfacet
  facet normal -0.38268343236508934 0.9238795325112868 -2.054179497052248e-18
    outer loop
      vertex 33.86545577394137 7.512131509385322 4.300000000000001
      vertex 34.09338606369863 7.606543326678408 4.300000000000001
      vertex 34.09338606369863 7.606543326678408 1.6
    endloop
  endfacet
  facet normal -0.27683551142484897 0.9609173219450997 1.2562814223990032e-18
    outer loop
      vertex 34.09338606369863 7.606543326678408 4.300000000000001
      vertex 34.33045394529611 7.674841406800011 4.300000000000001
      vertex 34.33045394529611 7.674841406800011 1.6
    endloop
  endfacet
  facet normal -0.16750622330473486 0.9858710185182361 -4.6523766535932236e-20
    outer loop
      vertex 34.33045394529611 7.674841406800011 4.300000000000001
      vertex 34.573678152572725 7.716166861765133 4.300000000000001
      vertex 34.573678152572725 7.716166861765133 1.6
    endloop
  endfacet
  facet normal -0.056070447237191845 0.9984268150178166 -2.8959706489900038e-19
    outer loop
      vertex 34.573678152572725 7.716166861765133 4.300000000000001
      vertex 34.82 7.7299999999999995 4.300000000000001
      vertex 34.82 7.7299999999999995 1.6
    endloop
  endfacet
  facet normal 0.056070447237191845 0.9984268150178166 2.8959706489900038e-19
    outer loop
      vertex 34.82 7.7299999999999995 4.300000000000001
      vertex 35.066321847427275 7.716166861765133 4.300000000000001
      vertex 35.066321847427275 7.716166861765133 1.6
    endloop
  endfacet
  facet normal 0.16750622330473486 0.9858710185182361 4.6523766535932236e-20
    outer loop
      vertex 35.066321847427275 7.716166861765133 4.300000000000001
      vertex 35.309546054703894 7.674841406800011 4.300000000000001
      vertex 35.309546054703894 7.674841406800011 1.6
    endloop
  endfacet
  facet normal 0.38268343236508934 0.9238795325112868 0
    outer loop
      vertex 35.54661393630137 7.606543326678408 4.300000000000001
      vertex 35.77454422605863 7.512131509385322 1.6
      vertex 35.54661393630137 7.606543326678408 1.6
    endloop
  endfacet
  facet normal 0.4837188871052436 0.8752234219087517 0
    outer loop
      vertex 35.77454422605863 7.512131509385322 4.300000000000001
      vertex 35.99047056833374 7.392793238302224 1.6
      vertex 35.77454422605863 7.512131509385322 1.6
    endloop
  endfacet
  facet normal 0.6663465779520037 0.7456421648831659 0
    outer loop
      vertex 36.19167756408921 7.250029261429665 4.300000000000001
      vertex 36.3756349186104 7.085634918610404 1.6
      vertex 36.19167756408921 7.250029261429665 1.6
    endloop
  endfacet
  facet normal 0.7456421648831603 0.6663465779520099 0
    outer loop
      vertex 36.540029261429666 6.901677564089213 4.300000000000001
      vertex 36.540029261429666 6.901677564089213 1.6
      vertex 36.3756349186104 7.085634918610404 1.6
    endloop
  endfacet
  facet normal 0.5786712961798111 0.8155608689592564 0
    outer loop
      vertex 35.99047056833374 7.392793238302224 4.300000000000001
      vertex 36.19167756408921 7.250029261429665 1.6
      vertex 35.99047056833374 7.392793238302224 1.6
    endloop
  endfacet
  facet normal 0.9238795325112781 0.3826834323651109 0
    outer loop
      vertex 36.89654332667841 6.256613936301367 4.300000000000001
      vertex 36.89654332667841 6.256613936301367 1.6
      vertex 36.80213150938532 6.4845442260586275 1.6
    endloop
  endfacet
  facet normal 0.9609173219451026 0.276835511424839 0
    outer loop
      vertex 36.96484140680001 6.019546054703891 4.300000000000001
      vertex 36.96484140680001 6.019546054703891 1.6
      vertex 36.89654332667841 6.256613936301367 1.6
    endloop
  endfacet
  facet normal 0.8752234219087578 0.48371888710523225 0
    outer loop
      vertex 36.80213150938532 6.4845442260586275 4.300000000000001
      vertex 36.80213150938532 6.4845442260586275 1.6
      vertex 36.682793238302224 6.70047056833374 1.6
    endloop
  endfacet
  facet normal 0.8155608689592617 0.5786712961798036 0
    outer loop
      vertex 36.682793238302224 6.70047056833374 4.300000000000001
      vertex 36.682793238302224 6.70047056833374 1.6
      vertex 36.540029261429666 6.901677564089213 1.6
    endloop
  endfacet
  facet normal 0.27683551142484897 0.9609173219450997 0
    outer loop
      vertex 35.309546054703894 7.674841406800011 4.300000000000001
      vertex 35.54661393630137 7.606543326678408 1.6
      vertex 35.309546054703894 7.674841406800011 1.6
    endloop
  endfacet
  facet normal 0.38268343236508934 0.9238795325112868 2.054179497052248e-18
    outer loop
      vertex 35.54661393630137 7.606543326678408 4.300000000000001
      vertex 35.77454422605863 7.512131509385322 4.300000000000001
      vertex 35.77454422605863 7.512131509385322 1.6
    endloop
  endfacet
  facet normal 0.4837188871052436 0.8752234219087517 -1.9115320479292145e-18
    outer loop
      vertex 35.77454422605863 7.512131509385322 4.300000000000001
      vertex 35.99047056833374 7.392793238302224 4.300000000000001
      vertex 35.99047056833374 7.392793238302224 1.6
    endloop
  endfacet
  facet normal 0.7456421648831603 0.6663465779520099 0
    outer loop
      vertex 36.3756349186104 7.085634918610404 4.300000000000001
      vertex 36.540029261429666 6.901677564089213 4.300000000000001
      vertex 36.3756349186104 7.085634918610404 1.6
    endloop
  endfacet
  facet normal 0.6663465779520037 0.7456421648831659 0
    outer loop
      vertex 36.3756349186104 7.085634918610404 4.300000000000001
      vertex 36.3756349186104 7.085634918610404 1.6
      vertex 36.19167756408921 7.250029261429665 4.300000000000001
    endloop
  endfacet
  facet normal 0.5786712961798111 0.8155608689592564 0
    outer loop
      vertex 36.19167756408921 7.250029261429665 4.300000000000001
      vertex 36.19167756408921 7.250029261429665 1.6
      vertex 35.99047056833374 7.392793238302224 4.300000000000001
    endloop
  endfacet
  facet normal 0.9238795325112781 0.3826834323651109 -2.9525118205600784e-19
    outer loop
      vertex 36.89654332667841 6.256613936301367 4.300000000000001
      vertex 36.80213150938532 6.4845442260586275 1.6
      vertex 36.80213150938532 6.4845442260586275 4.300000000000001
    endloop
  endfacet
  facet normal 0.9609173219451026 0.276835511424839 -9.01412695194121e-19
    outer loop
      vertex 36.96484140680001 6.019546054703891 4.300000000000001
      vertex 36.89654332667841 6.256613936301367 1.6
      vertex 36.89654332667841 6.256613936301367 4.300000000000001
    endloop
  endfacet
  facet normal 0.8752234219087578 0.48371888710523225 1.8918773336019737e-18
    outer loop
      vertex 36.80213150938532 6.4845442260586275 4.300000000000001
      vertex 36.682793238302224 6.70047056833374 1.6
      vertex 36.682793238302224 6.70047056833374 4.300000000000001
    endloop
  endfacet
  facet normal 0.8155608689592617 0.5786712961798036 -8.189348569720964e-19
    outer loop
      vertex 36.682793238302224 6.70047056833374 4.300000000000001
      vertex 36.540029261429666 6.901677564089213 1.6
      vertex 36.540029261429666 6.901677564089213 4.300000000000001
    endloop
  endfacet
  facet normal 0.27683551142484897 0.9609173219450997 -1.2562814223990032e-18
    outer loop
      vertex 35.309546054703894 7.674841406800011 4.300000000000001
      vertex 35.54661393630137 7.606543326678408 4.300000000000001
      vertex 35.54661393630137 7.606543326678408 1.6
    endloop
  endfacet
  facet normal 0 0 1
    outer loop
      vertex 32.74345667332159 4.803386063698632 4.300000000000001
      vertex 32.83786849061468 4.575455773941371 4.300000000000001
      vertex 32.74345667332159 6.256613936301367 4.300000000000001
    endloop
  endfacet
  facet normal 0 0 1
    outer loop
      vertex 32.74345667332159 4.803386063698632 4.300000000000001
      vertex 32.67515859319999 6.019546054703891 4.300000000000001
      vertex 32.67515859319999 5.0404539452961075 4.300000000000001
    endloop
  endfacet
  facet normal 0 0 1
    outer loop
      vertex 32.67515859319999 5.0404539452961075 4.300000000000001
      vertex 32.63383313823486 5.776321847427276 4.300000000000001
      vertex 32.63383313823486 5.2836781525727226 4.300000000000001
    endloop
  endfacet
  facet normal 0 0 1
    outer loop
      vertex 32.63383313823486 5.2836781525727226 4.300000000000001
      vertex 32.63383313823486 5.776321847427276 4.300000000000001
      vertex 32.62 5.529999999999999 4.300000000000001
    endloop
  endfacet
  facet normal 0 0 1
    outer loop
      vertex 32.67515859319999 5.0404539452961075 4.300000000000001
      vertex 32.67515859319999 6.019546054703891 4.300000000000001
      vertex 32.63383313823486 5.776321847427276 4.300000000000001
    endloop
  endfacet
  facet normal 0 0 1
    outer loop
      vertex 32.74345667332159 4.803386063698632 4.300000000000001
      vertex 32.74345667332159 6.256613936301367 4.300000000000001
      vertex 32.67515859319999 6.019546054703891 4.300000000000001
    endloop
  endfacet
  facet normal 0 0 1
    outer loop
      vertex 34.09338606369863 3.4534566733215906 4.300000000000001
      vertex 33.97050500272247 5.232748844240349 4.300000000000001
      vertex 33.86545577394137 3.547868490614677 4.300000000000001
    endloop
  endfacet
  facet normal 0 0 1
    outer loop
      vertex 34.09338606369863 3.4534566733215906 4.300000000000001
      vertex 34.05794822069454 5.051171131136196 4.300000000000001
      vertex 34.00912801888782 5.139504634794197 4.300000000000001
    endloop
  endfacet
  facet normal 0 0 1
    outer loop
      vertex 34.573678152572725 3.3438331382348654 4.300000000000001
      vertex 34.82 3.329999999999999 4.300000000000001
      vertex 34.71923197150702 4.635659011096081 4.300000000000001
    endloop
  endfacet
  facet normal 0 0 1
    outer loop
      vertex 34.82 3.329999999999999 4.300000000000001
      vertex 35.066321847427275 3.3438331382348654 4.300000000000001
      vertex 34.92076802849298 4.635659011096081 4.300000000000001
    endloop
  endfacet
  facet normal 0 0 1
    outer loop
      vertex 35.066321847427275 3.3438331382348654 4.300000000000001
      vertex 35.309546054703894 3.385158593199987 4.300000000000001
      vertex 35.02026884056068 4.652564879036358 4.300000000000001
    endloop
  endfacet
  facet normal 0 0 1
    outer loop
      vertex 34.09338606369863 3.4534566733215906 4.300000000000001
      vertex 34.33045394529611 3.385158593199987 4.300000000000001
      vertex 34.183603896932105 4.893603896932106 4.300000000000001
    endloop
  endfacet
  facet normal 0 0 1
    outer loop
      vertex 34.33045394529611 3.385158593199987 4.300000000000001
      vertex 34.573678152572725 3.3438331382348654 4.300000000000001
      vertex 34.4295046347942 4.719128018887822 4.300000000000001
    endloop
  endfacet
  facet normal 0 0 1
    outer loop
      vertex 34.33045394529611 3.385158593199987 4.300000000000001
      vertex 34.25885917832714 4.826351665778772 4.300000000000001
      vertex 34.183603896932105 4.893603896932106 4.300000000000001
    endloop
  endfacet
  facet normal 0 0 1
    outer loop
      vertex 34.33045394529611 3.385158593199987 4.300000000000001
      vertex 34.4295046347942 4.719128018887822 4.300000000000001
      vertex 34.3411711311362 4.767948220694543 4.300000000000001
    endloop
  endfacet
  facet normal 0 0 1
    outer loop
      vertex 34.33045394529611 3.385158593199987 4.300000000000001
      vertex 34.3411711311362 4.767948220694543 4.300000000000001
      vertex 34.25885917832714 4.826351665778772 4.300000000000001
    endloop
  endfacet
  facet normal 0 0 1
    outer loop
      vertex 34.09338606369863 3.4534566733215906 4.300000000000001
      vertex 34.183603896932105 4.893603896932106 4.300000000000001
      vertex 34.11635166577877 4.968859178327139 4.300000000000001
    endloop
  endfacet
  facet normal 0 0 1
    outer loop
      vertex 34.09338606369863 3.4534566733215906 4.300000000000001
      vertex 34.11635166577877 4.968859178327139 4.300000000000001
      vertex 34.05794822069454 5.051171131136196 4.300000000000001
    endloop
  endfacet
  facet normal 0 0 1
    outer loop
      vertex 34.573678152572725 3.3438331382348654 4.300000000000001
      vertex 34.52274884424035 4.680505002722469 4.300000000000001
      vertex 34.4295046347942 4.719128018887822 4.300000000000001
    endloop
  endfacet
  facet normal 0 0 1
    outer loop
      vertex 34.573678152572725 3.3438331382348654 4.300000000000001
      vertex 34.61973115943932 4.652564879036358 4.300000000000001
      vertex 34.52274884424035 4.680505002722469 4.300000000000001
    endloop
  endfacet
  facet normal 0 0 1
    outer loop
      vertex 34.573678152572725 3.3438331382348654 4.300000000000001
      vertex 34.71923197150702 4.635659011096081 4.300000000000001
      vertex 34.61973115943932 4.652564879036358 4.300000000000001
    endloop
  endfacet
  facet normal 0 0 1
    outer loop
      vertex 34.82 3.329999999999999 4.300000000000001
      vertex 34.82 4.629999999999999 4.300000000000001
      vertex 34.71923197150702 4.635659011096081 4.300000000000001
    endloop
  endfacet
  facet normal 0 0 1
    outer loop
      vertex 34.82 3.329999999999999 4.300000000000001
      vertex 34.92076802849298 4.635659011096081 4.300000000000001
      vertex 34.82 4.629999999999999 4.300000000000001
    endloop
  endfacet
  facet normal 0 0 1
    outer loop
      vertex 35.066321847427275 3.3438331382348654 4.300000000000001
      vertex 35.02026884056068 4.652564879036358 4.300000000000001
      vertex 34.92076802849298 4.635659011096081 4.300000000000001
    endloop
  endfacet
  facet normal 0 0 1
    outer loop
      vertex 35.309546054703894 3.385158593199987 4.300000000000001
      vertex 35.117251155759654 4.680505002722469 4.300000000000001
      vertex 35.02026884056068 4.652564879036358 4.300000000000001
    endloop
  endfacet
  facet normal 0 0 1
    outer loop
      vertex 35.309546054703894 3.385158593199987 4.300000000000001
      vertex 35.2104953652058 4.719128018887822 4.300000000000001
      vertex 35.117251155759654 4.680505002722469 4.300000000000001
    endloop
  endfacet
  facet normal 0 0 1
    outer loop
      vertex 35.309546054703894 3.385158593199987 4.300000000000001
      vertex 35.2988288688638 4.767948220694544 4.300000000000001
      vertex 35.2104953652058 4.719128018887822 4.300000000000001
    endloop
  endfacet
  facet normal 0 0 1
    outer loop
      vertex 32.957206761697776 4.3595294316662585 4.300000000000001
      vertex 33.099970738570335 4.158322435910785 4.300000000000001
      vertex 32.957206761697776 6.70047056833374 4.300000000000001
    endloop
  endfacet
  facet normal 0 0 1
    outer loop
      vertex 32.957206761697776 4.3595294316662585 4.300000000000001
      vertex 32.83786849061468 6.4845442260586275 4.300000000000001
      vertex 32.83786849061468 4.575455773941371 4.300000000000001
    endloop
  endfacet
  facet normal 0 0 1
    outer loop
      vertex 33.2643650813896 3.9743650813895943 4.300000000000001
      vertex 33.099970738570335 6.901677564089214 4.300000000000001
      vertex 33.099970738570335 4.158322435910785 4.300000000000001
    endloop
  endfacet
  facet normal 0 0 1
    outer loop
      vertex 33.44832243591079 3.8099707385703336 4.300000000000001
      vertex 33.2643650813896 7.085634918610404 4.300000000000001
      vertex 33.2643650813896 3.9743650813895943 4.300000000000001
    endloop
  endfacet
  facet normal 0 0 1
    outer loop
      vertex 33.44832243591079 3.8099707385703336 4.300000000000001
      vertex 33.64952943166626 3.667206761697774 4.300000000000001
      vertex 33.44832243591079 7.250029261429665 4.300000000000001
    endloop
  endfacet
  facet normal 0 0 1
    outer loop
      vertex 33.64952943166626 3.667206761697774 4.300000000000001
      vertex 33.86545577394137 3.547868490614677 4.300000000000001
      vertex 33.64952943166626 7.392793238302225 4.300000000000001
    endloop
  endfacet
  facet normal 0 0 1
    outer loop
      vertex 34.09338606369863 3.4534566733215906 4.300000000000001
      vertex 34.00912801888782 5.139504634794197 4.300000000000001
      vertex 33.97050500272247 5.232748844240349 4.300000000000001
    endloop
  endfacet
  facet normal 0 0 1
    outer loop
      vertex 33.86545577394137 3.547868490614677 4.300000000000001
      vertex 33.97050500272247 5.232748844240349 4.300000000000001
      vertex 33.94256487903636 5.329731159439317 4.300000000000001
    endloop
  endfacet
  facet normal 0 0 1
    outer loop
      vertex 33.86545577394137 3.547868490614677 4.300000000000001
      vertex 33.92565901109608 5.429231971507022 4.300000000000001
      vertex 33.92 5.529999999999999 4.300000000000001
    endloop
  endfacet
  facet normal 0 0 1
    outer loop
      vertex 33.86545577394137 3.547868490614677 4.300000000000001
      vertex 33.94256487903636 5.329731159439317 4.300000000000001
      vertex 33.92565901109608 5.429231971507022 4.300000000000001
    endloop
  endfacet
  facet normal 0 0 1
    outer loop
      vertex 32.74345667332159 6.256613936301367 4.300000000000001
      vertex 32.83786849061468 4.575455773941371 4.300000000000001
      vertex 32.83786849061468 6.4845442260586275 4.300000000000001
    endloop
  endfacet
  facet normal 0 0 1
    outer loop
      vertex 32.957206761697776 4.3595294316662585 4.300000000000001
      vertex 32.957206761697776 6.70047056833374 4.300000000000001
      vertex 32.83786849061468 6.4845442260586275 4.300000000000001
    endloop
  endfacet
  facet normal 0 0 1
    outer loop
      vertex 33.099970738570335 4.158322435910785 4.300000000000001
      vertex 33.099970738570335 6.901677564089214 4.300000000000001
      vertex 32.957206761697776 6.70047056833374 4.300000000000001
    endloop
  endfacet
  facet normal 0 0 1
    outer loop
      vertex 33.2643650813896 3.9743650813895943 4.300000000000001
      vertex 33.2643650813896 7.085634918610404 4.300000000000001
      vertex 33.099970738570335 6.901677564089214 4.300000000000001
    endloop
  endfacet
  facet normal 0 0 1
    outer loop
      vertex 33.44832243591079 3.8099707385703336 4.300000000000001
      vertex 33.44832243591079 7.250029261429665 4.300000000000001
      vertex 33.2643650813896 7.085634918610404 4.300000000000001
    endloop
  endfacet
  facet normal 0 0 1
    outer loop
      vertex 33.86545577394137 3.547868490614677 4.300000000000001
      vertex 33.92 5.529999999999999 4.300000000000001
      vertex 33.86545577394137 7.512131509385322 4.300000000000001
    endloop
  endfacet
  facet normal 0 0 1
    outer loop
      vertex 35.309546054703894 3.385158593199987 4.300000000000001
      vertex 35.54661393630137 3.4534566733215906 4.300000000000001
      vertex 35.2988288688638 4.767948220694544 4.300000000000001
    endloop
  endfacet
  facet normal 0 0 1
    outer loop
      vertex 35.54661393630137 3.4534566733215906 4.300000000000001
      vertex 35.77454422605863 3.547868490614677 4.300000000000001
      vertex 35.52364833422123 4.968859178327139 4.300000000000001
    endloop
  endfacet
  facet normal 0 0 1
    outer loop
      vertex 35.54661393630137 3.4534566733215906 4.300000000000001
      vertex 35.38114082167286 4.826351665778772 4.300000000000001
      vertex 35.2988288688638 4.767948220694544 4.300000000000001
    endloop
  endfacet
  facet normal 0 0 1
    outer loop
      vertex 35.54661393630137 3.4534566733215906 4.300000000000001
      vertex 35.456396103067895 4.893603896932106 4.300000000000001
      vertex 35.38114082167286 4.826351665778772 4.300000000000001
    endloop
  endfacet
  facet normal 0 0 1
    outer loop
      vertex 35.54661393630137 3.4534566733215906 4.300000000000001
      vertex 35.52364833422123 4.968859178327139 4.300000000000001
      vertex 35.456396103067895 4.893603896932106 4.300000000000001
    endloop
  endfacet
  facet normal 0 0 1
    outer loop
      vertex 35.77454422605863 3.547868490614677 4.300000000000001
      vertex 35.58205177930546 5.051171131136196 4.300000000000001
      vertex 35.52364833422123 4.968859178327139 4.300000000000001
    endloop
  endfacet
  facet normal 0 0 1
    outer loop
      vertex 35.77454422605863 3.547868490614677 4.300000000000001
      vertex 35.63087198111218 5.139504634794197 4.300000000000001
      vertex 35.58205177930546 5.051171131136196 4.300000000000001
    endloop
  endfacet
  facet normal 0 0 1
    outer loop
      vertex 35.77454422605863 3.547868490614677 4.300000000000001
      vertex 35.66949499727753 5.232748844240349 4.300000000000001
      vertex 35.63087198111218 5.139504634794197 4.300000000000001
    endloop
  endfacet
  facet normal 0 0 1
    outer loop
      vertex 35.77454422605863 3.547868490614677 4.300000000000001
      vertex 35.69743512096364 5.329731159439317 4.300000000000001
      vertex 35.66949499727753 5.232748844240349 4.300000000000001
    endloop
  endfacet
  facet normal 0 0 1
    outer loop
      vertex 35.77454422605863 3.547868490614677 4.300000000000001
      vertex 35.71434098890392 5.429231971507022 4.300000000000001
      vertex 35.69743512096364 5.329731159439317 4.300000000000001
    endloop
  endfacet
  facet normal 0 0 1
    outer loop
      vertex 35.77454422605863 3.547868490614677 4.300000000000001
      vertex 35.72 5.529999999999999 4.300000000000001
      vertex 35.71434098890392 5.429231971507022 4.300000000000001
    endloop
  endfacet
  facet normal 0 0 1
    outer loop
      vertex 35.77454422605863 3.547868490614677 4.300000000000001
      vertex 35.99047056833374 3.6672067616977744 4.300000000000001
      vertex 35.77454422605863 7.512131509385322 4.300000000000001
    endloop
  endfacet
  facet normal 0 0 1
    outer loop
      vertex 35.99047056833374 3.6672067616977744 4.300000000000001
      vertex 36.19167756408921 3.8099707385703336 4.300000000000001
      vertex 35.99047056833374 7.392793238302224 4.300000000000001
    endloop
  endfacet
  facet normal 0 0 1
    outer loop
      vertex 36.19167756408921 3.8099707385703336 4.300000000000001
      vertex 36.3756349186104 3.9743650813895943 4.300000000000001
      vertex 36.19167756408921 7.250029261429665 4.300000000000001
    endloop
  endfacet
  facet normal 0 0 1
    outer loop
      vertex 36.3756349186104 3.9743650813895943 4.300000000000001
      vertex 36.540029261429666 4.158322435910786 4.300000000000001
      vertex 36.3756349186104 7.085634918610404 4.300000000000001
    endloop
  endfacet
  facet normal 0 0 1
    outer loop
      vertex 35.77454422605863 3.547868490614677 4.300000000000001
      vertex 35.77454422605863 7.512131509385322 4.300000000000001
      vertex 35.72 5.529999999999999 4.300000000000001
    endloop
  endfacet
  facet normal 0 0 1
    outer loop
      vertex 36.540029261429666 4.158322435910786 4.300000000000001
      vertex 36.540029261429666 6.901677564089213 4.300000000000001
      vertex 36.3756349186104 7.085634918610404 4.300000000000001
    endloop
  endfacet
  facet normal 0 0 1
    outer loop
      vertex 36.540029261429666 4.158322435910786 4.300000000000001
      vertex 36.682793238302224 4.3595294316662585 4.300000000000001
      vertex 36.540029261429666 6.901677564089213 4.300000000000001
    endloop
  endfacet
  facet normal 0 0 1
    outer loop
      vertex 36.682793238302224 4.3595294316662585 4.300000000000001
      vertex 36.80213150938532 4.575455773941371 4.300000000000001
      vertex 36.682793238302224 6.70047056833374 4.300000000000001
    endloop
  endfacet
  facet normal 0 0 1
    outer loop
      vertex 36.80213150938532 4.575455773941371 4.300000000000001
      vertex 36.89654332667841 4.803386063698632 4.300000000000001
      vertex 36.80213150938532 6.4845442260586275 4.300000000000001
    endloop
  endfacet
  facet normal 0 0 1
    outer loop
      vertex 36.89654332667841 4.803386063698632 4.300000000000001
      vertex 36.96484140680001 5.040453945296108 4.300000000000001
      vertex 36.89654332667841 6.256613936301367 4.300000000000001
    endloop
  endfacet
  facet normal 0 0 1
    outer loop
      vertex 36.96484140680001 5.040453945296108 4.300000000000001
      vertex 37.00616686176514 5.283678152572722 4.300000000000001
      vertex 36.96484140680001 6.019546054703891 4.300000000000001
    endloop
  endfacet
  facet normal 0 0 1
    outer loop
      vertex 37.00616686176514 5.283678152572722 4.300000000000001
      vertex 37.02 5.529999999999999 4.300000000000001
      vertex 37.00616686176514 5.776321847427277 4.300000000000001
    endloop
  endfacet
  facet normal 0 0 1
    outer loop
      vertex 37.00616686176514 5.283678152572722 4.300000000000001
      vertex 37.00616686176514 5.776321847427277 4.300000000000001
      vertex 36.96484140680001 6.019546054703891 4.300000000000001
    endloop
  endfacet
  facet normal 0 0 1
    outer loop
      vertex 36.89654332667841 4.803386063698632 4.300000000000001
      vertex 36.89654332667841 6.256613936301367 4.300000000000001
      vertex 36.80213150938532 6.4845442260586275 4.300000000000001
    endloop
  endfacet
  facet normal 0 0 1
    outer loop
      vertex 36.682793238302224 4.3595294316662585 4.300000000000001
      vertex 36.682793238302224 6.70047056833374 4.300000000000001
      vertex 36.540029261429666 6.901677564089213 4.300000000000001
    endloop
  endfacet
  facet normal 0 0 1
    outer loop
      vertex 36.80213150938532 4.575455773941371 4.300000000000001
      vertex 36.80213150938532 6.4845442260586275 4.300000000000001
      vertex 36.682793238302224 6.70047056833374 4.300000000000001
    endloop
  endfacet
  facet normal 0 0 1
    outer loop
      vertex 36.96484140680001 5.040453945296108 4.300000000000001
      vertex 36.96484140680001 6.019546054703891 4.300000000000001
      vertex 36.89654332667841 6.256613936301367 4.300000000000001
    endloop
  endfacet
  facet normal 0 0 1
    outer loop
      vertex 33.64952943166626 3.667206761697774 4.300000000000001
      vertex 33.64952943166626 7.392793238302225 4.300000000000001
      vertex 33.44832243591079 7.250029261429665 4.300000000000001
    endloop
  endfacet
  facet normal 0 0 1
    outer loop
      vertex 33.86545577394137 3.547868490614677 4.300000000000001
      vertex 33.86545577394137 7.512131509385322 4.300000000000001
      vertex 33.64952943166626 7.392793238302225 4.300000000000001
    endloop
  endfacet
  facet normal 0 0 1
    outer loop
      vertex 33.92 5.529999999999999 4.300000000000001
      vertex 33.92565901109608 5.630768028492977 4.300000000000001
      vertex 33.86545577394137 7.512131509385322 4.300000000000001
    endloop
  endfacet
  facet normal 0 0 1
    outer loop
      vertex 33.92565901109608 5.630768028492977 4.300000000000001
      vertex 33.94256487903636 5.730268840560682 4.300000000000001
      vertex 33.86545577394137 7.512131509385322 4.300000000000001
    endloop
  endfacet
  facet normal 0 0 1
    outer loop
      vertex 33.94256487903636 5.730268840560682 4.300000000000001
      vertex 33.97050500272247 5.82725115575965 4.300000000000001
      vertex 33.86545577394137 7.512131509385322 4.300000000000001
    endloop
  endfacet
  facet normal 0 0 1
    outer loop
      vertex 33.97050500272247 5.82725115575965 4.300000000000001
      vertex 34.00912801888782 5.920495365205801 4.300000000000001
      vertex 33.86545577394137 7.512131509385322 4.300000000000001
    endloop
  endfacet
  facet normal 0 0 1
    outer loop
      vertex 34.00912801888782 5.920495365205801 4.300000000000001
      vertex 34.05794822069454 6.0088288688638025 4.300000000000001
      vertex 33.86545577394137 7.512131509385322 4.300000000000001
    endloop
  endfacet
  facet normal 0 0 1
    outer loop
      vertex 34.05794822069454 6.0088288688638025 4.300000000000001
      vertex 34.11635166577877 6.09114082167286 4.300000000000001
      vertex 33.86545577394137 7.512131509385322 4.300000000000001
    endloop
  endfacet
  facet normal 0 0 1
    outer loop
      vertex 34.11635166577877 6.09114082167286 4.300000000000001
      vertex 34.09338606369863 7.606543326678408 4.300000000000001
      vertex 33.86545577394137 7.512131509385322 4.300000000000001
    endloop
  endfacet
  facet normal 0 0 1
    outer loop
      vertex 34.11635166577877 6.09114082167286 4.300000000000001
      vertex 34.183603896932105 6.166396103067893 4.300000000000001
      vertex 34.09338606369863 7.606543326678408 4.300000000000001
    endloop
  endfacet
  facet normal 0 0 1
    outer loop
      vertex 34.183603896932105 6.166396103067893 4.300000000000001
      vertex 34.25885917832714 6.233648334221226 4.300000000000001
      vertex 34.09338606369863 7.606543326678408 4.300000000000001
    endloop
  endfacet
  facet normal 0 0 1
    outer loop
      vertex 34.25885917832714 6.233648334221226 4.300000000000001
      vertex 34.3411711311362 6.292051779305456 4.300000000000001
      vertex 34.09338606369863 7.606543326678408 4.300000000000001
    endloop
  endfacet
  facet normal 0 0 1
    outer loop
      vertex 34.3411711311362 6.292051779305456 4.300000000000001
      vertex 34.4295046347942 6.340871981112176 4.300000000000001
      vertex 34.33045394529611 7.674841406800011 4.300000000000001
    endloop
  endfacet
  facet normal 0 0 1
    outer loop
      vertex 34.4295046347942 6.340871981112176 4.300000000000001
      vertex 34.52274884424035 6.37949499727753 4.300000000000001
      vertex 34.33045394529611 7.674841406800011 4.300000000000001
    endloop
  endfacet
  facet normal 0 0 1
    outer loop
      vertex 34.52274884424035 6.37949499727753 4.300000000000001
      vertex 34.61973115943932 6.40743512096364 4.300000000000001
      vertex 34.33045394529611 7.674841406800011 4.300000000000001
    endloop
  endfacet
  facet normal 0 0 1
    outer loop
      vertex 35.02026884056068 6.40743512096364 4.300000000000001
      vertex 35.117251155759654 6.37949499727753 4.300000000000001
      vertex 35.066321847427275 7.716166861765133 4.300000000000001
    endloop
  endfacet
  facet normal 0 0 1
    outer loop
      vertex 35.2104953652058 6.340871981112176 4.300000000000001
      vertex 35.066321847427275 7.716166861765133 4.300000000000001
      vertex 35.117251155759654 6.37949499727753 4.300000000000001
    endloop
  endfacet
  facet normal 0 0 1
    outer loop
      vertex 35.2988288688638 6.292051779305455 4.300000000000001
      vertex 35.309546054703894 7.674841406800011 4.300000000000001
      vertex 35.2104953652058 6.340871981112176 4.300000000000001
    endloop
  endfacet
  facet normal 0 0 1
    outer loop
      vertex 34.3411711311362 6.292051779305456 4.300000000000001
      vertex 34.33045394529611 7.674841406800011 4.300000000000001
      vertex 34.09338606369863 7.606543326678408 4.300000000000001
    endloop
  endfacet
  facet normal 0 0 1
    outer loop
      vertex 34.61973115943932 6.40743512096364 4.300000000000001
      vertex 34.71923197150702 6.424340988903918 4.300000000000001
      vertex 34.573678152572725 7.716166861765133 4.300000000000001
    endloop
  endfacet
  facet normal 0 0 1
    outer loop
      vertex 34.61973115943932 6.40743512096364 4.300000000000001
      vertex 34.573678152572725 7.716166861765133 4.300000000000001
      vertex 34.33045394529611 7.674841406800011 4.300000000000001
    endloop
  endfacet
  facet normal 0 0 1
    outer loop
      vertex 34.71923197150702 6.424340988903918 4.300000000000001
      vertex 34.82 6.43 4.300000000000001
      vertex 34.82 7.7299999999999995 4.300000000000001
    endloop
  endfacet
  facet normal 0 0 1
    outer loop
      vertex 34.82 6.43 4.300000000000001
      vertex 34.92076802849298 6.424340988903918 4.300000000000001
      vertex 34.82 7.7299999999999995 4.300000000000001
    endloop
  endfacet
  facet normal 0 0 1
    outer loop
      vertex 34.92076802849298 6.424340988903918 4.300000000000001
      vertex 35.02026884056068 6.40743512096364 4.300000000000001
      vertex 35.066321847427275 7.716166861765133 4.300000000000001
    endloop
  endfacet
  facet normal 0 0 1
    outer loop
      vertex 34.71923197150702 6.424340988903918 4.300000000000001
      vertex 34.82 7.7299999999999995 4.300000000000001
      vertex 34.573678152572725 7.716166861765133 4.300000000000001
    endloop
  endfacet
  facet normal 0 0 1
    outer loop
      vertex 34.82 7.7299999999999995 4.300000000000001
      vertex 34.92076802849298 6.424340988903918 4.300000000000001
      vertex 35.066321847427275 7.716166861765133 4.300000000000001
    endloop
  endfacet
  facet normal 0 0 1
    outer loop
      vertex 35.2104953652058 6.340871981112176 4.300000000000001
      vertex 35.309546054703894 7.674841406800011 4.300000000000001
      vertex 35.066321847427275 7.716166861765133 4.300000000000001
    endloop
  endfacet
  facet normal 0 0 1
    outer loop
      vertex 35.66949499727753 5.82725115575965 4.300000000000001
      vertex 35.54661393630137 7.606543326678408 4.300000000000001
      vertex 35.63087198111218 5.920495365205801 4.300000000000001
    endloop
  endfacet
  facet normal 0 0 1
    outer loop
      vertex 35.72 5.529999999999999 4.300000000000001
      vertex 35.77454422605863 7.512131509385322 4.300000000000001
      vertex 35.71434098890392 5.630768028492977 4.300000000000001
    endloop
  endfacet
  facet normal 0 0 1
    outer loop
      vertex 35.99047056833374 3.6672067616977744 4.300000000000001
      vertex 35.99047056833374 7.392793238302224 4.300000000000001
      vertex 35.77454422605863 7.512131509385322 4.300000000000001
    endloop
  endfacet
  facet normal 0 0 1
    outer loop
      vertex 35.69743512096364 5.730268840560682 4.300000000000001
      vertex 35.77454422605863 7.512131509385322 4.300000000000001
      vertex 35.66949499727753 5.82725115575965 4.300000000000001
    endloop
  endfacet
  facet normal 0 0 1
    outer loop
      vertex 35.69743512096364 5.730268840560682 4.300000000000001
      vertex 35.71434098890392 5.630768028492977 4.300000000000001
      vertex 35.77454422605863 7.512131509385322 4.300000000000001
    endloop
  endfacet
  facet normal 0 0 1
    outer loop
      vertex 35.63087198111218 5.920495365205801 4.300000000000001
      vertex 35.54661393630137 7.606543326678408 4.300000000000001
      vertex 35.58205177930546 6.0088288688638025 4.300000000000001
    endloop
  endfacet
  facet normal 0 0 1
    outer loop
      vertex 35.58205177930546 6.0088288688638025 4.300000000000001
      vertex 35.54661393630137 7.606543326678408 4.300000000000001
      vertex 35.52364833422123 6.09114082167286 4.300000000000001
    endloop
  endfacet
  facet normal 0 0 1
    outer loop
      vertex 35.52364833422123 6.09114082167286 4.300000000000001
      vertex 35.54661393630137 7.606543326678408 4.300000000000001
      vertex 35.456396103067895 6.166396103067893 4.300000000000001
    endloop
  endfacet
  facet normal 0 0 1
    outer loop
      vertex 35.38114082167286 6.233648334221226 4.300000000000001
      vertex 35.456396103067895 6.166396103067893 4.300000000000001
      vertex 35.309546054703894 7.674841406800011 4.300000000000001
    endloop
  endfacet
  facet normal 0 0 1
    outer loop
      vertex 35.2988288688638 6.292051779305455 4.300000000000001
      vertex 35.38114082167286 6.233648334221226 4.300000000000001
      vertex 35.309546054703894 7.674841406800011 4.300000000000001
    endloop
  endfacet
  facet normal 0 0 1
    outer loop
      vertex 36.19167756408921 3.8099707385703336 4.300000000000001
      vertex 36.19167756408921 7.250029261429665 4.300000000000001
      vertex 35.99047056833374 7.392793238302224 4.300000000000001
    endloop
  endfacet
  facet normal 0 0 1
    outer loop
      vertex 36.3756349186104 3.9743650813895943 4.300000000000001
      vertex 36.3756349186104 7.085634918610404 4.300000000000001
      vertex 36.19167756408921 7.250029261429665 4.300000000000001
    endloop
  endfacet
  facet normal 0 0 1
    outer loop
      vertex 35.456396103067895 6.166396103067893 4.300000000000001
      vertex 35.54661393630137 7.606543326678408 4.300000000000001
      vertex 35.309546054703894 7.674841406800011 4.300000000000001
    endloop
  endfacet
  facet normal 0 0 1
    outer loop
      vertex 35.66949499727753 5.82725115575965 4.300000000000001
      vertex 35.77454422605863 7.512131509385322 4.300000000000001
      vertex 35.54661393630137 7.606543326678408 4.300000000000001
    endloop
  endfacet
  facet normal -0.8752234219087616 -0.4837188871052257 0
    outer loop
      vertex 34.05794822069454 5.051171131136196 4.300000000000001
      vertex 34.05794822069454 5.051171131136196 5.800000000000001
      vertex 34.00912801888782 5.139504634794197 4.300000000000001
    endloop
  endfacet
  facet normal -0.9238795325112884 -0.3826834323650858 -1.696723508696105e-19
    outer loop
      vertex 33.97050500272247 5.232748844240349 4.300000000000001
      vertex 34.00912801888782 5.139504634794197 4.300000000000001
      vertex 34.00912801888782 5.139504634794197 5.800000000000001
    endloop
  endfacet
  facet normal -0.9609173219451073 -0.2768355114248225 0
    outer loop
      vertex 33.97050500272247 5.232748844240349 4.300000000000001
      vertex 33.97050500272247 5.232748844240349 5.800000000000001
      vertex 33.94256487903636 5.329731159439317 4.300000000000001
    endloop
  endfacet
  facet normal -0.9858710185182293 -0.1675062233047742 0
    outer loop
      vertex 33.94256487903636 5.329731159439317 4.300000000000001
      vertex 33.94256487903636 5.329731159439317 5.800000000000001
      vertex 33.92565901109608 5.429231971507022 4.300000000000001
    endloop
  endfacet
  facet normal -0.9984268150178185 -0.05607044723715893 0
    outer loop
      vertex 33.92565901109608 5.429231971507022 4.300000000000001
      vertex 33.92565901109608 5.429231971507022 5.800000000000001
      vertex 33.92 5.529999999999999 4.300000000000001
    endloop
  endfacet
  facet normal -0.9984268150178185 0.05607044723715893 0
    outer loop
      vertex 33.92 5.529999999999999 4.300000000000001
      vertex 33.92 5.529999999999999 5.800000000000001
      vertex 33.92565901109608 5.630768028492977 4.300000000000001
    endloop
  endfacet
  facet normal -0.9858710185182293 0.1675062233047742 0
    outer loop
      vertex 33.92565901109608 5.630768028492977 4.300000000000001
      vertex 33.92565901109608 5.630768028492977 5.800000000000001
      vertex 33.94256487903636 5.730268840560682 4.300000000000001
    endloop
  endfacet
  facet normal -0.9609173219451073 0.2768355114248225 0
    outer loop
      vertex 33.94256487903636 5.730268840560682 4.300000000000001
      vertex 33.94256487903636 5.730268840560682 5.800000000000001
      vertex 33.97050500272247 5.82725115575965 4.300000000000001
    endloop
  endfacet
  facet normal -0.9238795325112884 0.3826834323650858 0
    outer loop
      vertex 33.97050500272247 5.82725115575965 4.300000000000001
      vertex 33.97050500272247 5.82725115575965 5.800000000000001
      vertex 34.00912801888782 5.920495365205801 4.300000000000001
    endloop
  endfacet
  facet normal -0.8752234219087616 0.4837188871052257 0
    outer loop
      vertex 34.00912801888782 5.920495365205801 4.300000000000001
      vertex 34.00912801888782 5.920495365205801 5.800000000000001
      vertex 34.05794822069454 6.0088288688638025 4.300000000000001
    endloop
  endfacet
  facet normal -0.7456421648831733 -0.6663465779519955 1.519651102379552e-18
    outer loop
      vertex 34.11635166577877 4.968859178327139 4.300000000000001
      vertex 34.183603896932105 4.893603896932106 4.300000000000001
      vertex 34.183603896932105 4.893603896932106 5.800000000000001
    endloop
  endfacet
  facet normal -0.578671296179808 -0.8155608689592586 0
    outer loop
      vertex 34.3411711311362 4.767948220694543 4.300000000000001
      vertex 34.3411711311362 4.767948220694543 5.800000000000001
      vertex 34.25885917832714 4.826351665778772 4.300000000000001
    endloop
  endfacet
  facet normal -0.6663465779519785 -0.7456421648831884 0
    outer loop
      vertex 34.25885917832714 4.826351665778772 4.300000000000001
      vertex 34.25885917832714 4.826351665778772 5.800000000000001
      vertex 34.183603896932105 4.893603896932106 4.300000000000001
    endloop
  endfacet
  facet normal -0.4837188871052399 -0.8752234219087537 -1.0445919529842919e-18
    outer loop
      vertex 34.3411711311362 4.767948220694543 4.300000000000001
      vertex 34.4295046347942 4.719128018887822 4.300000000000001
      vertex 34.4295046347942 4.719128018887822 5.800000000000001
    endloop
  endfacet
  facet normal -0.38268343236510577 -0.9238795325112802 0
    outer loop
      vertex 34.52274884424035 4.680505002722469 4.300000000000001
      vertex 34.52274884424035 4.680505002722469 5.800000000000001
      vertex 34.4295046347942 4.719128018887822 4.300000000000001
    endloop
  endfacet
  facet normal -0.16750622330474435 -0.9858710185182346 -4.459860433770095e-19
    outer loop
      vertex 34.61973115943932 4.652564879036358 4.300000000000001
      vertex 34.71923197150702 4.635659011096081 4.300000000000001
      vertex 34.71923197150702 4.635659011096081 5.800000000000001
    endloop
  endfacet
  facet normal -0.27683551142483753 -0.960917321945103 -5.424191485869347e-20
    outer loop
      vertex 34.52274884424035 4.680505002722469 4.300000000000001
      vertex 34.61973115943932 4.652564879036358 4.300000000000001
      vertex 34.61973115943932 4.652564879036358 5.800000000000001
    endloop
  endfacet
  facet normal -0.8155608689592503 -0.5786712961798196 0
    outer loop
      vertex 34.11635166577877 4.968859178327139 4.300000000000001
      vertex 34.11635166577877 4.968859178327139 5.800000000000001
      vertex 34.05794822069454 5.051171131136196 4.300000000000001
    endloop
  endfacet
  facet normal -0.05607044723719303 -0.9984268150178165 3.112440934409543e-19
    outer loop
      vertex 34.71923197150702 4.635659011096081 4.300000000000001
      vertex 34.82 4.629999999999999 4.300000000000001
      vertex 34.82 4.629999999999999 5.800000000000001
    endloop
  endfacet
  facet normal 0.05607044723719303 -0.9984268150178165 -3.112440934409543e-19
    outer loop
      vertex 34.82 4.629999999999999 4.300000000000001
      vertex 34.92076802849298 4.635659011096081 4.300000000000001
      vertex 34.92076802849298 4.635659011096081 5.800000000000001
    endloop
  endfacet
  facet normal 0.16750622330474435 -0.9858710185182346 4.459860433770095e-19
    outer loop
      vertex 34.92076802849298 4.635659011096081 4.300000000000001
      vertex 35.02026884056068 4.652564879036358 4.300000000000001
      vertex 35.02026884056068 4.652564879036358 5.800000000000001
    endloop
  endfacet
  facet normal 0.27683551142483753 -0.960917321945103 5.424191485869347e-20
    outer loop
      vertex 35.02026884056068 4.652564879036358 4.300000000000001
      vertex 35.117251155759654 4.680505002722469 4.300000000000001
      vertex 35.117251155759654 4.680505002722469 5.800000000000001
    endloop
  endfacet
  facet normal 0.38268343236510577 -0.9238795325112802 -1.0781932403668391e-18
    outer loop
      vertex 35.117251155759654 4.680505002722469 4.300000000000001
      vertex 35.2104953652058 4.719128018887822 4.300000000000001
      vertex 35.2104953652058 4.719128018887822 5.800000000000001
    endloop
  endfacet
  facet normal 0.4837188871052466 -0.8752234219087499 -2.0864326958928688e-18
    outer loop
      vertex 35.2104953652058 4.719128018887822 4.300000000000001
      vertex 35.2988288688638 4.767948220694544 4.300000000000001
      vertex 35.2988288688638 4.767948220694544 5.800000000000001
    endloop
  endfacet
  facet normal -0.8155608689592503 0.5786712961798196 0
    outer loop
      vertex 34.05794822069454 6.0088288688638025 4.300000000000001
      vertex 34.05794822069454 6.0088288688638025 5.800000000000001
      vertex 34.11635166577877 6.09114082167286 4.300000000000001
    endloop
  endfacet
  facet normal -0.8752234219087616 -0.4837188871052257 0
    outer loop
      vertex 34.00912801888782 5.139504634794197 4.300000000000001
      vertex 34.05794822069454 5.051171131136196 5.800000000000001
      vertex 34.00912801888782 5.139504634794197 5.800000000000001
    endloop
  endfacet
  facet normal -0.9238795325112884 -0.3826834323650858 0
    outer loop
      vertex 33.97050500272247 5.232748844240349 4.300000000000001
      vertex 34.00912801888782 5.139504634794197 5.800000000000001
      vertex 33.97050500272247 5.232748844240349 5.800000000000001
    endloop
  endfacet
  facet normal -0.9609173219451073 -0.2768355114248225 0
    outer loop
      vertex 33.94256487903636 5.329731159439317 4.300000000000001
      vertex 33.97050500272247 5.232748844240349 5.800000000000001
      vertex 33.94256487903636 5.329731159439317 5.800000000000001
    endloop
  endfacet
  facet normal -0.9858710185182293 -0.1675062233047742 0
    outer loop
      vertex 33.92565901109608 5.429231971507022 4.300000000000001
      vertex 33.94256487903636 5.329731159439317 5.800000000000001
      vertex 33.92565901109608 5.429231971507022 5.800000000000001
    endloop
  endfacet
  facet normal -0.9984268150178185 -0.05607044723715893 0
    outer loop
      vertex 33.92 5.529999999999999 4.300000000000001
      vertex 33.92565901109608 5.429231971507022 5.800000000000001
      vertex 33.92 5.529999999999999 5.800000000000001
    endloop
  endfacet
  facet normal -0.9984268150178185 0.05607044723715893 0
    outer loop
      vertex 33.92565901109608 5.630768028492977 4.300000000000001
      vertex 33.92 5.529999999999999 5.800000000000001
      vertex 33.92565901109608 5.630768028492977 5.800000000000001
    endloop
  endfacet
  facet normal -0.9858710185182293 0.1675062233047742 0
    outer loop
      vertex 33.94256487903636 5.730268840560682 4.300000000000001
      vertex 33.92565901109608 5.630768028492977 5.800000000000001
      vertex 33.94256487903636 5.730268840560682 5.800000000000001
    endloop
  endfacet
  facet normal -0.9609173219451073 0.2768355114248225 0
    outer loop
      vertex 33.97050500272247 5.82725115575965 4.300000000000001
      vertex 33.94256487903636 5.730268840560682 5.800000000000001
      vertex 33.97050500272247 5.82725115575965 5.800000000000001
    endloop
  endfacet
  facet normal -0.9238795325112884 0.3826834323650858 0
    outer loop
      vertex 34.00912801888782 5.920495365205801 4.300000000000001
      vertex 33.97050500272247 5.82725115575965 5.800000000000001
      vertex 34.00912801888782 5.920495365205801 5.800000000000001
    endloop
  endfacet
  facet normal -0.8752234219087616 0.4837188871052257 0
    outer loop
      vertex 34.05794822069454 6.0088288688638025 4.300000000000001
      vertex 34.00912801888782 5.920495365205801 5.800000000000001
      vertex 34.05794822069454 6.0088288688638025 5.800000000000001
    endloop
  endfacet
  facet normal -0.4837188871052399 -0.8752234219087537 0
    outer loop
      vertex 34.3411711311362 4.767948220694543 4.300000000000001
      vertex 34.4295046347942 4.719128018887822 5.800000000000001
      vertex 34.3411711311362 4.767948220694543 5.800000000000001
    endloop
  endfacet
  facet normal -0.6663465779519785 -0.7456421648831884 0
    outer loop
      vertex 34.183603896932105 4.893603896932106 4.300000000000001
      vertex 34.25885917832714 4.826351665778772 5.800000000000001
      vertex 34.183603896932105 4.893603896932106 5.800000000000001
    endloop
  endfacet
  facet normal -0.578671296179808 -0.8155608689592586 0
    outer loop
      vertex 34.25885917832714 4.826351665778772 4.300000000000001
      vertex 34.3411711311362 4.767948220694543 5.800000000000001
      vertex 34.25885917832714 4.826351665778772 5.800000000000001
    endloop
  endfacet
  facet normal -0.38268343236510577 -0.9238795325112802 0
    outer loop
      vertex 34.4295046347942 4.719128018887822 4.300000000000001
      vertex 34.52274884424035 4.680505002722469 5.800000000000001
      vertex 34.4295046347942 4.719128018887822 5.800000000000001
    endloop
  endfacet
  facet normal -0.16750622330474435 -0.9858710185182346 0
    outer loop
      vertex 34.61973115943932 4.652564879036358 4.300000000000001
      vertex 34.71923197150702 4.635659011096081 5.800000000000001
      vertex 34.61973115943932 4.652564879036358 5.800000000000001
    endloop
  endfacet
  facet normal -0.27683551142483753 -0.960917321945103 0
    outer loop
      vertex 34.52274884424035 4.680505002722469 4.300000000000001
      vertex 34.61973115943932 4.652564879036358 5.800000000000001
      vertex 34.52274884424035 4.680505002722469 5.800000000000001
    endloop
  endfacet
  facet normal -0.7456421648831733 -0.6663465779519955 0
    outer loop
      vertex 34.11635166577877 4.968859178327139 4.300000000000001
      vertex 34.183603896932105 4.893603896932106 5.800000000000001
      vertex 34.11635166577877 4.968859178327139 5.800000000000001
    endloop
  endfacet
  facet normal -0.8155608689592503 -0.5786712961798196 0
    outer loop
      vertex 34.05794822069454 5.051171131136196 4.300000000000001
      vertex 34.11635166577877 4.968859178327139 5.800000000000001
      vertex 34.05794822069454 5.051171131136196 5.800000000000001
    endloop
  endfacet
  facet normal -0.05607044723719303 -0.9984268150178165 0
    outer loop
      vertex 34.71923197150702 4.635659011096081 4.300000000000001
      vertex 34.82 4.629999999999999 5.800000000000001
      vertex 34.71923197150702 4.635659011096081 5.800000000000001
    endloop
  endfacet
  facet normal 0.05607044723719303 -0.9984268150178165 0
    outer loop
      vertex 34.82 4.629999999999999 4.300000000000001
      vertex 34.92076802849298 4.635659011096081 5.800000000000001
      vertex 34.82 4.629999999999999 5.800000000000001
    endloop
  endfacet
  facet normal 0.16750622330474435 -0.9858710185182346 0
    outer loop
      vertex 34.92076802849298 4.635659011096081 4.300000000000001
      vertex 35.02026884056068 4.652564879036358 5.800000000000001
      vertex 34.92076802849298 4.635659011096081 5.800000000000001
    endloop
  endfacet
  facet normal 0.27683551142483753 -0.960917321945103 0
    outer loop
      vertex 35.02026884056068 4.652564879036358 4.300000000000001
      vertex 35.117251155759654 4.680505002722469 5.800000000000001
      vertex 35.02026884056068 4.652564879036358 5.800000000000001
    endloop
  endfacet
  facet normal 0.38268343236510577 -0.9238795325112802 0
    outer loop
      vertex 35.117251155759654 4.680505002722469 4.300000000000001
      vertex 35.2104953652058 4.719128018887822 5.800000000000001
      vertex 35.117251155759654 4.680505002722469 5.800000000000001
    endloop
  endfacet
  facet normal 0.4837188871052466 -0.8752234219087499 0
    outer loop
      vertex 35.2104953652058 4.719128018887822 4.300000000000001
      vertex 35.2988288688638 4.767948220694544 5.800000000000001
      vertex 35.2104953652058 4.719128018887822 5.800000000000001
    endloop
  endfacet
  facet normal -0.8155608689592503 0.5786712961798196 0
    outer loop
      vertex 34.11635166577877 6.09114082167286 4.300000000000001
      vertex 34.05794822069454 6.0088288688638025 5.800000000000001
      vertex 34.11635166577877 6.09114082167286 5.800000000000001
    endloop
  endfacet
  facet normal 0 0 1
    outer loop
      vertex 33.97050500272247 5.232748844240349 5.800000000000001
      vertex 34.00912801888782 5.139504634794197 5.800000000000001
      vertex 33.97050500272247 5.82725115575965 5.800000000000001
    endloop
  endfacet
  facet normal 0 0 1
    outer loop
      vertex 34.05794822069454 5.051171131136196 5.800000000000001
      vertex 34.00912801888782 5.920495365205801 5.800000000000001
      vertex 34.00912801888782 5.139504634794197 5.800000000000001
    endloop
  endfacet
  facet normal 0 0 1
    outer loop
      vertex 33.94256487903636 5.329731159439317 5.800000000000001
      vertex 33.92565901109608 5.630768028492977 5.800000000000001
      vertex 33.92565901109608 5.429231971507022 5.800000000000001
    endloop
  endfacet
  facet normal 0 0 1
    outer loop
      vertex 33.97050500272247 5.232748844240349 5.800000000000001
      vertex 33.94256487903636 5.730268840560682 5.800000000000001
      vertex 33.94256487903636 5.329731159439317 5.800000000000001
    endloop
  endfacet
  facet normal 0 0 1
    outer loop
      vertex 33.92565901109608 5.429231971507022 5.800000000000001
      vertex 33.92565901109608 5.630768028492977 5.800000000000001
      vertex 33.92 5.529999999999999 5.800000000000001
    endloop
  endfacet
  facet normal 0 0 1
    outer loop
      vertex 33.94256487903636 5.329731159439317 5.800000000000001
      vertex 33.94256487903636 5.730268840560682 5.800000000000001
      vertex 33.92565901109608 5.630768028492977 5.800000000000001
    endloop
  endfacet
  facet normal 0 0 1
    outer loop
      vertex 33.97050500272247 5.232748844240349 5.800000000000001
      vertex 33.97050500272247 5.82725115575965 5.800000000000001
      vertex 33.94256487903636 5.730268840560682 5.800000000000001
    endloop
  endfacet
  facet normal 0 0 1
    outer loop
      vertex 34.00912801888782 5.139504634794197 5.800000000000001
      vertex 34.00912801888782 5.920495365205801 5.800000000000001
      vertex 33.97050500272247 5.82725115575965 5.800000000000001
    endloop
  endfacet
  facet normal 0 0 1
    outer loop
      vertex 34.05794822069454 5.051171131136196 5.800000000000001
      vertex 34.05794822069454 6.0088288688638025 5.800000000000001
      vertex 34.00912801888782 5.920495365205801 5.800000000000001
    endloop
  endfacet
  facet normal 0 0 1
    outer loop
      vertex 34.11635166577877 4.968859178327139 5.800000000000001
      vertex 34.183603896932105 4.893603896932106 5.800000000000001
      vertex 34.11635166577877 6.09114082167286 5.800000000000001
    endloop
  endfacet
  facet normal 0 0 1
    outer loop
      vertex 34.25885917832714 4.826351665778772 5.800000000000001
      vertex 34.183603896932105 6.166396103067893 5.800000000000001
      vertex 34.183603896932105 4.893603896932106 5.800000000000001
    endloop
  endfacet
  facet normal 0 0 1
    outer loop
      vertex 34.3411711311362 4.767948220694543 5.800000000000001
      vertex 34.25885917832714 6.233648334221226 5.800000000000001
      vertex 34.25885917832714 4.826351665778772 5.800000000000001
    endloop
  endfacet
  facet normal 0 0 1
    outer loop
      vertex 34.3411711311362 4.767948220694543 5.800000000000001
      vertex 34.4295046347942 4.719128018887822 5.800000000000001
      vertex 34.3411711311362 6.292051779305456 5.800000000000001
    endloop
  endfacet
  facet normal 0 0 1
    outer loop
      vertex 34.52274884424035 4.680505002722469 5.800000000000001
      vertex 34.4295046347942 6.340871981112176 5.800000000000001
      vertex 34.4295046347942 4.719128018887822 5.800000000000001
    endloop
  endfacet
  facet normal 0 0 1
    outer loop
      vertex 34.52274884424035 4.680505002722469 5.800000000000001
      vertex 34.61973115943932 4.652564879036358 5.800000000000001
      vertex 34.52274884424035 6.37949499727753 5.800000000000001
    endloop
  endfacet
  facet normal 0 0 1
    outer loop
      vertex 34.61973115943932 4.652564879036358 5.800000000000001
      vertex 34.71923197150702 4.635659011096081 5.800000000000001
      vertex 34.61973115943932 6.40743512096364 5.800000000000001
    endloop
  endfacet
  facet normal 0 0 1
    outer loop
      vertex 34.71923197150702 4.635659011096081 5.800000000000001
      vertex 34.82 4.629999999999999 5.800000000000001
      vertex 34.71923197150702 6.424340988903918 5.800000000000001
    endloop
  endfacet
  facet normal 0 0 1
    outer loop
      vertex 34.82 4.629999999999999 5.800000000000001
      vertex 34.92076802849298 4.635659011096081 5.800000000000001
      vertex 34.82 6.43 5.800000000000001
    endloop
  endfacet
  facet normal 0 0 1
    outer loop
      vertex 34.92076802849298 4.635659011096081 5.800000000000001
      vertex 35.02026884056068 4.652564879036358 5.800000000000001
      vertex 34.92076802849298 6.424340988903918 5.800000000000001
    endloop
  endfacet
  facet normal 0 0 1
    outer loop
      vertex 35.02026884056068 4.652564879036358 5.800000000000001
      vertex 35.117251155759654 4.680505002722469 5.800000000000001
      vertex 35.02026884056068 6.40743512096364 5.800000000000001
    endloop
  endfacet
  facet normal 0 0 1
    outer loop
      vertex 35.117251155759654 4.680505002722469 5.800000000000001
      vertex 35.2104953652058 4.719128018887822 5.800000000000001
      vertex 35.117251155759654 6.37949499727753 5.800000000000001
    endloop
  endfacet
  facet normal 0 0 1
    outer loop
      vertex 35.2104953652058 4.719128018887822 5.800000000000001
      vertex 35.2988288688638 4.767948220694544 5.800000000000001
      vertex 35.2104953652058 6.340871981112176 5.800000000000001
    endloop
  endfacet
  facet normal 0 0 1
    outer loop
      vertex 34.11635166577877 4.968859178327139 5.800000000000001
      vertex 34.05794822069454 6.0088288688638025 5.800000000000001
      vertex 34.05794822069454 5.051171131136196 5.800000000000001
    endloop
  endfacet
  facet normal 0 0 1
    outer loop
      vertex 34.11635166577877 4.968859178327139 5.800000000000001
      vertex 34.11635166577877 6.09114082167286 5.800000000000001
      vertex 34.05794822069454 6.0088288688638025 5.800000000000001
    endloop
  endfacet
  facet normal 0 0 1
    outer loop
      vertex 34.183603896932105 4.893603896932106 5.800000000000001
      vertex 34.183603896932105 6.166396103067893 5.800000000000001
      vertex 34.11635166577877 6.09114082167286 5.800000000000001
    endloop
  endfacet
  facet normal 0 0 1
    outer loop
      vertex 34.25885917832714 4.826351665778772 5.800000000000001
      vertex 34.25885917832714 6.233648334221226 5.800000000000001
      vertex 34.183603896932105 6.166396103067893 5.800000000000001
    endloop
  endfacet
  facet normal 0 0 1
    outer loop
      vertex 34.3411711311362 4.767948220694543 5.800000000000001
      vertex 34.3411711311362 6.292051779305456 5.800000000000001
      vertex 34.25885917832714 6.233648334221226 5.800000000000001
    endloop
  endfacet
  facet normal 0 0 1
    outer loop
      vertex 34.4295046347942 4.719128018887822 5.800000000000001
      vertex 34.4295046347942 6.340871981112176 5.800000000000001
      vertex 34.3411711311362 6.292051779305456 5.800000000000001
    endloop
  endfacet
  facet normal 0 0 1
    outer loop
      vertex 34.52274884424035 4.680505002722469 5.800000000000001
      vertex 34.52274884424035 6.37949499727753 5.800000000000001
      vertex 34.4295046347942 6.340871981112176 5.800000000000001
    endloop
  endfacet
  facet normal 0 0 1
    outer loop
      vertex 34.61973115943932 4.652564879036358 5.800000000000001
      vertex 34.61973115943932 6.40743512096364 5.800000000000001
      vertex 34.52274884424035 6.37949499727753 5.800000000000001
    endloop
  endfacet
  facet normal 0 0 1
    outer loop
      vertex 34.71923197150702 4.635659011096081 5.800000000000001
      vertex 34.71923197150702 6.424340988903918 5.800000000000001
      vertex 34.61973115943932 6.40743512096364 5.800000000000001
    endloop
  endfacet
  facet normal 0 0 1
    outer loop
      vertex 34.82 4.629999999999999 5.800000000000001
      vertex 34.82 6.43 5.800000000000001
      vertex 34.71923197150702 6.424340988903918 5.800000000000001
    endloop
  endfacet
  facet normal 0 0 1
    outer loop
      vertex 34.92076802849298 4.635659011096081 5.800000000000001
      vertex 34.92076802849298 6.424340988903918 5.800000000000001
      vertex 34.82 6.43 5.800000000000001
    endloop
  endfacet
  facet normal 0 0 1
    outer loop
      vertex 35.02026884056068 4.652564879036358 5.800000000000001
      vertex 35.02026884056068 6.40743512096364 5.800000000000001
      vertex 34.92076802849298 6.424340988903918 5.800000000000001
    endloop
  endfacet
  facet normal 0 0 1
    outer loop
      vertex 35.117251155759654 4.680505002722469 5.800000000000001
      vertex 35.117251155759654 6.37949499727753 5.800000000000001
      vertex 35.02026884056068 6.40743512096364 5.800000000000001
    endloop
  endfacet
  facet normal 0 0 1
    outer loop
      vertex 35.2104953652058 4.719128018887822 5.800000000000001
      vertex 35.2104953652058 6.340871981112176 5.800000000000001
      vertex 35.117251155759654 6.37949499727753 5.800000000000001
    endloop
  endfacet
  facet normal 0 0 1
    outer loop
      vertex 35.2988288688638 4.767948220694544 5.800000000000001
      vertex 35.2988288688638 6.292051779305455 5.800000000000001
      vertex 35.2104953652058 6.340871981112176 5.800000000000001
    endloop
  endfacet
  facet normal 0.5786712961798021 -0.8155608689592627 1.099219598380265e-18
    outer loop
      vertex 35.2988288688638 4.767948220694544 4.300000000000001
      vertex 35.38114082167286 4.826351665778772 4.300000000000001
      vertex 35.38114082167286 4.826351665778772 5.800000000000001
    endloop
  endfacet
  facet normal 0.6663465779519785 -0.7456421648831884 7.310040180770722e-19
    outer loop
      vertex 35.38114082167286 4.826351665778772 4.300000000000001
      vertex 35.456396103067895 4.893603896932106 4.300000000000001
      vertex 35.456396103067895 4.893603896932106 5.800000000000001
    endloop
  endfacet
  facet normal 0.7456421648831733 -0.6663465779519955 -1.519651102379552e-18
    outer loop
      vertex 35.456396103067895 4.893603896932106 4.300000000000001
      vertex 35.52364833422123 4.968859178327139 4.300000000000001
      vertex 35.52364833422123 4.968859178327139 5.800000000000001
    endloop
  endfacet
  facet normal 0.8155608689592503 -0.5786712961798196 3.104023567168083e-19
    outer loop
      vertex 35.52364833422123 4.968859178327139 4.300000000000001
      vertex 35.58205177930546 5.051171131136196 4.300000000000001
      vertex 35.58205177930546 5.051171131136196 5.800000000000001
    endloop
  endfacet
  facet normal 0.8752234219087616 -0.4837188871052257 -1.6466632594442808e-18
    outer loop
      vertex 35.58205177930546 5.051171131136196 4.300000000000001
      vertex 35.63087198111218 5.139504634794197 4.300000000000001
      vertex 35.63087198111218 5.139504634794197 5.800000000000001
    endloop
  endfacet
  facet normal 0.9238795325112884 -0.3826834323650858 1.696723508696105e-19
    outer loop
      vertex 35.63087198111218 5.139504634794197 4.300000000000001
      vertex 35.66949499727753 5.232748844240349 4.300000000000001
      vertex 35.66949499727753 5.232748844240349 5.800000000000001
    endloop
  endfacet
  facet normal 0.9609173219451073 -0.2768355114248225 7.851937918390915e-19
    outer loop
      vertex 35.66949499727753 5.232748844240349 4.300000000000001
      vertex 35.69743512096364 5.329731159439317 4.300000000000001
      vertex 35.69743512096364 5.329731159439317 5.800000000000001
    endloop
  endfacet
  facet normal 0.9858710185182293 -0.1675062233047742 3.8956688290820585e-19
    outer loop
      vertex 35.69743512096364 5.329731159439317 4.300000000000001
      vertex 35.71434098890392 5.429231971507022 4.300000000000001
      vertex 35.71434098890392 5.429231971507022 5.800000000000001
    endloop
  endfacet
  facet normal 0.9984268150178185 -0.05607044723715893 -8.493301388459076e-20
    outer loop
      vertex 35.71434098890392 5.429231971507022 4.300000000000001
      vertex 35.72 5.529999999999999 4.300000000000001
      vertex 35.72 5.529999999999999 5.800000000000001
    endloop
  endfacet
  facet normal 0.9984268150178185 0.05607044723715893 8.493301388459076e-20
    outer loop
      vertex 35.72 5.529999999999999 4.300000000000001
      vertex 35.71434098890392 5.630768028492977 4.300000000000001
      vertex 35.71434098890392 5.630768028492977 5.800000000000001
    endloop
  endfacet
  facet normal 0.9858710185182293 0.1675062233047742 0
    outer loop
      vertex 35.69743512096364 5.730268840560682 4.300000000000001
      vertex 35.69743512096364 5.730268840560682 5.800000000000001
      vertex 35.71434098890392 5.630768028492977 4.300000000000001
    endloop
  endfacet
  facet normal 0.8752234219087616 0.4837188871052257 1.6466632594442808e-18
    outer loop
      vertex 35.63087198111218 5.920495365205801 4.300000000000001
      vertex 35.58205177930546 6.0088288688638025 4.300000000000001
      vertex 35.58205177930546 6.0088288688638025 5.800000000000001
    endloop
  endfacet
  facet normal 0.8155608689592503 0.5786712961798196 -3.104023567168083e-19
    outer loop
      vertex 35.58205177930546 6.0088288688638025 4.300000000000001
      vertex 35.52364833422123 6.09114082167286 4.300000000000001
      vertex 35.52364833422123 6.09114082167286 5.800000000000001
    endloop
  endfacet
  facet normal 0.9609173219451073 0.2768355114248225 -7.851937918390915e-19
    outer loop
      vertex 35.69743512096364 5.730268840560682 4.300000000000001
      vertex 35.66949499727753 5.82725115575965 4.300000000000001
      vertex 35.66949499727753 5.82725115575965 5.800000000000001
    endloop
  endfacet
  facet normal 0.9238795325112884 0.3826834323650858 -1.696723508696105e-19
    outer loop
      vertex 35.66949499727753 5.82725115575965 4.300000000000001
      vertex 35.63087198111218 5.920495365205801 4.300000000000001
      vertex 35.63087198111218 5.920495365205801 5.800000000000001
    endloop
  endfacet
  facet normal 0.5786712961798021 -0.8155608689592627 0
    outer loop
      vertex 35.2988288688638 4.767948220694544 4.300000000000001
      vertex 35.38114082167286 4.826351665778772 5.800000000000001
      vertex 35.2988288688638 4.767948220694544 5.800000000000001
    endloop
  endfacet
  facet normal 0.6663465779519785 -0.7456421648831884 0
    outer loop
      vertex 35.38114082167286 4.826351665778772 4.300000000000001
      vertex 35.456396103067895 4.893603896932106 5.800000000000001
      vertex 35.38114082167286 4.826351665778772 5.800000000000001
    endloop
  endfacet
  facet normal 0.7456421648831733 -0.6663465779519955 0
    outer loop
      vertex 35.456396103067895 4.893603896932106 4.300000000000001
      vertex 35.52364833422123 4.968859178327139 5.800000000000001
      vertex 35.456396103067895 4.893603896932106 5.800000000000001
    endloop
  endfacet
  facet normal 0.8155608689592503 -0.5786712961798196 0
    outer loop
      vertex 35.52364833422123 4.968859178327139 4.300000000000001
      vertex 35.58205177930546 5.051171131136196 5.800000000000001
      vertex 35.52364833422123 4.968859178327139 5.800000000000001
    endloop
  endfacet
  facet normal 0.8752234219087616 -0.4837188871052257 0
    outer loop
      vertex 35.58205177930546 5.051171131136196 4.300000000000001
      vertex 35.63087198111218 5.139504634794197 5.800000000000001
      vertex 35.58205177930546 5.051171131136196 5.800000000000001
    endloop
  endfacet
  facet normal 0.9238795325112884 -0.3826834323650858 0
    outer loop
      vertex 35.63087198111218 5.139504634794197 4.300000000000001
      vertex 35.66949499727753 5.232748844240349 5.800000000000001
      vertex 35.63087198111218 5.139504634794197 5.800000000000001
    endloop
  endfacet
  facet normal 0.9609173219451073 -0.2768355114248225 0
    outer loop
      vertex 35.66949499727753 5.232748844240349 4.300000000000001
      vertex 35.69743512096364 5.329731159439317 5.800000000000001
      vertex 35.66949499727753 5.232748844240349 5.800000000000001
    endloop
  endfacet
  facet normal 0.9858710185182293 -0.1675062233047742 0
    outer loop
      vertex 35.69743512096364 5.329731159439317 4.300000000000001
      vertex 35.71434098890392 5.429231971507022 5.800000000000001
      vertex 35.69743512096364 5.329731159439317 5.800000000000001
    endloop
  endfacet
  facet normal 0.9984268150178185 -0.05607044723715893 0
    outer loop
      vertex 35.71434098890392 5.429231971507022 4.300000000000001
      vertex 35.72 5.529999999999999 5.800000000000001
      vertex 35.71434098890392 5.429231971507022 5.800000000000001
    endloop
  endfacet
  facet normal 0.9984268150178185 0.05607044723715893 0
    outer loop
      vertex 35.72 5.529999999999999 4.300000000000001
      vertex 35.71434098890392 5.630768028492977 5.800000000000001
      vertex 35.72 5.529999999999999 5.800000000000001
    endloop
  endfacet
  facet normal 0.9858710185182293 0.1675062233047742 0
    outer loop
      vertex 35.71434098890392 5.630768028492977 4.300000000000001
      vertex 35.69743512096364 5.730268840560682 5.800000000000001
      vertex 35.71434098890392 5.630768028492977 5.800000000000001
    endloop
  endfacet
  facet normal 0.8752234219087616 0.4837188871052257 0
    outer loop
      vertex 35.63087198111218 5.920495365205801 4.300000000000001
      vertex 35.58205177930546 6.0088288688638025 5.800000000000001
      vertex 35.63087198111218 5.920495365205801 5.800000000000001
    endloop
  endfacet
  facet normal 0.8155608689592503 0.5786712961798196 0
    outer loop
      vertex 35.58205177930546 6.0088288688638025 4.300000000000001
      vertex 35.52364833422123 6.09114082167286 5.800000000000001
      vertex 35.58205177930546 6.0088288688638025 5.800000000000001
    endloop
  endfacet
  facet normal 0.9609173219451073 0.2768355114248225 0
    outer loop
      vertex 35.69743512096364 5.730268840560682 4.300000000000001
      vertex 35.66949499727753 5.82725115575965 5.800000000000001
      vertex 35.69743512096364 5.730268840560682 5.800000000000001
    endloop
  endfacet
  facet normal 0.9238795325112884 0.3826834323650858 0
    outer loop
      vertex 35.66949499727753 5.82725115575965 4.300000000000001
      vertex 35.63087198111218 5.920495365205801 5.800000000000001
      vertex 35.66949499727753 5.82725115575965 5.800000000000001
    endloop
  endfacet
  facet normal 0 0 1
    outer loop
      vertex 35.2988288688638 4.767948220694544 5.800000000000001
      vertex 35.38114082167286 4.826351665778772 5.800000000000001
      vertex 35.2988288688638 6.292051779305455 5.800000000000001
    endloop
  endfacet
  facet normal 0 0 1
    outer loop
      vertex 35.38114082167286 4.826351665778772 5.800000000000001
      vertex 35.456396103067895 4.893603896932106 5.800000000000001
      vertex 35.38114082167286 6.233648334221226 5.800000000000001
    endloop
  endfacet
  facet normal 0 0 1
    outer loop
      vertex 35.456396103067895 4.893603896932106 5.800000000000001
      vertex 35.52364833422123 4.968859178327139 5.800000000000001
      vertex 35.456396103067895 6.166396103067893 5.800000000000001
    endloop
  endfacet
  facet normal 0 0 1
    outer loop
      vertex 35.52364833422123 4.968859178327139 5.800000000000001
      vertex 35.58205177930546 5.051171131136196 5.800000000000001
      vertex 35.52364833422123 6.09114082167286 5.800000000000001
    endloop
  endfacet
  facet normal 0 0 1
    outer loop
      vertex 35.58205177930546 5.051171131136196 5.800000000000001
      vertex 35.63087198111218 5.139504634794197 5.800000000000001
      vertex 35.58205177930546 6.0088288688638025 5.800000000000001
    endloop
  endfacet
  facet normal 0 0 1
    outer loop
      vertex 35.63087198111218 5.139504634794197 5.800000000000001
      vertex 35.63087198111218 5.920495365205801 5.800000000000001
      vertex 35.58205177930546 6.0088288688638025 5.800000000000001
    endloop
  endfacet
  facet normal 0 0 1
    outer loop
      vertex 35.63087198111218 5.139504634794197 5.800000000000001
      vertex 35.66949499727753 5.232748844240349 5.800000000000001
      vertex 35.63087198111218 5.920495365205801 5.800000000000001
    endloop
  endfacet
  facet normal 0 0 1
    outer loop
      vertex 35.66949499727753 5.232748844240349 5.800000000000001
      vertex 35.69743512096364 5.329731159439317 5.800000000000001
      vertex 35.66949499727753 5.82725115575965 5.800000000000001
    endloop
  endfacet
  facet normal 0 0 1
    outer loop
      vertex 35.69743512096364 5.329731159439317 5.800000000000001
      vertex 35.71434098890392 5.429231971507022 5.800000000000001
      vertex 35.69743512096364 5.730268840560682 5.800000000000001
    endloop
  endfacet
  facet normal 0 0 1
    outer loop
      vertex 35.71434098890392 5.429231971507022 5.800000000000001
      vertex 35.72 5.529999999999999 5.800000000000001
      vertex 35.71434098890392 5.630768028492977 5.800000000000001
    endloop
  endfacet
  facet normal 0 0 1
    outer loop
      vertex 35.71434098890392 5.429231971507022 5.800000000000001
      vertex 35.71434098890392 5.630768028492977 5.800000000000001
      vertex 35.69743512096364 5.730268840560682 5.800000000000001
    endloop
  endfacet
  facet normal 0 0 1
    outer loop
      vertex 35.69743512096364 5.329731159439317 5.800000000000001
      vertex 35.69743512096364 5.730268840560682 5.800000000000001
      vertex 35.66949499727753 5.82725115575965 5.800000000000001
    endloop
  endfacet
  facet normal 0 0 1
    outer loop
      vertex 35.66949499727753 5.232748844240349 5.800000000000001
      vertex 35.66949499727753 5.82725115575965 5.800000000000001
      vertex 35.63087198111218 5.920495365205801 5.800000000000001
    endloop
  endfacet
  facet normal 0 0 1
    outer loop
      vertex 35.38114082167286 4.826351665778772 5.800000000000001
      vertex 35.38114082167286 6.233648334221226 5.800000000000001
      vertex 35.2988288688638 6.292051779305455 5.800000000000001
    endloop
  endfacet
  facet normal 0 0 1
    outer loop
      vertex 35.456396103067895 4.893603896932106 5.800000000000001
      vertex 35.456396103067895 6.166396103067893 5.800000000000001
      vertex 35.38114082167286 6.233648334221226 5.800000000000001
    endloop
  endfacet
  facet normal 0 0 1
    outer loop
      vertex 35.52364833422123 4.968859178327139 5.800000000000001
      vertex 35.52364833422123 6.09114082167286 5.800000000000001
      vertex 35.456396103067895 6.166396103067893 5.800000000000001
    endloop
  endfacet
  facet normal 0 0 1
    outer loop
      vertex 35.58205177930546 5.051171131136196 5.800000000000001
      vertex 35.58205177930546 6.0088288688638025 5.800000000000001
      vertex 35.52364833422123 6.09114082167286 5.800000000000001
    endloop
  endfacet
  facet normal -0.7456421648831733 0.6663465779519955 0
    outer loop
      vertex 34.11635166577877 6.09114082167286 4.300000000000001
      vertex 34.11635166577877 6.09114082167286 5.800000000000001
      vertex 34.183603896932105 6.166396103067893 4.300000000000001
    endloop
  endfacet
  facet normal -0.6663465779519785 0.7456421648831884 0
    outer loop
      vertex 34.183603896932105 6.166396103067893 4.300000000000001
      vertex 34.183603896932105 6.166396103067893 5.800000000000001
      vertex 34.25885917832714 6.233648334221226 4.300000000000001
    endloop
  endfacet
  facet normal -0.578671296179808 0.8155608689592586 0
    outer loop
      vertex 34.25885917832714 6.233648334221226 4.300000000000001
      vertex 34.25885917832714 6.233648334221226 5.800000000000001
      vertex 34.3411711311362 6.292051779305456 4.300000000000001
    endloop
  endfacet
  facet normal -0.4837188871052399 0.8752234219087537 0
    outer loop
      vertex 34.3411711311362 6.292051779305456 4.300000000000001
      vertex 34.3411711311362 6.292051779305456 5.800000000000001
      vertex 34.4295046347942 6.340871981112176 4.300000000000001
    endloop
  endfacet
  facet normal -0.38268343236510577 0.9238795325112802 0
    outer loop
      vertex 34.4295046347942 6.340871981112176 4.300000000000001
      vertex 34.4295046347942 6.340871981112176 5.800000000000001
      vertex 34.52274884424035 6.37949499727753 4.300000000000001
    endloop
  endfacet
  facet normal -0.27683551142483753 0.960917321945103 0
    outer loop
      vertex 34.52274884424035 6.37949499727753 4.300000000000001
      vertex 34.52274884424035 6.37949499727753 5.800000000000001
      vertex 34.61973115943932 6.40743512096364 4.300000000000001
    endloop
  endfacet
  facet normal -0.16750622330474435 0.9858710185182346 0
    outer loop
      vertex 34.61973115943932 6.40743512096364 4.300000000000001
      vertex 34.61973115943932 6.40743512096364 5.800000000000001
      vertex 34.71923197150702 6.424340988903918 4.300000000000001
    endloop
  endfacet
  facet normal -0.05607044723719303 0.9984268150178165 0
    outer loop
      vertex 34.71923197150702 6.424340988903918 4.300000000000001
      vertex 34.71923197150702 6.424340988903918 5.800000000000001
      vertex 34.82 6.43 4.300000000000001
    endloop
  endfacet
  facet normal 0.05607044723719303 0.9984268150178165 0
    outer loop
      vertex 34.82 6.43 4.300000000000001
      vertex 34.82 6.43 5.800000000000001
      vertex 34.92076802849298 6.424340988903918 4.300000000000001
    endloop
  endfacet
  facet normal 0.16750622330474435 0.9858710185182346 0
    outer loop
      vertex 34.92076802849298 6.424340988903918 4.300000000000001
      vertex 34.92076802849298 6.424340988903918 5.800000000000001
      vertex 35.02026884056068 6.40743512096364 4.300000000000001
    endloop
  endfacet
  facet normal 0.38268343236510577 0.9238795325112802 1.0781932403668391e-18
    outer loop
      vertex 35.2104953652058 6.340871981112176 4.300000000000001
      vertex 35.117251155759654 6.37949499727753 4.300000000000001
      vertex 35.117251155759654 6.37949499727753 5.800000000000001
    endloop
  endfacet
  facet normal 0.27683551142483753 0.960917321945103 0
    outer loop
      vertex 35.02026884056068 6.40743512096364 4.300000000000001
      vertex 35.02026884056068 6.40743512096364 5.800000000000001
      vertex 35.117251155759654 6.37949499727753 4.300000000000001
    endloop
  endfacet
  facet normal 0.4837188871052466 0.8752234219087499 2.0864326958928688e-18
    outer loop
      vertex 35.2988288688638 6.292051779305455 4.300000000000001
      vertex 35.2104953652058 6.340871981112176 4.300000000000001
      vertex 35.2104953652058 6.340871981112176 5.800000000000001
    endloop
  endfacet
  facet normal -0.7456421648831733 0.6663465779519955 0
    outer loop
      vertex 34.183603896932105 6.166396103067893 4.300000000000001
      vertex 34.11635166577877 6.09114082167286 5.800000000000001
      vertex 34.183603896932105 6.166396103067893 5.800000000000001
    endloop
  endfacet
  facet normal -0.6663465779519785 0.7456421648831884 0
    outer loop
      vertex 34.25885917832714 6.233648334221226 4.300000000000001
      vertex 34.183603896932105 6.166396103067893 5.800000000000001
      vertex 34.25885917832714 6.233648334221226 5.800000000000001
    endloop
  endfacet
  facet normal -0.578671296179808 0.8155608689592586 0
    outer loop
      vertex 34.3411711311362 6.292051779305456 4.300000000000001
      vertex 34.25885917832714 6.233648334221226 5.800000000000001
      vertex 34.3411711311362 6.292051779305456 5.800000000000001
    endloop
  endfacet
  facet normal -0.4837188871052399 0.8752234219087537 0
    outer loop
      vertex 34.4295046347942 6.340871981112176 4.300000000000001
      vertex 34.3411711311362 6.292051779305456 5.800000000000001
      vertex 34.4295046347942 6.340871981112176 5.800000000000001
    endloop
  endfacet
  facet normal -0.38268343236510577 0.9238795325112802 0
    outer loop
      vertex 34.52274884424035 6.37949499727753 4.300000000000001
      vertex 34.4295046347942 6.340871981112176 5.800000000000001
      vertex 34.52274884424035 6.37949499727753 5.800000000000001
    endloop
  endfacet
  facet normal -0.27683551142483753 0.960917321945103 0
    outer loop
      vertex 34.61973115943932 6.40743512096364 4.300000000000001
      vertex 34.52274884424035 6.37949499727753 5.800000000000001
      vertex 34.61973115943932 6.40743512096364 5.800000000000001
    endloop
  endfacet
  facet normal -0.16750622330474435 0.9858710185182346 0
    outer loop
      vertex 34.71923197150702 6.424340988903918 4.300000000000001
      vertex 34.61973115943932 6.40743512096364 5.800000000000001
      vertex 34.71923197150702 6.424340988903918 5.800000000000001
    endloop
  endfacet
  facet normal -0.05607044723719303 0.9984268150178165 0
    outer loop
      vertex 34.82 6.43 4.300000000000001
      vertex 34.71923197150702 6.424340988903918 5.800000000000001
      vertex 34.82 6.43 5.800000000000001
    endloop
  endfacet
  facet normal 0.05607044723719303 0.9984268150178165 0
    outer loop
      vertex 34.92076802849298 6.424340988903918 4.300000000000001
      vertex 34.82 6.43 5.800000000000001
      vertex 34.92076802849298 6.424340988903918 5.800000000000001
    endloop
  endfacet
  facet normal 0.16750622330474435 0.9858710185182346 0
    outer loop
      vertex 35.02026884056068 6.40743512096364 4.300000000000001
      vertex 34.92076802849298 6.424340988903918 5.800000000000001
      vertex 35.02026884056068 6.40743512096364 5.800000000000001
    endloop
  endfacet
  facet normal 0.27683551142483753 0.960917321945103 0
    outer loop
      vertex 35.117251155759654 6.37949499727753 4.300000000000001
      vertex 35.02026884056068 6.40743512096364 5.800000000000001
      vertex 35.117251155759654 6.37949499727753 5.800000000000001
    endloop
  endfacet
  facet normal 0.38268343236510577 0.9238795325112802 0
    outer loop
      vertex 35.2104953652058 6.340871981112176 4.300000000000001
      vertex 35.117251155759654 6.37949499727753 5.800000000000001
      vertex 35.2104953652058 6.340871981112176 5.800000000000001
    endloop
  endfacet
  facet normal 0.4837188871052466 0.8752234219087499 0
    outer loop
      vertex 35.2988288688638 6.292051779305455 4.300000000000001
      vertex 35.2104953652058 6.340871981112176 5.800000000000001
      vertex 35.2988288688638 6.292051779305455 5.800000000000001
    endloop
  endfacet
  facet normal 0.7456421648831733 0.6663465779519955 1.519651102379552e-18
    outer loop
      vertex 35.52364833422123 6.09114082167286 4.300000000000001
      vertex 35.456396103067895 6.166396103067893 4.300000000000001
      vertex 35.456396103067895 6.166396103067893 5.800000000000001
    endloop
  endfacet
  facet normal 0.6663465779519785 0.7456421648831884 0
    outer loop
      vertex 35.38114082167286 6.233648334221226 4.300000000000001
      vertex 35.38114082167286 6.233648334221226 5.800000000000001
      vertex 35.456396103067895 6.166396103067893 4.300000000000001
    endloop
  endfacet
  facet normal 0.5786712961798021 0.8155608689592627 0
    outer loop
      vertex 35.2988288688638 6.292051779305455 4.300000000000001
      vertex 35.2988288688638 6.292051779305455 5.800000000000001
      vertex 35.38114082167286 6.233648334221226 4.300000000000001
    endloop
  endfacet
  facet normal 0.5786712961798021 0.8155608689592627 0
    outer loop
      vertex 35.38114082167286 6.233648334221226 4.300000000000001
      vertex 35.2988288688638 6.292051779305455 5.800000000000001
      vertex 35.38114082167286 6.233648334221226 5.800000000000001
    endloop
  endfacet
  facet normal 0.6663465779519785 0.7456421648831884 0
    outer loop
      vertex 35.456396103067895 6.166396103067893 4.300000000000001
      vertex 35.38114082167286 6.233648334221226 5.800000000000001
      vertex 35.456396103067895 6.166396103067893 5.800000000000001
    endloop
  endfacet
  facet normal 0.7456421648831733 0.6663465779519955 0
    outer loop
      vertex 35.52364833422123 6.09114082167286 4.300000000000001
      vertex 35.456396103067895 6.166396103067893 5.800000000000001
      vertex 35.52364833422123 6.09114082167286 5.800000000000001
    endloop
  endfacet
  facet normal -0.9238795325112801 -0.3826834323651057 0
    outer loop
      vertex 32.74345667332159 18.07338606369863 4.300000000000001
      vertex 32.74345667332159 18.07338606369863 1.6
      vertex 32.83786849061468 17.845455773941367 1.6
    endloop
  endfacet
  facet normal -0.9609173219451015 -0.2768355114248428 0
    outer loop
      vertex 32.67515859319999 18.310453945296103 4.300000000000001
      vertex 32.67515859319999 18.310453945296103 1.6
      vertex 32.74345667332159 18.07338606369863 1.6
    endloop
  endfacet
  facet normal -0.27683551142485224 -0.9609173219450987 0
    outer loop
      vertex 34.33045394529611 16.655158593199985 4.300000000000001
      vertex 34.09338606369863 16.72345667332159 1.6
      vertex 34.33045394529611 16.655158593199985 1.6
    endloop
  endfacet
  facet normal -0.16750622330473486 -0.9858710185182361 0
    outer loop
      vertex 34.573678152572725 16.613833138234863 4.300000000000001
      vertex 34.33045394529611 16.655158593199985 1.6
      vertex 34.573678152572725 16.613833138234863 1.6
    endloop
  endfacet
  facet normal -0.05607044723718826 -0.9984268150178168 0
    outer loop
      vertex 34.82 16.599999999999998 4.300000000000001
      vertex 34.573678152572725 16.613833138234863 1.6
      vertex 34.82 16.599999999999998 1.6
    endloop
  endfacet
  facet normal 0.05607044723718826 -0.9984268150178168 0
    outer loop
      vertex 35.066321847427275 16.613833138234863 4.300000000000001
      vertex 34.82 16.599999999999998 1.6
      vertex 35.066321847427275 16.613833138234863 1.6
    endloop
  endfacet
  facet normal 0.16750622330473486 -0.9858710185182361 0
    outer loop
      vertex 35.309546054703894 16.655158593199985 4.300000000000001
      vertex 35.066321847427275 16.613833138234863 1.6
      vertex 35.309546054703894 16.655158593199985 1.6
    endloop
  endfacet
  facet normal -0.6663465779520037 -0.7456421648831659 0
    outer loop
      vertex 33.44832243591079 17.07997073857033 4.300000000000001
      vertex 33.2643650813896 17.244365081389592 1.6
      vertex 33.44832243591079 17.07997073857033 1.6
    endloop
  endfacet
  facet normal -0.7456421648831587 -0.6663465779520117 0
    outer loop
      vertex 33.099970738570335 17.428322435910783 4.300000000000001
      vertex 33.099970738570335 17.428322435910783 1.6
      vertex 33.2643650813896 17.244365081389592 1.6
    endloop
  endfacet
  facet normal -0.5786712961798087 -0.8155608689592582 0
    outer loop
      vertex 33.64952943166626 16.937206761697773 4.300000000000001
      vertex 33.44832243591079 17.07997073857033 1.6
      vertex 33.64952943166626 16.937206761697773 1.6
    endloop
  endfacet
  facet normal -0.48371888710524624 -0.87522342190875 0
    outer loop
      vertex 33.86545577394137 16.817868490614675 4.300000000000001
      vertex 33.64952943166626 16.937206761697773 1.6
      vertex 33.86545577394137 16.817868490614675 1.6
    endloop
  endfacet
  facet normal -0.38268343236508634 -0.9238795325112882 0
    outer loop
      vertex 34.09338606369863 16.72345667332159 4.300000000000001
      vertex 33.86545577394137 16.817868490614675 1.6
      vertex 34.09338606369863 16.72345667332159 1.6
    endloop
  endfacet
  facet normal -0.8155608689592628 -0.5786712961798018 0
    outer loop
      vertex 32.957206761697776 17.629529431666256 4.300000000000001
      vertex 32.957206761697776 17.629529431666256 1.6
      vertex 33.099970738570335 17.428322435910783 1.6
    endloop
  endfacet
  facet normal -0.8752234219087561 -0.4837188871052353 0
    outer loop
      vertex 32.83786849061468 17.845455773941367 4.300000000000001
      vertex 32.83786849061468 17.845455773941367 1.6
      vertex 32.957206761697776 17.629529431666256 1.6
    endloop
  endfacet
  facet normal -0.9609173219451015 -0.2768355114248428 0
    outer loop
      vertex 32.74345667332159 18.07338606369863 4.300000000000001
      vertex 32.67515859319999 18.310453945296103 4.300000000000001
      vertex 32.74345667332159 18.07338606369863 1.6
    endloop
  endfacet
  facet normal -0.27683551142485224 -0.9609173219450987 0
    outer loop
      vertex 34.09338606369863 16.72345667332159 4.300000000000001
      vertex 34.09338606369863 16.72345667332159 1.6
      vertex 34.33045394529611 16.655158593199985 4.300000000000001
    endloop
  endfacet
  facet normal -0.16750622330473486 -0.9858710185182361 0
    outer loop
      vertex 34.33045394529611 16.655158593199985 4.300000000000001
      vertex 34.33045394529611 16.655158593199985 1.6
      vertex 34.573678152572725 16.613833138234863 4.300000000000001
    endloop
  endfacet
  facet normal -0.05607044723718826 -0.9984268150178168 0
    outer loop
      vertex 34.573678152572725 16.613833138234863 4.300000000000001
      vertex 34.573678152572725 16.613833138234863 1.6
      vertex 34.82 16.599999999999998 4.300000000000001
    endloop
  endfacet
  facet normal 0.05607044723718826 -0.9984268150178168 0
    outer loop
      vertex 34.82 16.599999999999998 4.300000000000001
      vertex 34.82 16.599999999999998 1.6
      vertex 35.066321847427275 16.613833138234863 4.300000000000001
    endloop
  endfacet
  facet normal 0.16750622330473486 -0.9858710185182361 0
    outer loop
      vertex 35.066321847427275 16.613833138234863 4.300000000000001
      vertex 35.066321847427275 16.613833138234863 1.6
      vertex 35.309546054703894 16.655158593199985 4.300000000000001
    endloop
  endfacet
  facet normal -0.6663465779520037 -0.7456421648831659 -5.605195826009076e-19
    outer loop
      vertex 33.44832243591079 17.07997073857033 4.300000000000001
      vertex 33.2643650813896 17.244365081389592 4.300000000000001
      vertex 33.2643650813896 17.244365081389592 1.6
    endloop
  endfacet
  facet normal -0.7456421648831587 -0.6663465779520117 0
    outer loop
      vertex 33.2643650813896 17.244365081389592 4.300000000000001
      vertex 33.099970738570335 17.428322435910783 4.300000000000001
      vertex 33.2643650813896 17.244365081389592 1.6
    endloop
  endfacet
  facet normal -0.48371888710524624 -0.87522342190875 0
    outer loop
      vertex 33.64952943166626 16.937206761697773 4.300000000000001
      vertex 33.64952943166626 16.937206761697773 1.6
      vertex 33.86545577394137 16.817868490614675 4.300000000000001
    endloop
  endfacet
  facet normal -0.5786712961798087 -0.8155608689592582 0
    outer loop
      vertex 33.44832243591079 17.07997073857033 4.300000000000001
      vertex 33.44832243591079 17.07997073857033 1.6
      vertex 33.64952943166626 16.937206761697773 4.300000000000001
    endloop
  endfacet
  facet normal -0.38268343236508634 -0.9238795325112882 0
    outer loop
      vertex 33.86545577394137 16.817868490614675 4.300000000000001
      vertex 33.86545577394137 16.817868490614675 1.6
      vertex 34.09338606369863 16.72345667332159 4.300000000000001
    endloop
  endfacet
  facet normal -0.8155608689592628 -0.5786712961798018 1.5374891017309957e-18
    outer loop
      vertex 32.957206761697776 17.629529431666256 4.300000000000001
      vertex 33.099970738570335 17.428322435910783 1.6
      vertex 33.099970738570335 17.428322435910783 4.300000000000001
    endloop
  endfacet
  facet normal -0.8752234219087561 -0.4837188871052353 0
    outer loop
      vertex 32.957206761697776 17.629529431666256 4.300000000000001
      vertex 32.83786849061468 17.845455773941367 4.300000000000001
      vertex 32.957206761697776 17.629529431666256 1.6
    endloop
  endfacet
  facet normal -0.9238795325112801 -0.3826834323651057 1.3834325141461494e-18
    outer loop
      vertex 32.74345667332159 18.07338606369863 4.300000000000001
      vertex 32.83786849061468 17.845455773941367 1.6
      vertex 32.83786849061468 17.845455773941367 4.300000000000001
    endloop
  endfacet
  facet normal 0.27683551142485224 -0.9609173219450987 0
    outer loop
      vertex 35.54661393630137 16.72345667332159 4.300000000000001
      vertex 35.309546054703894 16.655158593199985 1.6
      vertex 35.54661393630137 16.72345667332159 1.6
    endloop
  endfacet
  facet normal 0.38268343236508634 -0.9238795325112882 0
    outer loop
      vertex 35.77454422605863 16.817868490614675 4.300000000000001
      vertex 35.54661393630137 16.72345667332159 1.6
      vertex 35.77454422605863 16.817868490614675 1.6
    endloop
  endfacet
  facet normal 0.48371888710524624 -0.87522342190875 0
    outer loop
      vertex 35.99047056833374 16.937206761697773 4.300000000000001
      vertex 35.77454422605863 16.817868490614675 1.6
      vertex 35.99047056833374 16.937206761697773 1.6
    endloop
  endfacet
  facet normal 0.5786712961798087 -0.8155608689592582 0
    outer loop
      vertex 36.19167756408921 17.07997073857033 4.300000000000001
      vertex 35.99047056833374 16.937206761697773 1.6
      vertex 36.19167756408921 17.07997073857033 1.6
    endloop
  endfacet
  facet normal 0.6663465779520037 -0.7456421648831659 0
    outer loop
      vertex 36.3756349186104 17.244365081389592 4.300000000000001
      vertex 36.19167756408921 17.07997073857033 1.6
      vertex 36.3756349186104 17.244365081389592 1.6
    endloop
  endfacet
  facet normal 0.7456421648831587 -0.6663465779520117 0
    outer loop
      vertex 36.3756349186104 17.244365081389592 4.300000000000001
      vertex 36.3756349186104 17.244365081389592 1.6
      vertex 36.540029261429666 17.428322435910783 1.6
    endloop
  endfacet
  facet normal 0.8155608689592628 -0.5786712961798018 0
    outer loop
      vertex 36.540029261429666 17.428322435910783 4.300000000000001
      vertex 36.540029261429666 17.428322435910783 1.6
      vertex 36.682793238302224 17.629529431666256 1.6
    endloop
  endfacet
  facet normal 0.8752234219087561 -0.4837188871052353 0
    outer loop
      vertex 36.682793238302224 17.629529431666256 4.300000000000001
      vertex 36.682793238302224 17.629529431666256 1.6
      vertex 36.80213150938532 17.845455773941367 1.6
    endloop
  endfacet
  facet normal 0.9238795325112801 -0.3826834323651057 0
    outer loop
      vertex 36.80213150938532 17.845455773941367 4.300000000000001
      vertex 36.80213150938532 17.845455773941367 1.6
      vertex 36.89654332667841 18.07338606369863 1.6
    endloop
  endfacet
  facet normal 0.9609173219451026 -0.276835511424839 0
    outer loop
      vertex 36.89654332667841 18.07338606369863 4.300000000000001
      vertex 36.89654332667841 18.07338606369863 1.6
      vertex 36.96484140680001 18.310453945296107 1.6
    endloop
  endfacet
  facet normal 0.27683551142485224 -0.9609173219450987 0
    outer loop
      vertex 35.309546054703894 16.655158593199985 4.300000000000001
      vertex 35.309546054703894 16.655158593199985 1.6
      vertex 35.54661393630137 16.72345667332159 4.300000000000001
    endloop
  endfacet
  facet normal 0.38268343236508634 -0.9238795325112882 0
    outer loop
      vertex 35.54661393630137 16.72345667332159 4.300000000000001
      vertex 35.54661393630137 16.72345667332159 1.6
      vertex 35.77454422605863 16.817868490614675 4.300000000000001
    endloop
  endfacet
  facet normal 0.48371888710524624 -0.87522342190875 0
    outer loop
      vertex 35.77454422605863 16.817868490614675 4.300000000000001
      vertex 35.77454422605863 16.817868490614675 1.6
      vertex 35.99047056833374 16.937206761697773 4.300000000000001
    endloop
  endfacet
  facet normal 0.5786712961798087 -0.8155608689592582 0
    outer loop
      vertex 35.99047056833374 16.937206761697773 4.300000000000001
      vertex 35.99047056833374 16.937206761697773 1.6
      vertex 36.19167756408921 17.07997073857033 4.300000000000001
    endloop
  endfacet
  facet normal 0.6663465779520037 -0.7456421648831659 0
    outer loop
      vertex 36.19167756408921 17.07997073857033 4.300000000000001
      vertex 36.19167756408921 17.07997073857033 1.6
      vertex 36.3756349186104 17.244365081389592 4.300000000000001
    endloop
  endfacet
  facet normal 0.7456421648831587 -0.6663465779520117 2.4997929001701477e-18
    outer loop
      vertex 36.3756349186104 17.244365081389592 4.300000000000001
      vertex 36.540029261429666 17.428322435910783 1.6
      vertex 36.540029261429666 17.428322435910783 4.300000000000001
    endloop
  endfacet
  facet normal 0.8155608689592628 -0.5786712961798018 -1.5374891017309957e-18
    outer loop
      vertex 36.540029261429666 17.428322435910783 4.300000000000001
      vertex 36.682793238302224 17.629529431666256 1.6
      vertex 36.682793238302224 17.629529431666256 4.300000000000001
    endloop
  endfacet
  facet normal 0.8752234219087561 -0.4837188871052353 -2.4189469283534436e-18
    outer loop
      vertex 36.682793238302224 17.629529431666256 4.300000000000001
      vertex 36.80213150938532 17.845455773941367 1.6
      vertex 36.80213150938532 17.845455773941367 4.300000000000001
    endloop
  endfacet
  facet normal 0.9238795325112801 -0.3826834323651057 -1.3834325141461494e-18
    outer loop
      vertex 36.80213150938532 17.845455773941367 4.300000000000001
      vertex 36.89654332667841 18.07338606369863 1.6
      vertex 36.89654332667841 18.07338606369863 4.300000000000001
    endloop
  endfacet
  facet normal 0.9609173219451026 -0.276835511424839 9.01412695194121e-19
    outer loop
      vertex 36.89654332667841 18.07338606369863 4.300000000000001
      vertex 36.96484140680001 18.310453945296107 1.6
      vertex 36.96484140680001 18.310453945296107 4.300000000000001
    endloop
  endfacet
  facet normal -0.9858710185182333 -0.1675062233047512 0
    outer loop
      vertex 32.63383313823486 18.55367815257272 4.300000000000001
      vertex 32.63383313823486 18.55367815257272 1.6
      vertex 32.67515859319999 18.310453945296103 1.6
    endloop
  endfacet
  facet normal -0.9984268150178168 -0.05607044723718745 0
    outer loop
      vertex 32.62 18.799999999999997 4.300000000000001
      vertex 32.62 18.799999999999997 1.6
      vertex 32.63383313823486 18.55367815257272 1.6
    endloop
  endfacet
  facet normal -0.9984268150178168 0.05607044723718745 0
    outer loop
      vertex 32.63383313823486 19.046321847427276 4.300000000000001
      vertex 32.63383313823486 19.046321847427276 1.6
      vertex 32.62 18.799999999999997 1.6
    endloop
  endfacet
  facet normal -0.9858710185182333 0.1675062233047512 0
    outer loop
      vertex 32.67515859319999 19.28954605470389 4.300000000000001
      vertex 32.67515859319999 19.28954605470389 1.6
      vertex 32.63383313823486 19.046321847427276 1.6
    endloop
  endfacet
  facet normal -0.9609173219451015 0.2768355114248428 0
    outer loop
      vertex 32.74345667332159 19.526613936301363 4.300000000000001
      vertex 32.74345667332159 19.526613936301363 1.6
      vertex 32.67515859319999 19.28954605470389 1.6
    endloop
  endfacet
  facet normal -0.9238795325112801 0.3826834323651057 0
    outer loop
      vertex 32.83786849061468 19.754544226058627 4.300000000000001
      vertex 32.83786849061468 19.754544226058627 1.6
      vertex 32.74345667332159 19.526613936301363 1.6
    endloop
  endfacet
  facet normal -0.8752234219087561 0.4837188871052353 0
    outer loop
      vertex 32.957206761697776 19.970470568333738 4.300000000000001
      vertex 32.957206761697776 19.970470568333738 1.6
      vertex 32.83786849061468 19.754544226058627 1.6
    endloop
  endfacet
  facet normal -0.8155608689592628 0.5786712961798018 0
    outer loop
      vertex 33.099970738570335 20.17167756408921 4.300000000000001
      vertex 33.099970738570335 20.17167756408921 1.6
      vertex 32.957206761697776 19.970470568333738 1.6
    endloop
  endfacet
  facet normal -0.7456421648831587 0.6663465779520117 0
    outer loop
      vertex 33.2643650813896 20.355634918610402 4.300000000000001
      vertex 33.2643650813896 20.355634918610402 1.6
      vertex 33.099970738570335 20.17167756408921 1.6
    endloop
  endfacet
  facet normal -0.6663465779520037 0.7456421648831659 0
    outer loop
      vertex 33.2643650813896 20.355634918610402 4.300000000000001
      vertex 33.44832243591079 20.520029261429663 1.6
      vertex 33.2643650813896 20.355634918610402 1.6
    endloop
  endfacet
  facet normal -0.5786712961798087 0.8155608689592582 0
    outer loop
      vertex 33.44832243591079 20.520029261429663 4.300000000000001
      vertex 33.64952943166626 20.66279323830222 1.6
      vertex 33.44832243591079 20.520029261429663 1.6
    endloop
  endfacet
  facet normal -0.48371888710524624 0.87522342190875 0
    outer loop
      vertex 33.64952943166626 20.66279323830222 4.300000000000001
      vertex 33.86545577394137 20.78213150938532 1.6
      vertex 33.64952943166626 20.66279323830222 1.6
    endloop
  endfacet
  facet normal -0.38268343236508634 0.9238795325112882 0
    outer loop
      vertex 33.86545577394137 20.78213150938532 4.300000000000001
      vertex 34.09338606369863 20.876543326678405 1.6
      vertex 33.86545577394137 20.78213150938532 1.6
    endloop
  endfacet
  facet normal -0.27683551142485224 0.9609173219450987 0
    outer loop
      vertex 34.09338606369863 20.876543326678405 4.300000000000001
      vertex 34.33045394529611 20.94484140680001 1.6
      vertex 34.09338606369863 20.876543326678405 1.6
    endloop
  endfacet
  facet normal -0.16750622330473486 0.9858710185182361 0
    outer loop
      vertex 34.33045394529611 20.94484140680001 4.300000000000001
      vertex 34.573678152572725 20.98616686176513 1.6
      vertex 34.33045394529611 20.94484140680001 1.6
    endloop
  endfacet
  facet normal -0.05607044723718826 0.9984268150178168 0
    outer loop
      vertex 34.573678152572725 20.98616686176513 4.300000000000001
      vertex 34.82 20.999999999999996 1.6
      vertex 34.573678152572725 20.98616686176513 1.6
    endloop
  endfacet
  facet normal 0.05607044723718826 0.9984268150178168 0
    outer loop
      vertex 34.82 20.999999999999996 4.300000000000001
      vertex 35.066321847427275 20.98616686176513 1.6
      vertex 34.82 20.999999999999996 1.6
    endloop
  endfacet
  facet normal 0.16750622330473486 0.9858710185182361 0
    outer loop
      vertex 35.066321847427275 20.98616686176513 4.300000000000001
      vertex 35.309546054703894 20.94484140680001 1.6
      vertex 35.066321847427275 20.98616686176513 1.6
    endloop
  endfacet
  facet normal -0.9858710185182333 -0.1675062233047512 0
    outer loop
      vertex 32.67515859319999 18.310453945296103 4.300000000000001
      vertex 32.63383313823486 18.55367815257272 4.300000000000001
      vertex 32.67515859319999 18.310453945296103 1.6
    endloop
  endfacet
  facet normal -0.9984268150178168 -0.05607044723718745 0
    outer loop
      vertex 32.63383313823486 18.55367815257272 4.300000000000001
      vertex 32.62 18.799999999999997 4.300000000000001
      vertex 32.63383313823486 18.55367815257272 1.6
    endloop
  endfacet
  facet normal -0.9984268150178168 0.05607044723718745 0
    outer loop
      vertex 32.62 18.799999999999997 4.300000000000001
      vertex 32.63383313823486 19.046321847427276 4.300000000000001
      vertex 32.62 18.799999999999997 1.6
    endloop
  endfacet
  facet normal -0.9858710185182333 0.1675062233047512 0
    outer loop
      vertex 32.63383313823486 19.046321847427276 4.300000000000001
      vertex 32.67515859319999 19.28954605470389 4.300000000000001
      vertex 32.63383313823486 19.046321847427276 1.6
    endloop
  endfacet
  facet normal -0.9609173219451015 0.2768355114248428 0
    outer loop
      vertex 32.67515859319999 19.28954605470389 4.300000000000001
      vertex 32.74345667332159 19.526613936301363 4.300000000000001
      vertex 32.67515859319999 19.28954605470389 1.6
    endloop
  endfacet
  facet normal -0.9238795325112801 0.3826834323651057 0
    outer loop
      vertex 32.74345667332159 19.526613936301363 4.300000000000001
      vertex 32.83786849061468 19.754544226058627 4.300000000000001
      vertex 32.74345667332159 19.526613936301363 1.6
    endloop
  endfacet
  facet normal -0.8752234219087561 0.4837188871052353 0
    outer loop
      vertex 32.83786849061468 19.754544226058627 4.300000000000001
      vertex 32.957206761697776 19.970470568333738 4.300000000000001
      vertex 32.83786849061468 19.754544226058627 1.6
    endloop
  endfacet
  facet normal -0.8155608689592628 0.5786712961798018 0
    outer loop
      vertex 32.957206761697776 19.970470568333738 4.300000000000001
      vertex 33.099970738570335 20.17167756408921 4.300000000000001
      vertex 32.957206761697776 19.970470568333738 1.6
    endloop
  endfacet
  facet normal -0.7456421648831587 0.6663465779520117 0
    outer loop
      vertex 33.099970738570335 20.17167756408921 4.300000000000001
      vertex 33.2643650813896 20.355634918610402 4.300000000000001
      vertex 33.099970738570335 20.17167756408921 1.6
    endloop
  endfacet
  facet normal -0.6663465779520037 0.7456421648831659 5.605195826009076e-19
    outer loop
      vertex 33.2643650813896 20.355634918610402 4.300000000000001
      vertex 33.44832243591079 20.520029261429663 4.300000000000001
      vertex 33.44832243591079 20.520029261429663 1.6
    endloop
  endfacet
  facet normal -0.5786712961798087 0.8155608689592582 -2.5287242389967004e-18
    outer loop
      vertex 33.44832243591079 20.520029261429663 4.300000000000001
      vertex 33.64952943166626 20.66279323830222 4.300000000000001
      vertex 33.64952943166626 20.66279323830222 1.6
    endloop
  endfacet
  facet normal -0.48371888710524624 0.87522342190875 -1.8534404460156e-18
    outer loop
      vertex 33.64952943166626 20.66279323830222 4.300000000000001
      vertex 33.86545577394137 20.78213150938532 4.300000000000001
      vertex 33.86545577394137 20.78213150938532 1.6
    endloop
  endfacet
  facet normal -0.38268343236508634 0.9238795325112882 1.330520038817289e-18
    outer loop
      vertex 33.86545577394137 20.78213150938532 4.300000000000001
      vertex 34.09338606369863 20.876543326678405 4.300000000000001
      vertex 34.09338606369863 20.876543326678405 1.6
    endloop
  endfacet
  facet normal -0.27683551142485224 0.9609173219450987 -3.615841638790395e-19
    outer loop
      vertex 34.09338606369863 20.876543326678405 4.300000000000001
      vertex 34.33045394529611 20.94484140680001 4.300000000000001
      vertex 34.33045394529611 20.94484140680001 1.6
    endloop
  endfacet
  facet normal -0.16750622330473486 0.9858710185182361 -4.6523766535932236e-20
    outer loop
      vertex 34.33045394529611 20.94484140680001 4.300000000000001
      vertex 34.573678152572725 20.98616686176513 4.300000000000001
      vertex 34.573678152572725 20.98616686176513 1.6
    endloop
  endfacet
  facet normal -0.05607044723718826 0.9984268150178168 5.732350103730761e-20
    outer loop
      vertex 34.573678152572725 20.98616686176513 4.300000000000001
      vertex 34.82 20.999999999999996 4.300000000000001
      vertex 34.82 20.999999999999996 1.6
    endloop
  endfacet
  facet normal 0.05607044723718826 0.9984268150178168 -5.732350103730761e-20
    outer loop
      vertex 34.82 20.999999999999996 4.300000000000001
      vertex 35.066321847427275 20.98616686176513 4.300000000000001
      vertex 35.066321847427275 20.98616686176513 1.6
    endloop
  endfacet
  facet normal 0.16750622330473486 0.9858710185182361 4.6523766535932236e-20
    outer loop
      vertex 35.066321847427275 20.98616686176513 4.300000000000001
      vertex 35.309546054703894 20.94484140680001 4.300000000000001
      vertex 35.309546054703894 20.94484140680001 1.6
    endloop
  endfacet
  facet normal 0.9858710185182329 -0.16750622330475362 0
    outer loop
      vertex 36.96484140680001 18.310453945296107 4.300000000000001
      vertex 36.96484140680001 18.310453945296107 1.6
      vertex 37.00616686176514 18.55367815257272 1.6
    endloop
  endfacet
  facet normal 0.9984268150178168 -0.05607044723718745 0
    outer loop
      vertex 37.00616686176514 18.55367815257272 4.300000000000001
      vertex 37.00616686176514 18.55367815257272 1.6
      vertex 37.02 18.799999999999997 1.6
    endloop
  endfacet
  facet normal 0.9984268150178168 0.05607044723718745 0
    outer loop
      vertex 37.02 18.799999999999997 4.300000000000001
      vertex 37.02 18.799999999999997 1.6
      vertex 37.00616686176514 19.046321847427276 1.6
    endloop
  endfacet
  facet normal 0.9858710185182329 0.16750622330475362 0
    outer loop
      vertex 37.00616686176514 19.046321847427276 4.300000000000001
      vertex 37.00616686176514 19.046321847427276 1.6
      vertex 36.96484140680001 19.289546054703887 1.6
    endloop
  endfacet
  facet normal 0.9609173219451036 0.27683551142483515 0
    outer loop
      vertex 36.96484140680001 19.289546054703887 4.300000000000001
      vertex 36.96484140680001 19.289546054703887 1.6
      vertex 36.89654332667841 19.526613936301366 1.6
    endloop
  endfacet
  facet normal 0.9238795325112759 0.3826834323651159 0
    outer loop
      vertex 36.89654332667841 19.526613936301366 4.300000000000001
      vertex 36.89654332667841 19.526613936301366 1.6
      vertex 36.80213150938532 19.754544226058623 1.6
    endloop
  endfacet
  facet normal 0.6663465779520037 0.7456421648831659 0
    outer loop
      vertex 36.19167756408921 20.520029261429663 4.300000000000001
      vertex 36.3756349186104 20.355634918610402 1.6
      vertex 36.19167756408921 20.520029261429663 1.6
    endloop
  endfacet
  facet normal 0.7456421648831587 0.6663465779520117 0
    outer loop
      vertex 36.540029261429666 20.17167756408921 4.300000000000001
      vertex 36.540029261429666 20.17167756408921 1.6
      vertex 36.3756349186104 20.355634918610402 1.6
    endloop
  endfacet
  facet normal 0.38268343236508634 0.9238795325112882 0
    outer loop
      vertex 35.54661393630137 20.876543326678405 4.300000000000001
      vertex 35.77454422605863 20.78213150938532 1.6
      vertex 35.54661393630137 20.876543326678405 1.6
    endloop
  endfacet
  facet normal 0.48371888710524624 0.87522342190875 0
    outer loop
      vertex 35.77454422605863 20.78213150938532 4.300000000000001
      vertex 35.99047056833374 20.66279323830222 1.6
      vertex 35.77454422605863 20.78213150938532 1.6
    endloop
  endfacet
  facet normal 0.27683551142485224 0.9609173219450987 0
    outer loop
      vertex 35.309546054703894 20.94484140680001 4.300000000000001
      vertex 35.54661393630137 20.876543326678405 1.6
      vertex 35.309546054703894 20.94484140680001 1.6
    endloop
  endfacet
  facet normal 0.5786712961798087 0.8155608689592582 0
    outer loop
      vertex 35.99047056833374 20.66279323830222 4.300000000000001
      vertex 36.19167756408921 20.520029261429663 1.6
      vertex 35.99047056833374 20.66279323830222 1.6
    endloop
  endfacet
  facet normal 0.8752234219087596 0.48371888710522926 0
    outer loop
      vertex 36.80213150938532 19.754544226058623 4.300000000000001
      vertex 36.80213150938532 19.754544226058623 1.6
      vertex 36.682793238302224 19.970470568333738 1.6
    endloop
  endfacet
  facet normal 0.8155608689592628 0.5786712961798018 0
    outer loop
      vertex 36.682793238302224 19.970470568333738 4.300000000000001
      vertex 36.682793238302224 19.970470568333738 1.6
      vertex 36.540029261429666 20.17167756408921 1.6
    endloop
  endfacet
  facet normal 0.9858710185182329 -0.16750622330475362 -4.2644755892640294e-19
    outer loop
      vertex 36.96484140680001 18.310453945296107 4.300000000000001
      vertex 37.00616686176514 18.55367815257272 1.6
      vertex 37.00616686176514 18.55367815257272 4.300000000000001
    endloop
  endfacet
  facet normal 0.9984268150178168 -0.05607044723718745 2.66357724076545e-19
    outer loop
      vertex 37.00616686176514 18.55367815257272 4.300000000000001
      vertex 37.02 18.799999999999997 1.6
      vertex 37.02 18.799999999999997 4.300000000000001
    endloop
  endfacet
  facet normal 0.9984268150178168 0.05607044723718745 -2.66357724076545e-19
    outer loop
      vertex 37.02 18.799999999999997 4.300000000000001
      vertex 37.00616686176514 19.046321847427276 1.6
      vertex 37.00616686176514 19.046321847427276 4.300000000000001
    endloop
  endfacet
  facet normal 0.9858710185182329 0.16750622330475362 4.2644755892640294e-19
    outer loop
      vertex 37.00616686176514 19.046321847427276 4.300000000000001
      vertex 36.96484140680001 19.289546054703887 1.6
      vertex 36.96484140680001 19.289546054703887 4.300000000000001
    endloop
  endfacet
  facet normal 0.9238795325112759 0.3826834323651159 -1.9739348782582098e-18
    outer loop
      vertex 36.89654332667841 19.526613936301366 4.300000000000001
      vertex 36.80213150938532 19.754544226058623 1.6
      vertex 36.80213150938532 19.754544226058623 4.300000000000001
    endloop
  endfacet
  facet normal 0.9609173219451036 0.27683551142483515 -5.744983823722584e-19
    outer loop
      vertex 36.96484140680001 19.289546054703887 4.300000000000001
      vertex 36.89654332667841 19.526613936301366 1.6
      vertex 36.89654332667841 19.526613936301366 4.300000000000001
    endloop
  endfacet
  facet normal 0.7456421648831587 0.6663465779520117 0
    outer loop
      vertex 36.3756349186104 20.355634918610402 4.300000000000001
      vertex 36.540029261429666 20.17167756408921 4.300000000000001
      vertex 36.3756349186104 20.355634918610402 1.6
    endloop
  endfacet
  facet normal 0.6663465779520037 0.7456421648831659 0
    outer loop
      vertex 36.3756349186104 20.355634918610402 4.300000000000001
      vertex 36.3756349186104 20.355634918610402 1.6
      vertex 36.19167756408921 20.520029261429663 4.300000000000001
    endloop
  endfacet
  facet normal 0.27683551142485224 0.9609173219450987 3.615841638790395e-19
    outer loop
      vertex 35.309546054703894 20.94484140680001 4.300000000000001
      vertex 35.54661393630137 20.876543326678405 4.300000000000001
      vertex 35.54661393630137 20.876543326678405 1.6
    endloop
  endfacet
  facet normal 0.48371888710524624 0.87522342190875 1.8534404460156e-18
    outer loop
      vertex 35.77454422605863 20.78213150938532 4.300000000000001
      vertex 35.99047056833374 20.66279323830222 4.300000000000001
      vertex 35.99047056833374 20.66279323830222 1.6
    endloop
  endfacet
  facet normal 0.38268343236508634 0.9238795325112882 -1.330520038817289e-18
    outer loop
      vertex 35.54661393630137 20.876543326678405 4.300000000000001
      vertex 35.77454422605863 20.78213150938532 4.300000000000001
      vertex 35.77454422605863 20.78213150938532 1.6
    endloop
  endfacet
  facet normal 0.5786712961798087 0.8155608689592582 0
    outer loop
      vertex 36.19167756408921 20.520029261429663 4.300000000000001
      vertex 36.19167756408921 20.520029261429663 1.6
      vertex 35.99047056833374 20.66279323830222 4.300000000000001
    endloop
  endfacet
  facet normal 0.8752234219087596 0.48371888710522926 1.3648077388505107e-18
    outer loop
      vertex 36.80213150938532 19.754544226058623 4.300000000000001
      vertex 36.682793238302224 19.970470568333738 1.6
      vertex 36.682793238302224 19.970470568333738 4.300000000000001
    endloop
  endfacet
  facet normal 0.8155608689592628 0.5786712961798018 1.5374891017309957e-18
    outer loop
      vertex 36.682793238302224 19.970470568333738 4.300000000000001
      vertex 36.540029261429666 20.17167756408921 1.6
      vertex 36.540029261429666 20.17167756408921 4.300000000000001
    endloop
  endfacet
  facet normal 0 0 1
    outer loop
      vertex 33.86545577394137 16.817868490614675 4.300000000000001
      vertex 34.09338606369863 16.72345667332159 4.300000000000001
      vertex 33.97050500272247 18.502748844240347 4.300000000000001
    endloop
  endfacet
  facet normal 0 0 1
    outer loop
      vertex 33.44832243591079 17.07997073857033 4.300000000000001
      vertex 33.2643650813896 20.355634918610402 4.300000000000001
      vertex 33.2643650813896 17.244365081389592 4.300000000000001
    endloop
  endfacet
  facet normal 0 0 1
    outer loop
      vertex 34.09338606369863 16.72345667332159 4.300000000000001
      vertex 34.05794822069454 18.321171131136193 4.300000000000001
      vertex 34.00912801888782 18.409504634794196 4.300000000000001
    endloop
  endfacet
  facet normal 0 0 1
    outer loop
      vertex 33.44832243591079 17.07997073857033 4.300000000000001
      vertex 33.64952943166626 16.937206761697773 4.300000000000001
      vertex 33.44832243591079 20.520029261429663 4.300000000000001
    endloop
  endfacet
  facet normal 0 0 1
    outer loop
      vertex 33.64952943166626 16.937206761697773 4.300000000000001
      vertex 33.86545577394137 16.817868490614675 4.300000000000001
      vertex 33.64952943166626 20.66279323830222 4.300000000000001
    endloop
  endfacet
  facet normal 0 0 1
    outer loop
      vertex 34.09338606369863 16.72345667332159 4.300000000000001
      vertex 34.00912801888782 18.409504634794196 4.300000000000001
      vertex 33.97050500272247 18.502748844240347 4.300000000000001
    endloop
  endfacet
  facet normal 0 0 1
    outer loop
      vertex 33.86545577394137 16.817868490614675 4.300000000000001
      vertex 33.97050500272247 18.502748844240347 4.300000000000001
      vertex 33.94256487903636 18.599731159439315 4.300000000000001
    endloop
  endfacet
  facet normal 0 0 1
    outer loop
      vertex 33.86545577394137 16.817868490614675 4.300000000000001
      vertex 33.94256487903636 18.599731159439315 4.300000000000001
      vertex 33.92565901109608 18.69923197150702 4.300000000000001
    endloop
  endfacet
  facet normal 0 0 1
    outer loop
      vertex 33.86545577394137 16.817868490614675 4.300000000000001
      vertex 33.92565901109608 18.69923197150702 4.300000000000001
      vertex 33.92 18.799999999999997 4.300000000000001
    endloop
  endfacet
  facet normal 0 0 1
    outer loop
      vertex 34.33045394529611 16.655158593199985 4.300000000000001
      vertex 34.573678152572725 16.613833138234863 4.300000000000001
      vertex 34.4295046347942 17.98912801888782 4.300000000000001
    endloop
  endfacet
  facet normal 0 0 1
    outer loop
      vertex 34.09338606369863 16.72345667332159 4.300000000000001
      vertex 34.33045394529611 16.655158593199985 4.300000000000001
      vertex 34.183603896932105 18.163603896932106 4.300000000000001
    endloop
  endfacet
  facet normal 0 0 1
    outer loop
      vertex 34.573678152572725 16.613833138234863 4.300000000000001
      vertex 34.71923197150702 17.90565901109608 4.300000000000001
      vertex 34.61973115943932 17.922564879036354 4.300000000000001
    endloop
  endfacet
  facet normal 0 0 1
    outer loop
      vertex 34.573678152572725 16.613833138234863 4.300000000000001
      vertex 34.82 16.599999999999998 4.300000000000001
      vertex 34.71923197150702 17.90565901109608 4.300000000000001
    endloop
  endfacet
  facet normal 0 0 1
    outer loop
      vertex 34.82 16.599999999999998 4.300000000000001
      vertex 35.066321847427275 16.613833138234863 4.300000000000001
      vertex 34.92076802849298 17.90565901109608 4.300000000000001
    endloop
  endfacet
  facet normal 0 0 1
    outer loop
      vertex 35.066321847427275 16.613833138234863 4.300000000000001
      vertex 35.309546054703894 16.655158593199985 4.300000000000001
      vertex 35.02026884056068 17.922564879036354 4.300000000000001
    endloop
  endfacet
  facet normal 0 0 1
    outer loop
      vertex 34.82 16.599999999999998 4.300000000000001
      vertex 34.82 17.9 4.300000000000001
      vertex 34.71923197150702 17.90565901109608 4.300000000000001
    endloop
  endfacet
  facet normal 0 0 1
    outer loop
      vertex 34.82 16.599999999999998 4.300000000000001
      vertex 34.92076802849298 17.90565901109608 4.300000000000001
      vertex 34.82 17.9 4.300000000000001
    endloop
  endfacet
  facet normal 0 0 1
    outer loop
      vertex 35.066321847427275 16.613833138234863 4.300000000000001
      vertex 35.02026884056068 17.922564879036354 4.300000000000001
      vertex 34.92076802849298 17.90565901109608 4.300000000000001
    endloop
  endfacet
  facet normal 0 0 1
    outer loop
      vertex 34.33045394529611 16.655158593199985 4.300000000000001
      vertex 34.4295046347942 17.98912801888782 4.300000000000001
      vertex 34.3411711311362 18.037948220694542 4.300000000000001
    endloop
  endfacet
  facet normal 0 0 1
    outer loop
      vertex 34.33045394529611 16.655158593199985 4.300000000000001
      vertex 34.25885917832714 18.09635166577877 4.300000000000001
      vertex 34.183603896932105 18.163603896932106 4.300000000000001
    endloop
  endfacet
  facet normal 0 0 1
    outer loop
      vertex 34.33045394529611 16.655158593199985 4.300000000000001
      vertex 34.3411711311362 18.037948220694542 4.300000000000001
      vertex 34.25885917832714 18.09635166577877 4.300000000000001
    endloop
  endfacet
  facet normal 0 0 1
    outer loop
      vertex 34.09338606369863 16.72345667332159 4.300000000000001
      vertex 34.183603896932105 18.163603896932106 4.300000000000001
      vertex 34.11635166577877 18.238859178327136 4.300000000000001
    endloop
  endfacet
  facet normal 0 0 1
    outer loop
      vertex 34.09338606369863 16.72345667332159 4.300000000000001
      vertex 34.11635166577877 18.238859178327136 4.300000000000001
      vertex 34.05794822069454 18.321171131136193 4.300000000000001
    endloop
  endfacet
  facet normal 0 0 1
    outer loop
      vertex 34.573678152572725 16.613833138234863 4.300000000000001
      vertex 34.52274884424035 17.950505002722466 4.300000000000001
      vertex 34.4295046347942 17.98912801888782 4.300000000000001
    endloop
  endfacet
  facet normal 0 0 1
    outer loop
      vertex 34.573678152572725 16.613833138234863 4.300000000000001
      vertex 34.61973115943932 17.922564879036354 4.300000000000001
      vertex 34.52274884424035 17.950505002722466 4.300000000000001
    endloop
  endfacet
  facet normal 0 0 1
    outer loop
      vertex 35.309546054703894 16.655158593199985 4.300000000000001
      vertex 35.117251155759654 17.950505002722466 4.300000000000001
      vertex 35.02026884056068 17.922564879036354 4.300000000000001
    endloop
  endfacet
  facet normal 0 0 1
    outer loop
      vertex 35.309546054703894 16.655158593199985 4.300000000000001
      vertex 35.2104953652058 17.98912801888782 4.300000000000001
      vertex 35.117251155759654 17.950505002722466 4.300000000000001
    endloop
  endfacet
  facet normal 0 0 1
    outer loop
      vertex 35.309546054703894 16.655158593199985 4.300000000000001
      vertex 35.2988288688638 18.037948220694542 4.300000000000001
      vertex 35.2104953652058 17.98912801888782 4.300000000000001
    endloop
  endfacet
  facet normal 0 0 1
    outer loop
      vertex 35.309546054703894 16.655158593199985 4.300000000000001
      vertex 35.54661393630137 16.72345667332159 4.300000000000001
      vertex 35.2988288688638 18.037948220694542 4.300000000000001
    endloop
  endfacet
  facet normal 0 0 1
    outer loop
      vertex 35.54661393630137 16.72345667332159 4.300000000000001
      vertex 35.77454422605863 16.817868490614675 4.300000000000001
      vertex 35.52364833422123 18.238859178327136 4.300000000000001
    endloop
  endfacet
  facet normal 0 0 1
    outer loop
      vertex 35.54661393630137 16.72345667332159 4.300000000000001
      vertex 35.38114082167286 18.09635166577877 4.300000000000001
      vertex 35.2988288688638 18.037948220694542 4.300000000000001
    endloop
  endfacet
  facet normal 0 0 1
    outer loop
      vertex 35.54661393630137 16.72345667332159 4.300000000000001
      vertex 35.456396103067895 18.163603896932106 4.300000000000001
      vertex 35.38114082167286 18.09635166577877 4.300000000000001
    endloop
  endfacet
  facet normal 0 0 1
    outer loop
      vertex 35.54661393630137 16.72345667332159 4.300000000000001
      vertex 35.52364833422123 18.238859178327136 4.300000000000001
      vertex 35.456396103067895 18.163603896932106 4.300000000000001
    endloop
  endfacet
  facet normal 0 0 1
    outer loop
      vertex 35.77454422605863 16.817868490614675 4.300000000000001
      vertex 35.58205177930546 18.321171131136193 4.300000000000001
      vertex 35.52364833422123 18.238859178327136 4.300000000000001
    endloop
  endfacet
  facet normal 0 0 1
    outer loop
      vertex 35.77454422605863 16.817868490614675 4.300000000000001
      vertex 35.63087198111218 18.409504634794196 4.300000000000001
      vertex 35.58205177930546 18.321171131136193 4.300000000000001
    endloop
  endfacet
  facet normal 0 0 1
    outer loop
      vertex 35.77454422605863 16.817868490614675 4.300000000000001
      vertex 35.66949499727753 18.502748844240347 4.300000000000001
      vertex 35.63087198111218 18.409504634794196 4.300000000000001
    endloop
  endfacet
  facet normal 0 0 1
    outer loop
      vertex 35.77454422605863 16.817868490614675 4.300000000000001
      vertex 35.69743512096364 18.599731159439315 4.300000000000001
      vertex 35.66949499727753 18.502748844240347 4.300000000000001
    endloop
  endfacet
  facet normal 0 0 1
    outer loop
      vertex 35.77454422605863 16.817868490614675 4.300000000000001
      vertex 35.71434098890392 18.699231971507018 4.300000000000001
      vertex 35.69743512096364 18.599731159439315 4.300000000000001
    endloop
  endfacet
  facet normal 0 0 1
    outer loop
      vertex 35.77454422605863 16.817868490614675 4.300000000000001
      vertex 35.72 18.799999999999997 4.300000000000001
      vertex 35.71434098890392 18.699231971507018 4.300000000000001
    endloop
  endfacet
  facet normal 0 0 1
    outer loop
      vertex 35.77454422605863 16.817868490614675 4.300000000000001
      vertex 35.99047056833374 16.937206761697773 4.300000000000001
      vertex 35.77454422605863 20.78213150938532 4.300000000000001
    endloop
  endfacet
  facet normal 0 0 1
    outer loop
      vertex 35.99047056833374 16.937206761697773 4.300000000000001
      vertex 36.19167756408921 17.07997073857033 4.300000000000001
      vertex 35.99047056833374 20.66279323830222 4.300000000000001
    endloop
  endfacet
  facet normal 0 0 1
    outer loop
      vertex 32.74345667332159 18.07338606369863 4.300000000000001
      vertex 32.83786849061468 17.845455773941367 4.300000000000001
      vertex 32.74345667332159 19.526613936301363 4.300000000000001
    endloop
  endfacet
  facet normal 0 0 1
    outer loop
      vertex 32.74345667332159 18.07338606369863 4.300000000000001
      vertex 32.67515859319999 19.28954605470389 4.300000000000001
      vertex 32.67515859319999 18.310453945296103 4.300000000000001
    endloop
  endfacet
  facet normal 0 0 1
    outer loop
      vertex 32.63383313823486 18.55367815257272 4.300000000000001
      vertex 32.63383313823486 19.046321847427276 4.300000000000001
      vertex 32.62 18.799999999999997 4.300000000000001
    endloop
  endfacet
  facet normal 0 0 1
    outer loop
      vertex 32.67515859319999 18.310453945296103 4.300000000000001
      vertex 32.63383313823486 19.046321847427276 4.300000000000001
      vertex 32.63383313823486 18.55367815257272 4.300000000000001
    endloop
  endfacet
  facet normal 0 0 1
    outer loop
      vertex 32.67515859319999 18.310453945296103 4.300000000000001
      vertex 32.67515859319999 19.28954605470389 4.300000000000001
      vertex 32.63383313823486 19.046321847427276 4.300000000000001
    endloop
  endfacet
  facet normal 0 0 1
    outer loop
      vertex 32.74345667332159 18.07338606369863 4.300000000000001
      vertex 32.74345667332159 19.526613936301363 4.300000000000001
      vertex 32.67515859319999 19.28954605470389 4.300000000000001
    endloop
  endfacet
  facet normal 0 0 1
    outer loop
      vertex 32.957206761697776 17.629529431666256 4.300000000000001
      vertex 32.83786849061468 19.754544226058627 4.300000000000001
      vertex 32.83786849061468 17.845455773941367 4.300000000000001
    endloop
  endfacet
  facet normal 0 0 1
    outer loop
      vertex 32.957206761697776 17.629529431666256 4.300000000000001
      vertex 33.099970738570335 17.428322435910783 4.300000000000001
      vertex 32.957206761697776 19.970470568333738 4.300000000000001
    endloop
  endfacet
  facet normal 0 0 1
    outer loop
      vertex 33.2643650813896 17.244365081389592 4.300000000000001
      vertex 33.099970738570335 20.17167756408921 4.300000000000001
      vertex 33.099970738570335 17.428322435910783 4.300000000000001
    endloop
  endfacet
  facet normal 0 0 1
    outer loop
      vertex 33.86545577394137 16.817868490614675 4.300000000000001
      vertex 33.92 18.799999999999997 4.300000000000001
      vertex 33.86545577394137 20.78213150938532 4.300000000000001
    endloop
  endfacet
  facet normal 0 0 1
    outer loop
      vertex 32.74345667332159 19.526613936301363 4.300000000000001
      vertex 32.83786849061468 17.845455773941367 4.300000000000001
      vertex 32.83786849061468 19.754544226058627 4.300000000000001
    endloop
  endfacet
  facet normal 0 0 1
    outer loop
      vertex 32.957206761697776 17.629529431666256 4.300000000000001
      vertex 32.957206761697776 19.970470568333738 4.300000000000001
      vertex 32.83786849061468 19.754544226058627 4.300000000000001
    endloop
  endfacet
  facet normal 0 0 1
    outer loop
      vertex 33.099970738570335 17.428322435910783 4.300000000000001
      vertex 33.099970738570335 20.17167756408921 4.300000000000001
      vertex 32.957206761697776 19.970470568333738 4.300000000000001
    endloop
  endfacet
  facet normal 0 0 1
    outer loop
      vertex 33.2643650813896 17.244365081389592 4.300000000000001
      vertex 33.2643650813896 20.355634918610402 4.300000000000001
      vertex 33.099970738570335 20.17167756408921 4.300000000000001
    endloop
  endfacet
  facet normal 0 0 1
    outer loop
      vertex 33.44832243591079 17.07997073857033 4.300000000000001
      vertex 33.44832243591079 20.520029261429663 4.300000000000001
      vertex 33.2643650813896 20.355634918610402 4.300000000000001
    endloop
  endfacet
  facet normal 0 0 1
    outer loop
      vertex 33.64952943166626 16.937206761697773 4.300000000000001
      vertex 33.64952943166626 20.66279323830222 4.300000000000001
      vertex 33.44832243591079 20.520029261429663 4.300000000000001
    endloop
  endfacet
  facet normal 0 0 1
    outer loop
      vertex 33.86545577394137 16.817868490614675 4.300000000000001
      vertex 33.86545577394137 20.78213150938532 4.300000000000001
      vertex 33.64952943166626 20.66279323830222 4.300000000000001
    endloop
  endfacet
  facet normal 0 0 1
    outer loop
      vertex 33.92 18.799999999999997 4.300000000000001
      vertex 33.92565901109608 18.900768028492973 4.300000000000001
      vertex 33.86545577394137 20.78213150938532 4.300000000000001
    endloop
  endfacet
  facet normal 0 0 1
    outer loop
      vertex 33.92565901109608 18.900768028492973 4.300000000000001
      vertex 33.94256487903636 19.00026884056068 4.300000000000001
      vertex 33.86545577394137 20.78213150938532 4.300000000000001
    endloop
  endfacet
  facet normal 0 0 1
    outer loop
      vertex 33.94256487903636 19.00026884056068 4.300000000000001
      vertex 33.97050500272247 19.097251155759647 4.300000000000001
      vertex 33.86545577394137 20.78213150938532 4.300000000000001
    endloop
  endfacet
  facet normal 0 0 1
    outer loop
      vertex 33.97050500272247 19.097251155759647 4.300000000000001
      vertex 34.00912801888782 19.1904953652058 4.300000000000001
      vertex 33.86545577394137 20.78213150938532 4.300000000000001
    endloop
  endfacet
  facet normal 0 0 1
    outer loop
      vertex 34.00912801888782 19.1904953652058 4.300000000000001
      vertex 34.05794822069454 19.2788288688638 4.300000000000001
      vertex 33.86545577394137 20.78213150938532 4.300000000000001
    endloop
  endfacet
  facet normal 0 0 1
    outer loop
      vertex 34.05794822069454 19.2788288688638 4.300000000000001
      vertex 34.11635166577877 19.36114082167286 4.300000000000001
      vertex 33.86545577394137 20.78213150938532 4.300000000000001
    endloop
  endfacet
  facet normal 0 0 1
    outer loop
      vertex 34.11635166577877 19.36114082167286 4.300000000000001
      vertex 34.09338606369863 20.876543326678405 4.300000000000001
      vertex 33.86545577394137 20.78213150938532 4.300000000000001
    endloop
  endfacet
  facet normal 0 0 1
    outer loop
      vertex 34.11635166577877 19.36114082167286 4.300000000000001
      vertex 34.183603896932105 19.43639610306789 4.300000000000001
      vertex 34.09338606369863 20.876543326678405 4.300000000000001
    endloop
  endfacet
  facet normal 0 0 1
    outer loop
      vertex 34.183603896932105 19.43639610306789 4.300000000000001
      vertex 34.25885917832714 19.503648334221225 4.300000000000001
      vertex 34.09338606369863 20.876543326678405 4.300000000000001
    endloop
  endfacet
  facet normal 0 0 1
    outer loop
      vertex 34.25885917832714 19.503648334221225 4.300000000000001
      vertex 34.3411711311362 19.562051779305452 4.300000000000001
      vertex 34.09338606369863 20.876543326678405 4.300000000000001
    endloop
  endfacet
  facet normal 0 0 1
    outer loop
      vertex 34.3411711311362 19.562051779305452 4.300000000000001
      vertex 34.4295046347942 19.610871981112176 4.300000000000001
      vertex 34.33045394529611 20.94484140680001 4.300000000000001
    endloop
  endfacet
  facet normal 0 0 1
    outer loop
      vertex 34.4295046347942 19.610871981112176 4.300000000000001
      vertex 34.52274884424035 19.64949499727753 4.300000000000001
      vertex 34.33045394529611 20.94484140680001 4.300000000000001
    endloop
  endfacet
  facet normal 0 0 1
    outer loop
      vertex 34.52274884424035 19.64949499727753 4.300000000000001
      vertex 34.61973115943932 19.67743512096364 4.300000000000001
      vertex 34.33045394529611 20.94484140680001 4.300000000000001
    endloop
  endfacet
  facet normal 0 0 1
    outer loop
      vertex 34.61973115943932 19.67743512096364 4.300000000000001
      vertex 34.71923197150702 19.694340988903914 4.300000000000001
      vertex 34.573678152572725 20.98616686176513 4.300000000000001
    endloop
  endfacet
  facet normal 0 0 1
    outer loop
      vertex 34.3411711311362 19.562051779305452 4.300000000000001
      vertex 34.33045394529611 20.94484140680001 4.300000000000001
      vertex 34.09338606369863 20.876543326678405 4.300000000000001
    endloop
  endfacet
  facet normal 0 0 1
    outer loop
      vertex 34.71923197150702 19.694340988903914 4.300000000000001
      vertex 34.82 19.699999999999996 4.300000000000001
      vertex 34.82 20.999999999999996 4.300000000000001
    endloop
  endfacet
  facet normal 0 0 1
    outer loop
      vertex 34.82 19.699999999999996 4.300000000000001
      vertex 34.92076802849298 19.694340988903914 4.300000000000001
      vertex 34.82 20.999999999999996 4.300000000000001
    endloop
  endfacet
  facet normal 0 0 1
    outer loop
      vertex 35.02026884056068 19.67743512096364 4.300000000000001
      vertex 35.066321847427275 20.98616686176513 4.300000000000001
      vertex 34.92076802849298 19.694340988903914 4.300000000000001
    endloop
  endfacet
  facet normal 0 0 1
    outer loop
      vertex 35.02026884056068 19.67743512096364 4.300000000000001
      vertex 35.117251155759654 19.64949499727753 4.300000000000001
      vertex 35.066321847427275 20.98616686176513 4.300000000000001
    endloop
  endfacet
  facet normal 0 0 1
    outer loop
      vertex 35.2104953652058 19.610871981112176 4.300000000000001
      vertex 35.066321847427275 20.98616686176513 4.300000000000001
      vertex 35.117251155759654 19.64949499727753 4.300000000000001
    endloop
  endfacet
  facet normal 0 0 1
    outer loop
      vertex 35.2104953652058 19.610871981112176 4.300000000000001
      vertex 35.2988288688638 19.562051779305452 4.300000000000001
      vertex 35.309546054703894 20.94484140680001 4.300000000000001
    endloop
  endfacet
  facet normal 0 0 1
    outer loop
      vertex 35.2104953652058 19.610871981112176 4.300000000000001
      vertex 35.309546054703894 20.94484140680001 4.300000000000001
      vertex 35.066321847427275 20.98616686176513 4.300000000000001
    endloop
  endfacet
  facet normal 0 0 1
    outer loop
      vertex 34.61973115943932 19.67743512096364 4.300000000000001
      vertex 34.573678152572725 20.98616686176513 4.300000000000001
      vertex 34.33045394529611 20.94484140680001 4.300000000000001
    endloop
  endfacet
  facet normal 0 0 1
    outer loop
      vertex 34.71923197150702 19.694340988903914 4.300000000000001
      vertex 34.82 20.999999999999996 4.300000000000001
      vertex 34.573678152572725 20.98616686176513 4.300000000000001
    endloop
  endfacet
  facet normal 0 0 1
    outer loop
      vertex 34.82 20.999999999999996 4.300000000000001
      vertex 34.92076802849298 19.694340988903914 4.300000000000001
      vertex 35.066321847427275 20.98616686176513 4.300000000000001
    endloop
  endfacet
  facet normal 0 0 1
    outer loop
      vertex 35.77454422605863 16.817868490614675 4.300000000000001
      vertex 35.77454422605863 20.78213150938532 4.300000000000001
      vertex 35.72 18.799999999999997 4.300000000000001
    endloop
  endfacet
  facet normal 0 0 1
    outer loop
      vertex 36.19167756408921 17.07997073857033 4.300000000000001
      vertex 36.3756349186104 17.244365081389592 4.300000000000001
      vertex 36.19167756408921 20.520029261429663 4.300000000000001
    endloop
  endfacet
  facet normal 0 0 1
    outer loop
      vertex 36.3756349186104 17.244365081389592 4.300000000000001
      vertex 36.540029261429666 17.428322435910783 4.300000000000001
      vertex 36.3756349186104 20.355634918610402 4.300000000000001
    endloop
  endfacet
  facet normal 0 0 1
    outer loop
      vertex 35.66949499727753 19.097251155759647 4.300000000000001
      vertex 35.54661393630137 20.876543326678405 4.300000000000001
      vertex 35.63087198111218 19.1904953652058 4.300000000000001
    endloop
  endfacet
  facet normal 0 0 1
    outer loop
      vertex 35.72 18.799999999999997 4.300000000000001
      vertex 35.77454422605863 20.78213150938532 4.300000000000001
      vertex 35.71434098890392 18.900768028492973 4.300000000000001
    endloop
  endfacet
  facet normal 0 0 1
    outer loop
      vertex 35.69743512096364 19.00026884056068 4.300000000000001
      vertex 35.71434098890392 18.900768028492973 4.300000000000001
      vertex 35.77454422605863 20.78213150938532 4.300000000000001
    endloop
  endfacet
  facet normal 0 0 1
    outer loop
      vertex 35.99047056833374 16.937206761697773 4.300000000000001
      vertex 35.99047056833374 20.66279323830222 4.300000000000001
      vertex 35.77454422605863 20.78213150938532 4.300000000000001
    endloop
  endfacet
  facet normal 0 0 1
    outer loop
      vertex 35.69743512096364 19.00026884056068 4.300000000000001
      vertex 35.77454422605863 20.78213150938532 4.300000000000001
      vertex 35.66949499727753 19.097251155759647 4.300000000000001
    endloop
  endfacet
  facet normal 0 0 1
    outer loop
      vertex 36.3756349186104 17.244365081389592 4.300000000000001
      vertex 36.3756349186104 20.355634918610402 4.300000000000001
      vertex 36.19167756408921 20.520029261429663 4.300000000000001
    endloop
  endfacet
  facet normal 0 0 1
    outer loop
      vertex 36.540029261429666 17.428322435910783 4.300000000000001
      vertex 36.540029261429666 20.17167756408921 4.300000000000001
      vertex 36.3756349186104 20.355634918610402 4.300000000000001
    endloop
  endfacet
  facet normal 0 0 1
    outer loop
      vertex 36.19167756408921 17.07997073857033 4.300000000000001
      vertex 36.19167756408921 20.520029261429663 4.300000000000001
      vertex 35.99047056833374 20.66279323830222 4.300000000000001
    endloop
  endfacet
  facet normal 0 0 1
    outer loop
      vertex 36.540029261429666 17.428322435910783 4.300000000000001
      vertex 36.682793238302224 17.629529431666256 4.300000000000001
      vertex 36.540029261429666 20.17167756408921 4.300000000000001
    endloop
  endfacet
  facet normal 0 0 1
    outer loop
      vertex 36.682793238302224 17.629529431666256 4.300000000000001
      vertex 36.80213150938532 17.845455773941367 4.300000000000001
      vertex 36.682793238302224 19.970470568333738 4.300000000000001
    endloop
  endfacet
  facet normal 0 0 1
    outer loop
      vertex 36.80213150938532 17.845455773941367 4.300000000000001
      vertex 36.89654332667841 18.07338606369863 4.300000000000001
      vertex 36.80213150938532 19.754544226058623 4.300000000000001
    endloop
  endfacet
  facet normal 0 0 1
    outer loop
      vertex 36.89654332667841 18.07338606369863 4.300000000000001
      vertex 36.96484140680001 18.310453945296107 4.300000000000001
      vertex 36.89654332667841 19.526613936301366 4.300000000000001
    endloop
  endfacet
  facet normal 0 0 1
    outer loop
      vertex 36.96484140680001 18.310453945296107 4.300000000000001
      vertex 37.00616686176514 18.55367815257272 4.300000000000001
      vertex 36.96484140680001 19.289546054703887 4.300000000000001
    endloop
  endfacet
  facet normal 0 0 1
    outer loop
      vertex 37.00616686176514 18.55367815257272 4.300000000000001
      vertex 37.02 18.799999999999997 4.300000000000001
      vertex 37.00616686176514 19.046321847427276 4.300000000000001
    endloop
  endfacet
  facet normal 0 0 1
    outer loop
      vertex 37.00616686176514 18.55367815257272 4.300000000000001
      vertex 37.00616686176514 19.046321847427276 4.300000000000001
      vertex 36.96484140680001 19.289546054703887 4.300000000000001
    endloop
  endfacet
  facet normal 0 0 1
    outer loop
      vertex 36.80213150938532 17.845455773941367 4.300000000000001
      vertex 36.80213150938532 19.754544226058623 4.300000000000001
      vertex 36.682793238302224 19.970470568333738 4.300000000000001
    endloop
  endfacet
  facet normal 0 0 1
    outer loop
      vertex 36.89654332667841 18.07338606369863 4.300000000000001
      vertex 36.89654332667841 19.526613936301366 4.300000000000001
      vertex 36.80213150938532 19.754544226058623 4.300000000000001
    endloop
  endfacet
  facet normal 0 0 1
    outer loop
      vertex 36.682793238302224 17.629529431666256 4.300000000000001
      vertex 36.682793238302224 19.970470568333738 4.300000000000001
      vertex 36.540029261429666 20.17167756408921 4.300000000000001
    endloop
  endfacet
  facet normal 0 0 1
    outer loop
      vertex 36.96484140680001 18.310453945296107 4.300000000000001
      vertex 36.96484140680001 19.289546054703887 4.300000000000001
      vertex 36.89654332667841 19.526613936301366 4.300000000000001
    endloop
  endfacet
  facet normal 0 0 1
    outer loop
      vertex 35.58205177930546 19.2788288688638 4.300000000000001
      vertex 35.54661393630137 20.876543326678405 4.300000000000001
      vertex 35.52364833422123 19.36114082167286 4.300000000000001
    endloop
  endfacet
  facet normal 0 0 1
    outer loop
      vertex 35.63087198111218 19.1904953652058 4.300000000000001
      vertex 35.54661393630137 20.876543326678405 4.300000000000001
      vertex 35.58205177930546 19.2788288688638 4.300000000000001
    endloop
  endfacet
  facet normal 0 0 1
    outer loop
      vertex 35.52364833422123 19.36114082167286 4.300000000000001
      vertex 35.54661393630137 20.876543326678405 4.300000000000001
      vertex 35.456396103067895 19.43639610306789 4.300000000000001
    endloop
  endfacet
  facet normal 0 0 1
    outer loop
      vertex 35.2988288688638 19.562051779305452 4.300000000000001
      vertex 35.38114082167286 19.503648334221225 4.300000000000001
      vertex 35.309546054703894 20.94484140680001 4.300000000000001
    endloop
  endfacet
  facet normal 0 0 1
    outer loop
      vertex 35.38114082167286 19.503648334221225 4.300000000000001
      vertex 35.456396103067895 19.43639610306789 4.300000000000001
      vertex 35.309546054703894 20.94484140680001 4.300000000000001
    endloop
  endfacet
  facet normal 0 0 1
    outer loop
      vertex 35.456396103067895 19.43639610306789 4.300000000000001
      vertex 35.54661393630137 20.876543326678405 4.300000000000001
      vertex 35.309546054703894 20.94484140680001 4.300000000000001
    endloop
  endfacet
  facet normal 0 0 1
    outer loop
      vertex 35.66949499727753 19.097251155759647 4.300000000000001
      vertex 35.77454422605863 20.78213150938532 4.300000000000001
      vertex 35.54661393630137 20.876543326678405 4.300000000000001
    endloop
  endfacet
  facet normal -0.5786712961797962 -0.8155608689592668 5.476119992795636e-19
    outer loop
      vertex 34.25885917832714 18.09635166577877 4.300000000000001
      vertex 34.3411711311362 18.037948220694542 4.300000000000001
      vertex 34.3411711311362 18.037948220694542 5.800000000000001
    endloop
  endfacet
  facet normal -0.7456421648831616 -0.6663465779520086 -7.786389127306531e-19
    outer loop
      vertex 34.11635166577877 18.238859178327136 4.300000000000001
      vertex 34.183603896932105 18.163603896932106 4.300000000000001
      vertex 34.183603896932105 18.163603896932106 5.800000000000001
    endloop
  endfacet
  facet normal -0.6663465779519931 -0.7456421648831753 0
    outer loop
      vertex 34.25885917832714 18.09635166577877 4.300000000000001
      vertex 34.25885917832714 18.09635166577877 5.800000000000001
      vertex 34.183603896932105 18.163603896932106 4.300000000000001
    endloop
  endfacet
  facet normal -0.48371888710526006 -0.8752234219087425 2.619169959004191e-18
    outer loop
      vertex 34.3411711311362 18.037948220694542 4.300000000000001
      vertex 34.4295046347942 17.98912801888782 4.300000000000001
      vertex 34.4295046347942 17.98912801888782 5.800000000000001
    endloop
  endfacet
  facet normal -0.3826834323650982 -0.9238795325112832 0
    outer loop
      vertex 34.52274884424035 17.950505002722466 4.300000000000001
      vertex 34.52274884424035 17.950505002722466 5.800000000000001
      vertex 34.4295046347942 17.98912801888782 4.300000000000001
    endloop
  endfacet
  facet normal -0.2768355114248457 -0.9609173219451007 1.0349532203034508e-18
    outer loop
      vertex 34.52274884424035 17.950505002722466 4.300000000000001
      vertex 34.61973115943932 17.922564879036354 4.300000000000001
      vertex 34.61973115943932 17.922564879036354 5.800000000000001
    endloop
  endfacet
  facet normal -0.16750622330471013 -0.9858710185182403 -1.2900481195639846e-19
    outer loop
      vertex 34.61973115943932 17.922564879036354 4.300000000000001
      vertex 34.71923197150702 17.90565901109608 4.300000000000001
      vertex 34.71923197150702 17.90565901109608 5.800000000000001
    endloop
  endfacet
  facet normal -0.05607044723719303 -0.9984268150178165 3.112440934409543e-19
    outer loop
      vertex 34.71923197150702 17.90565901109608 4.300000000000001
      vertex 34.82 17.9 4.300000000000001
      vertex 34.82 17.9 5.800000000000001
    endloop
  endfacet
  facet normal 0.05607044723719303 -0.9984268150178165 -3.112440934409543e-19
    outer loop
      vertex 34.82 17.9 4.300000000000001
      vertex 34.92076802849298 17.90565901109608 4.300000000000001
      vertex 34.92076802849298 17.90565901109608 5.800000000000001
    endloop
  endfacet
  facet normal 0.16750622330471013 -0.9858710185182403 1.2900481195639846e-19
    outer loop
      vertex 34.92076802849298 17.90565901109608 4.300000000000001
      vertex 35.02026884056068 17.922564879036354 4.300000000000001
      vertex 35.02026884056068 17.922564879036354 5.800000000000001
    endloop
  endfacet
  facet normal 0.2768355114248457 -0.9609173219451007 -1.0349532203034508e-18
    outer loop
      vertex 35.02026884056068 17.922564879036354 4.300000000000001
      vertex 35.117251155759654 17.950505002722466 4.300000000000001
      vertex 35.117251155759654 17.950505002722466 5.800000000000001
    endloop
  endfacet
  facet normal 0.3826834323650982 -0.9238795325112832 -9.754693847218935e-19
    outer loop
      vertex 35.117251155759654 17.950505002722466 4.300000000000001
      vertex 35.2104953652058 17.98912801888782 4.300000000000001
      vertex 35.2104953652058 17.98912801888782 5.800000000000001
    endloop
  endfacet
  facet normal 0.48371888710526006 -0.8752234219087425 -2.619169959004191e-18
    outer loop
      vertex 35.2104953652058 17.98912801888782 4.300000000000001
      vertex 35.2988288688638 18.037948220694542 4.300000000000001
      vertex 35.2988288688638 18.037948220694542 5.800000000000001
    endloop
  endfacet
  facet normal -0.48371888710526006 -0.8752234219087425 0
    outer loop
      vertex 34.3411711311362 18.037948220694542 4.300000000000001
      vertex 34.4295046347942 17.98912801888782 5.800000000000001
      vertex 34.3411711311362 18.037948220694542 5.800000000000001
    endloop
  endfacet
  facet normal -0.6663465779519931 -0.7456421648831753 0
    outer loop
      vertex 34.183603896932105 18.163603896932106 4.300000000000001
      vertex 34.25885917832714 18.09635166577877 5.800000000000001
      vertex 34.183603896932105 18.163603896932106 5.800000000000001
    endloop
  endfacet
  facet normal -0.7456421648831616 -0.6663465779520086 0
    outer loop
      vertex 34.11635166577877 18.238859178327136 4.300000000000001
      vertex 34.183603896932105 18.163603896932106 5.800000000000001
      vertex 34.11635166577877 18.238859178327136 5.800000000000001
    endloop
  endfacet
  facet normal -0.5786712961797962 -0.8155608689592668 0
    outer loop
      vertex 34.25885917832714 18.09635166577877 4.300000000000001
      vertex 34.3411711311362 18.037948220694542 5.800000000000001
      vertex 34.25885917832714 18.09635166577877 5.800000000000001
    endloop
  endfacet
  facet normal -0.3826834323650982 -0.9238795325112832 0
    outer loop
      vertex 34.4295046347942 17.98912801888782 4.300000000000001
      vertex 34.52274884424035 17.950505002722466 5.800000000000001
      vertex 34.4295046347942 17.98912801888782 5.800000000000001
    endloop
  endfacet
  facet normal -0.2768355114248457 -0.9609173219451007 0
    outer loop
      vertex 34.52274884424035 17.950505002722466 4.300000000000001
      vertex 34.61973115943932 17.922564879036354 5.800000000000001
      vertex 34.52274884424035 17.950505002722466 5.800000000000001
    endloop
  endfacet
  facet normal -0.16750622330471013 -0.9858710185182403 0
    outer loop
      vertex 34.61973115943932 17.922564879036354 4.300000000000001
      vertex 34.71923197150702 17.90565901109608 5.800000000000001
      vertex 34.61973115943932 17.922564879036354 5.800000000000001
    endloop
  endfacet
  facet normal -0.05607044723719303 -0.9984268150178165 0
    outer loop
      vertex 34.71923197150702 17.90565901109608 4.300000000000001
      vertex 34.82 17.9 5.800000000000001
      vertex 34.71923197150702 17.90565901109608 5.800000000000001
    endloop
  endfacet
  facet normal 0.05607044723719303 -0.9984268150178165 0
    outer loop
      vertex 34.82 17.9 4.300000000000001
      vertex 34.92076802849298 17.90565901109608 5.800000000000001
      vertex 34.82 17.9 5.800000000000001
    endloop
  endfacet
  facet normal 0.16750622330471013 -0.9858710185182403 0
    outer loop
      vertex 34.92076802849298 17.90565901109608 4.300000000000001
      vertex 35.02026884056068 17.922564879036354 5.800000000000001
      vertex 34.92076802849298 17.90565901109608 5.800000000000001
    endloop
  endfacet
  facet normal 0.2768355114248457 -0.9609173219451007 0
    outer loop
      vertex 35.02026884056068 17.922564879036354 4.300000000000001
      vertex 35.117251155759654 17.950505002722466 5.800000000000001
      vertex 35.02026884056068 17.922564879036354 5.800000000000001
    endloop
  endfacet
  facet normal 0.3826834323650982 -0.9238795325112832 0
    outer loop
      vertex 35.117251155759654 17.950505002722466 4.300000000000001
      vertex 35.2104953652058 17.98912801888782 5.800000000000001
      vertex 35.117251155759654 17.950505002722466 5.800000000000001
    endloop
  endfacet
  facet normal 0.48371888710526006 -0.8752234219087425 0
    outer loop
      vertex 35.2104953652058 17.98912801888782 4.300000000000001
      vertex 35.2988288688638 18.037948220694542 5.800000000000001
      vertex 35.2104953652058 17.98912801888782 5.800000000000001
    endloop
  endfacet
  facet normal 0.5786712961797962 -0.8155608689592668 -5.476119992795636e-19
    outer loop
      vertex 35.2988288688638 18.037948220694542 4.300000000000001
      vertex 35.38114082167286 18.09635166577877 4.300000000000001
      vertex 35.38114082167286 18.09635166577877 5.800000000000001
    endloop
  endfacet
  facet normal 0.6663465779519931 -0.7456421648831753 1.7864833510690743e-18
    outer loop
      vertex 35.38114082167286 18.09635166577877 4.300000000000001
      vertex 35.456396103067895 18.163603896932106 4.300000000000001
      vertex 35.456396103067895 18.163603896932106 5.800000000000001
    endloop
  endfacet
  facet normal 0.7456421648831616 -0.6663465779520086 7.786389127306531e-19
    outer loop
      vertex 35.456396103067895 18.163603896932106 4.300000000000001
      vertex 35.52364833422123 18.238859178327136 4.300000000000001
      vertex 35.52364833422123 18.238859178327136 5.800000000000001
    endloop
  endfacet
  facet normal 0.5786712961797962 -0.8155608689592668 0
    outer loop
      vertex 35.2988288688638 18.037948220694542 4.300000000000001
      vertex 35.38114082167286 18.09635166577877 5.800000000000001
      vertex 35.2988288688638 18.037948220694542 5.800000000000001
    endloop
  endfacet
  facet normal 0.6663465779519931 -0.7456421648831753 0
    outer loop
      vertex 35.38114082167286 18.09635166577877 4.300000000000001
      vertex 35.456396103067895 18.163603896932106 5.800000000000001
      vertex 35.38114082167286 18.09635166577877 5.800000000000001
    endloop
  endfacet
  facet normal 0.7456421648831616 -0.6663465779520086 0
    outer loop
      vertex 35.456396103067895 18.163603896932106 4.300000000000001
      vertex 35.52364833422123 18.238859178327136 5.800000000000001
      vertex 35.456396103067895 18.163603896932106 5.800000000000001
    endloop
  endfacet
  facet normal -0.8752234219087657 -0.4837188871052182 0
    outer loop
      vertex 34.05794822069454 18.321171131136193 4.300000000000001
      vertex 34.05794822069454 18.321171131136193 5.800000000000001
      vertex 34.00912801888782 18.409504634794196 4.300000000000001
    endloop
  endfacet
  facet normal -0.9238795325112884 -0.3826834323650858 -1.696723508696105e-19
    outer loop
      vertex 33.97050500272247 18.502748844240347 4.300000000000001
      vertex 34.00912801888782 18.409504634794196 4.300000000000001
      vertex 34.00912801888782 18.409504634794196 5.800000000000001
    endloop
  endfacet
  facet normal -0.9609173219451073 -0.2768355114248225 0
    outer loop
      vertex 33.97050500272247 18.502748844240347 4.300000000000001
      vertex 33.97050500272247 18.502748844240347 5.800000000000001
      vertex 33.94256487903636 18.599731159439315 4.300000000000001
    endloop
  endfacet
  facet normal -0.9858710185182297 -0.16750622330477274 0
    outer loop
      vertex 33.94256487903636 18.599731159439315 4.300000000000001
      vertex 33.94256487903636 18.599731159439315 5.800000000000001
      vertex 33.92565901109608 18.69923197150702 4.300000000000001
    endloop
  endfacet
  facet normal -0.9984268150178183 -0.056070447237159905 0
    outer loop
      vertex 33.92565901109608 18.69923197150702 4.300000000000001
      vertex 33.92565901109608 18.69923197150702 5.800000000000001
      vertex 33.92 18.799999999999997 4.300000000000001
    endloop
  endfacet
  facet normal -0.9984268150178183 0.056070447237159905 0
    outer loop
      vertex 33.92 18.799999999999997 4.300000000000001
      vertex 33.92 18.799999999999997 5.800000000000001
      vertex 33.92565901109608 18.900768028492973 4.300000000000001
    endloop
  endfacet
  facet normal -0.9858710185182297 0.16750622330477274 0
    outer loop
      vertex 33.92565901109608 18.900768028492973 4.300000000000001
      vertex 33.92565901109608 18.900768028492973 5.800000000000001
      vertex 33.94256487903636 19.00026884056068 4.300000000000001
    endloop
  endfacet
  facet normal -0.9609173219451073 0.2768355114248225 0
    outer loop
      vertex 33.94256487903636 19.00026884056068 4.300000000000001
      vertex 33.94256487903636 19.00026884056068 5.800000000000001
      vertex 33.97050500272247 19.097251155759647 4.300000000000001
    endloop
  endfacet
  facet normal -0.9238795325112884 0.3826834323650858 0
    outer loop
      vertex 33.97050500272247 19.097251155759647 4.300000000000001
      vertex 33.97050500272247 19.097251155759647 5.800000000000001
      vertex 34.00912801888782 19.1904953652058 4.300000000000001
    endloop
  endfacet
  facet normal -0.8752234219087657 0.4837188871052182 0
    outer loop
      vertex 34.00912801888782 19.1904953652058 4.300000000000001
      vertex 34.00912801888782 19.1904953652058 5.800000000000001
      vertex 34.05794822069454 19.2788288688638 4.300000000000001
    endloop
  endfacet
  facet normal -0.8155608689592503 -0.5786712961798196 0
    outer loop
      vertex 34.11635166577877 18.238859178327136 4.300000000000001
      vertex 34.11635166577877 18.238859178327136 5.800000000000001
      vertex 34.05794822069454 18.321171131136193 4.300000000000001
    endloop
  endfacet
  facet normal -0.8155608689592503 0.5786712961798196 0
    outer loop
      vertex 34.05794822069454 19.2788288688638 4.300000000000001
      vertex 34.05794822069454 19.2788288688638 5.800000000000001
      vertex 34.11635166577877 19.36114082167286 4.300000000000001
    endloop
  endfacet
  facet normal -0.7456421648831616 0.6663465779520086 0
    outer loop
      vertex 34.11635166577877 19.36114082167286 4.300000000000001
      vertex 34.11635166577877 19.36114082167286 5.800000000000001
      vertex 34.183603896932105 19.43639610306789 4.300000000000001
    endloop
  endfacet
  facet normal -0.6663465779519931 0.7456421648831753 0
    outer loop
      vertex 34.183603896932105 19.43639610306789 4.300000000000001
      vertex 34.183603896932105 19.43639610306789 5.800000000000001
      vertex 34.25885917832714 19.503648334221225 4.300000000000001
    endloop
  endfacet
  facet normal -0.5786712961797962 0.8155608689592668 0
    outer loop
      vertex 34.25885917832714 19.503648334221225 4.300000000000001
      vertex 34.25885917832714 19.503648334221225 5.800000000000001
      vertex 34.3411711311362 19.562051779305452 4.300000000000001
    endloop
  endfacet
  facet normal -0.48371888710526006 0.8752234219087425 0
    outer loop
      vertex 34.3411711311362 19.562051779305452 4.300000000000001
      vertex 34.3411711311362 19.562051779305452 5.800000000000001
      vertex 34.4295046347942 19.610871981112176 4.300000000000001
    endloop
  endfacet
  facet normal -0.3826834323650982 0.9238795325112832 0
    outer loop
      vertex 34.4295046347942 19.610871981112176 4.300000000000001
      vertex 34.4295046347942 19.610871981112176 5.800000000000001
      vertex 34.52274884424035 19.64949499727753 4.300000000000001
    endloop
  endfacet
  facet normal -0.2768355114248457 0.9609173219451007 0
    outer loop
      vertex 34.52274884424035 19.64949499727753 4.300000000000001
      vertex 34.52274884424035 19.64949499727753 5.800000000000001
      vertex 34.61973115943932 19.67743512096364 4.300000000000001
    endloop
  endfacet
  facet normal -0.16750622330471013 0.9858710185182403 0
    outer loop
      vertex 34.61973115943932 19.67743512096364 4.300000000000001
      vertex 34.61973115943932 19.67743512096364 5.800000000000001
      vertex 34.71923197150702 19.694340988903914 4.300000000000001
    endloop
  endfacet
  facet normal -0.05607044723719303 0.9984268150178165 0
    outer loop
      vertex 34.71923197150702 19.694340988903914 4.300000000000001
      vertex 34.71923197150702 19.694340988903914 5.800000000000001
      vertex 34.82 19.699999999999996 4.300000000000001
    endloop
  endfacet
  facet normal 0.05607044723719303 0.9984268150178165 0
    outer loop
      vertex 34.82 19.699999999999996 4.300000000000001
      vertex 34.82 19.699999999999996 5.800000000000001
      vertex 34.92076802849298 19.694340988903914 4.300000000000001
    endloop
  endfacet
  facet normal 0.16750622330471013 0.9858710185182403 -1.2900481195639846e-19
    outer loop
      vertex 35.02026884056068 19.67743512096364 4.300000000000001
      vertex 34.92076802849298 19.694340988903914 4.300000000000001
      vertex 34.92076802849298 19.694340988903914 5.800000000000001
    endloop
  endfacet
  facet normal 0.2768355114248457 0.9609173219451007 0
    outer loop
      vertex 35.02026884056068 19.67743512096364 4.300000000000001
      vertex 35.02026884056068 19.67743512096364 5.800000000000001
      vertex 35.117251155759654 19.64949499727753 4.300000000000001
    endloop
  endfacet
  facet normal 0.3826834323650982 0.9238795325112832 9.754693847218935e-19
    outer loop
      vertex 35.2104953652058 19.610871981112176 4.300000000000001
      vertex 35.117251155759654 19.64949499727753 4.300000000000001
      vertex 35.117251155759654 19.64949499727753 5.800000000000001
    endloop
  endfacet
  facet normal 0.48371888710526006 0.8752234219087425 0
    outer loop
      vertex 35.2104953652058 19.610871981112176 4.300000000000001
      vertex 35.2104953652058 19.610871981112176 5.800000000000001
      vertex 35.2988288688638 19.562051779305452 4.300000000000001
    endloop
  endfacet
  facet normal -0.8752234219087657 -0.4837188871052182 0
    outer loop
      vertex 34.00912801888782 18.409504634794196 4.300000000000001
      vertex 34.05794822069454 18.321171131136193 5.800000000000001
      vertex 34.00912801888782 18.409504634794196 5.800000000000001
    endloop
  endfacet
  facet normal -0.9238795325112884 -0.3826834323650858 0
    outer loop
      vertex 33.97050500272247 18.502748844240347 4.300000000000001
      vertex 34.00912801888782 18.409504634794196 5.800000000000001
      vertex 33.97050500272247 18.502748844240347 5.800000000000001
    endloop
  endfacet
  facet normal -0.9609173219451073 -0.2768355114248225 0
    outer loop
      vertex 33.94256487903636 18.599731159439315 4.300000000000001
      vertex 33.97050500272247 18.502748844240347 5.800000000000001
      vertex 33.94256487903636 18.599731159439315 5.800000000000001
    endloop
  endfacet
  facet normal -0.9858710185182297 -0.16750622330477274 0
    outer loop
      vertex 33.92565901109608 18.69923197150702 4.300000000000001
      vertex 33.94256487903636 18.599731159439315 5.800000000000001
      vertex 33.92565901109608 18.69923197150702 5.800000000000001
    endloop
  endfacet
  facet normal -0.9984268150178183 -0.056070447237159905 0
    outer loop
      vertex 33.92 18.799999999999997 4.300000000000001
      vertex 33.92565901109608 18.69923197150702 5.800000000000001
      vertex 33.92 18.799999999999997 5.800000000000001
    endloop
  endfacet
  facet normal -0.9984268150178183 0.056070447237159905 0
    outer loop
      vertex 33.92565901109608 18.900768028492973 4.300000000000001
      vertex 33.92 18.799999999999997 5.800000000000001
      vertex 33.92565901109608 18.900768028492973 5.800000000000001
    endloop
  endfacet
  facet normal -0.9858710185182297 0.16750622330477274 0
    outer loop
      vertex 33.94256487903636 19.00026884056068 4.300000000000001
      vertex 33.92565901109608 18.900768028492973 5.800000000000001
      vertex 33.94256487903636 19.00026884056068 5.800000000000001
    endloop
  endfacet
  facet normal -0.9609173219451073 0.2768355114248225 0
    outer loop
      vertex 33.97050500272247 19.097251155759647 4.300000000000001
      vertex 33.94256487903636 19.00026884056068 5.800000000000001
      vertex 33.97050500272247 19.097251155759647 5.800000000000001
    endloop
  endfacet
  facet normal -0.9238795325112884 0.3826834323650858 0
    outer loop
      vertex 34.00912801888782 19.1904953652058 4.300000000000001
      vertex 33.97050500272247 19.097251155759647 5.800000000000001
      vertex 34.00912801888782 19.1904953652058 5.800000000000001
    endloop
  endfacet
  facet normal -0.8752234219087657 0.4837188871052182 0
    outer loop
      vertex 34.05794822069454 19.2788288688638 4.300000000000001
      vertex 34.00912801888782 19.1904953652058 5.800000000000001
      vertex 34.05794822069454 19.2788288688638 5.800000000000001
    endloop
  endfacet
  facet normal -0.8155608689592503 -0.5786712961798196 0
    outer loop
      vertex 34.05794822069454 18.321171131136193 4.300000000000001
      vertex 34.11635166577877 18.238859178327136 5.800000000000001
      vertex 34.05794822069454 18.321171131136193 5.800000000000001
    endloop
  endfacet
  facet normal -0.8155608689592503 0.5786712961798196 0
    outer loop
      vertex 34.11635166577877 19.36114082167286 4.300000000000001
      vertex 34.05794822069454 19.2788288688638 5.800000000000001
      vertex 34.11635166577877 19.36114082167286 5.800000000000001
    endloop
  endfacet
  facet normal -0.7456421648831616 0.6663465779520086 0
    outer loop
      vertex 34.183603896932105 19.43639610306789 4.300000000000001
      vertex 34.11635166577877 19.36114082167286 5.800000000000001
      vertex 34.183603896932105 19.43639610306789 5.800000000000001
    endloop
  endfacet
  facet normal -0.6663465779519931 0.7456421648831753 0
    outer loop
      vertex 34.25885917832714 19.503648334221225 4.300000000000001
      vertex 34.183603896932105 19.43639610306789 5.800000000000001
      vertex 34.25885917832714 19.503648334221225 5.800000000000001
    endloop
  endfacet
  facet normal -0.5786712961797962 0.8155608689592668 0
    outer loop
      vertex 34.3411711311362 19.562051779305452 4.300000000000001
      vertex 34.25885917832714 19.503648334221225 5.800000000000001
      vertex 34.3411711311362 19.562051779305452 5.800000000000001
    endloop
  endfacet
  facet normal -0.48371888710526006 0.8752234219087425 0
    outer loop
      vertex 34.4295046347942 19.610871981112176 4.300000000000001
      vertex 34.3411711311362 19.562051779305452 5.800000000000001
      vertex 34.4295046347942 19.610871981112176 5.800000000000001
    endloop
  endfacet
  facet normal -0.3826834323650982 0.9238795325112832 0
    outer loop
      vertex 34.52274884424035 19.64949499727753 4.300000000000001
      vertex 34.4295046347942 19.610871981112176 5.800000000000001
      vertex 34.52274884424035 19.64949499727753 5.800000000000001
    endloop
  endfacet
  facet normal -0.2768355114248457 0.9609173219451007 0
    outer loop
      vertex 34.61973115943932 19.67743512096364 4.300000000000001
      vertex 34.52274884424035 19.64949499727753 5.800000000000001
      vertex 34.61973115943932 19.67743512096364 5.800000000000001
    endloop
  endfacet
  facet normal -0.16750622330471013 0.9858710185182403 0
    outer loop
      vertex 34.71923197150702 19.694340988903914 4.300000000000001
      vertex 34.61973115943932 19.67743512096364 5.800000000000001
      vertex 34.71923197150702 19.694340988903914 5.800000000000001
    endloop
  endfacet
  facet normal -0.05607044723719303 0.9984268150178165 0
    outer loop
      vertex 34.82 19.699999999999996 4.300000000000001
      vertex 34.71923197150702 19.694340988903914 5.800000000000001
      vertex 34.82 19.699999999999996 5.800000000000001
    endloop
  endfacet
  facet normal 0.05607044723719303 0.9984268150178165 0
    outer loop
      vertex 34.92076802849298 19.694340988903914 4.300000000000001
      vertex 34.82 19.699999999999996 5.800000000000001
      vertex 34.92076802849298 19.694340988903914 5.800000000000001
    endloop
  endfacet
  facet normal 0.16750622330471013 0.9858710185182403 0
    outer loop
      vertex 35.02026884056068 19.67743512096364 4.300000000000001
      vertex 34.92076802849298 19.694340988903914 5.800000000000001
      vertex 35.02026884056068 19.67743512096364 5.800000000000001
    endloop
  endfacet
  facet normal 0.2768355114248457 0.9609173219451007 0
    outer loop
      vertex 35.117251155759654 19.64949499727753 4.300000000000001
      vertex 35.02026884056068 19.67743512096364 5.800000000000001
      vertex 35.117251155759654 19.64949499727753 5.800000000000001
    endloop
  endfacet
  facet normal 0.3826834323650982 0.9238795325112832 0
    outer loop
      vertex 35.2104953652058 19.610871981112176 4.300000000000001
      vertex 35.117251155759654 19.64949499727753 5.800000000000001
      vertex 35.2104953652058 19.610871981112176 5.800000000000001
    endloop
  endfacet
  facet normal 0.48371888710526006 0.8752234219087425 0
    outer loop
      vertex 35.2988288688638 19.562051779305452 4.300000000000001
      vertex 35.2104953652058 19.610871981112176 5.800000000000001
      vertex 35.2988288688638 19.562051779305452 5.800000000000001
    endloop
  endfacet
  facet normal 0 0 1
    outer loop
      vertex 33.97050500272247 18.502748844240347 5.800000000000001
      vertex 33.94256487903636 19.00026884056068 5.800000000000001
      vertex 33.94256487903636 18.599731159439315 5.800000000000001
    endloop
  endfacet
  facet normal 0 0 1
    outer loop
      vertex 33.97050500272247 18.502748844240347 5.800000000000001
      vertex 34.00912801888782 18.409504634794196 5.800000000000001
      vertex 33.97050500272247 19.097251155759647 5.800000000000001
    endloop
  endfacet
  facet normal 0 0 1
    outer loop
      vertex 34.05794822069454 18.321171131136193 5.800000000000001
      vertex 34.00912801888782 19.1904953652058 5.800000000000001
      vertex 34.00912801888782 18.409504634794196 5.800000000000001
    endloop
  endfacet
  facet normal 0 0 1
    outer loop
      vertex 33.94256487903636 18.599731159439315 5.800000000000001
      vertex 33.92565901109608 18.900768028492973 5.800000000000001
      vertex 33.92565901109608 18.69923197150702 5.800000000000001
    endloop
  endfacet
  facet normal 0 0 1
    outer loop
      vertex 33.92565901109608 18.69923197150702 5.800000000000001
      vertex 33.92565901109608 18.900768028492973 5.800000000000001
      vertex 33.92 18.799999999999997 5.800000000000001
    endloop
  endfacet
  facet normal 0 0 1
    outer loop
      vertex 33.94256487903636 18.599731159439315 5.800000000000001
      vertex 33.94256487903636 19.00026884056068 5.800000000000001
      vertex 33.92565901109608 18.900768028492973 5.800000000000001
    endloop
  endfacet
  facet normal 0 0 1
    outer loop
      vertex 33.97050500272247 18.502748844240347 5.800000000000001
      vertex 33.97050500272247 19.097251155759647 5.800000000000001
      vertex 33.94256487903636 19.00026884056068 5.800000000000001
    endloop
  endfacet
  facet normal 0 0 1
    outer loop
      vertex 34.00912801888782 18.409504634794196 5.800000000000001
      vertex 34.00912801888782 19.1904953652058 5.800000000000001
      vertex 33.97050500272247 19.097251155759647 5.800000000000001
    endloop
  endfacet
  facet normal 0 0 1
    outer loop
      vertex 34.05794822069454 18.321171131136193 5.800000000000001
      vertex 34.05794822069454 19.2788288688638 5.800000000000001
      vertex 34.00912801888782 19.1904953652058 5.800000000000001
    endloop
  endfacet
  facet normal 0 0 1
    outer loop
      vertex 34.11635166577877 18.238859178327136 5.800000000000001
      vertex 34.05794822069454 19.2788288688638 5.800000000000001
      vertex 34.05794822069454 18.321171131136193 5.800000000000001
    endloop
  endfacet
  facet normal 0 0 1
    outer loop
      vertex 34.11635166577877 18.238859178327136 5.800000000000001
      vertex 34.183603896932105 18.163603896932106 5.800000000000001
      vertex 34.11635166577877 19.36114082167286 5.800000000000001
    endloop
  endfacet
  facet normal 0 0 1
    outer loop
      vertex 34.25885917832714 18.09635166577877 5.800000000000001
      vertex 34.183603896932105 19.43639610306789 5.800000000000001
      vertex 34.183603896932105 18.163603896932106 5.800000000000001
    endloop
  endfacet
  facet normal 0 0 1
    outer loop
      vertex 34.3411711311362 18.037948220694542 5.800000000000001
      vertex 34.4295046347942 17.98912801888782 5.800000000000001
      vertex 34.3411711311362 19.562051779305452 5.800000000000001
    endloop
  endfacet
  facet normal 0 0 1
    outer loop
      vertex 34.25885917832714 18.09635166577877 5.800000000000001
      vertex 34.3411711311362 18.037948220694542 5.800000000000001
      vertex 34.25885917832714 19.503648334221225 5.800000000000001
    endloop
  endfacet
  facet normal 0 0 1
    outer loop
      vertex 34.52274884424035 17.950505002722466 5.800000000000001
      vertex 34.4295046347942 19.610871981112176 5.800000000000001
      vertex 34.4295046347942 17.98912801888782 5.800000000000001
    endloop
  endfacet
  facet normal 0 0 1
    outer loop
      vertex 34.52274884424035 17.950505002722466 5.800000000000001
      vertex 34.61973115943932 17.922564879036354 5.800000000000001
      vertex 34.52274884424035 19.64949499727753 5.800000000000001
    endloop
  endfacet
  facet normal 0 0 1
    outer loop
      vertex 34.61973115943932 17.922564879036354 5.800000000000001
      vertex 34.71923197150702 17.90565901109608 5.800000000000001
      vertex 34.61973115943932 19.67743512096364 5.800000000000001
    endloop
  endfacet
  facet normal 0 0 1
    outer loop
      vertex 34.11635166577877 18.238859178327136 5.800000000000001
      vertex 34.11635166577877 19.36114082167286 5.800000000000001
      vertex 34.05794822069454 19.2788288688638 5.800000000000001
    endloop
  endfacet
  facet normal 0 0 1
    outer loop
      vertex 34.183603896932105 18.163603896932106 5.800000000000001
      vertex 34.183603896932105 19.43639610306789 5.800000000000001
      vertex 34.11635166577877 19.36114082167286 5.800000000000001
    endloop
  endfacet
  facet normal 0 0 1
    outer loop
      vertex 34.71923197150702 17.90565901109608 5.800000000000001
      vertex 34.82 17.9 5.800000000000001
      vertex 34.71923197150702 19.694340988903914 5.800000000000001
    endloop
  endfacet
  facet normal 0 0 1
    outer loop
      vertex 34.82 17.9 5.800000000000001
      vertex 34.92076802849298 17.90565901109608 5.800000000000001
      vertex 34.82 19.699999999999996 5.800000000000001
    endloop
  endfacet
  facet normal 0 0 1
    outer loop
      vertex 34.92076802849298 17.90565901109608 5.800000000000001
      vertex 35.02026884056068 17.922564879036354 5.800000000000001
      vertex 34.92076802849298 19.694340988903914 5.800000000000001
    endloop
  endfacet
  facet normal 0 0 1
    outer loop
      vertex 35.02026884056068 17.922564879036354 5.800000000000001
      vertex 35.117251155759654 17.950505002722466 5.800000000000001
      vertex 35.02026884056068 19.67743512096364 5.800000000000001
    endloop
  endfacet
  facet normal 0 0 1
    outer loop
      vertex 35.117251155759654 17.950505002722466 5.800000000000001
      vertex 35.2104953652058 17.98912801888782 5.800000000000001
      vertex 35.117251155759654 19.64949499727753 5.800000000000001
    endloop
  endfacet
  facet normal 0 0 1
    outer loop
      vertex 35.2104953652058 17.98912801888782 5.800000000000001
      vertex 35.2988288688638 18.037948220694542 5.800000000000001
      vertex 35.2104953652058 19.610871981112176 5.800000000000001
    endloop
  endfacet
  facet normal 0 0 1
    outer loop
      vertex 34.25885917832714 18.09635166577877 5.800000000000001
      vertex 34.25885917832714 19.503648334221225 5.800000000000001
      vertex 34.183603896932105 19.43639610306789 5.800000000000001
    endloop
  endfacet
  facet normal 0 0 1
    outer loop
      vertex 34.3411711311362 18.037948220694542 5.800000000000001
      vertex 34.3411711311362 19.562051779305452 5.800000000000001
      vertex 34.25885917832714 19.503648334221225 5.800000000000001
    endloop
  endfacet
  facet normal 0 0 1
    outer loop
      vertex 34.4295046347942 17.98912801888782 5.800000000000001
      vertex 34.4295046347942 19.610871981112176 5.800000000000001
      vertex 34.3411711311362 19.562051779305452 5.800000000000001
    endloop
  endfacet
  facet normal 0 0 1
    outer loop
      vertex 34.52274884424035 17.950505002722466 5.800000000000001
      vertex 34.52274884424035 19.64949499727753 5.800000000000001
      vertex 34.4295046347942 19.610871981112176 5.800000000000001
    endloop
  endfacet
  facet normal 0 0 1
    outer loop
      vertex 34.61973115943932 17.922564879036354 5.800000000000001
      vertex 34.61973115943932 19.67743512096364 5.800000000000001
      vertex 34.52274884424035 19.64949499727753 5.800000000000001
    endloop
  endfacet
  facet normal 0 0 1
    outer loop
      vertex 34.71923197150702 17.90565901109608 5.800000000000001
      vertex 34.71923197150702 19.694340988903914 5.800000000000001
      vertex 34.61973115943932 19.67743512096364 5.800000000000001
    endloop
  endfacet
  facet normal 0 0 1
    outer loop
      vertex 34.82 17.9 5.800000000000001
      vertex 34.82 19.699999999999996 5.800000000000001
      vertex 34.71923197150702 19.694340988903914 5.800000000000001
    endloop
  endfacet
  facet normal 0 0 1
    outer loop
      vertex 34.92076802849298 17.90565901109608 5.800000000000001
      vertex 34.92076802849298 19.694340988903914 5.800000000000001
      vertex 34.82 19.699999999999996 5.800000000000001
    endloop
  endfacet
  facet normal 0 0 1
    outer loop
      vertex 35.02026884056068 17.922564879036354 5.800000000000001
      vertex 35.02026884056068 19.67743512096364 5.800000000000001
      vertex 34.92076802849298 19.694340988903914 5.800000000000001
    endloop
  endfacet
  facet normal 0 0 1
    outer loop
      vertex 35.117251155759654 17.950505002722466 5.800000000000001
      vertex 35.117251155759654 19.64949499727753 5.800000000000001
      vertex 35.02026884056068 19.67743512096364 5.800000000000001
    endloop
  endfacet
  facet normal 0 0 1
    outer loop
      vertex 35.2104953652058 17.98912801888782 5.800000000000001
      vertex 35.2104953652058 19.610871981112176 5.800000000000001
      vertex 35.117251155759654 19.64949499727753 5.800000000000001
    endloop
  endfacet
  facet normal 0 0 1
    outer loop
      vertex 35.2988288688638 18.037948220694542 5.800000000000001
      vertex 35.2988288688638 19.562051779305452 5.800000000000001
      vertex 35.2104953652058 19.610871981112176 5.800000000000001
    endloop
  endfacet
  facet normal 0.8155608689592503 -0.5786712961798196 3.104023567168083e-19
    outer loop
      vertex 35.52364833422123 18.238859178327136 4.300000000000001
      vertex 35.58205177930546 18.321171131136193 4.300000000000001
      vertex 35.58205177930546 18.321171131136193 5.800000000000001
    endloop
  endfacet
  facet normal 0.8752234219087657 -0.4837188871052182 -1.7396310861070204e-18
    outer loop
      vertex 35.58205177930546 18.321171131136193 4.300000000000001
      vertex 35.63087198111218 18.409504634794196 4.300000000000001
      vertex 35.63087198111218 18.409504634794196 5.800000000000001
    endloop
  endfacet
  facet normal 0.9238795325112884 -0.3826834323650858 1.696723508696105e-19
    outer loop
      vertex 35.63087198111218 18.409504634794196 4.300000000000001
      vertex 35.66949499727753 18.502748844240347 4.300000000000001
      vertex 35.66949499727753 18.502748844240347 5.800000000000001
    endloop
  endfacet
  facet normal 0.9609173219451073 -0.2768355114248225 7.851937918390915e-19
    outer loop
      vertex 35.66949499727753 18.502748844240347 4.300000000000001
      vertex 35.69743512096364 18.599731159439315 4.300000000000001
      vertex 35.69743512096364 18.599731159439315 5.800000000000001
    endloop
  endfacet
  facet normal 0.9858710185182286 -0.16750622330477855 -6.693607338631448e-19
    outer loop
      vertex 35.69743512096364 18.599731159439315 4.300000000000001
      vertex 35.71434098890392 18.699231971507018 4.300000000000001
      vertex 35.71434098890392 18.699231971507018 5.800000000000001
    endloop
  endfacet
  facet normal 0.9984268150178185 -0.05607044723715794 -2.8743712463630285e-19
    outer loop
      vertex 35.71434098890392 18.699231971507018 4.300000000000001
      vertex 35.72 18.799999999999997 4.300000000000001
      vertex 35.72 18.799999999999997 5.800000000000001
    endloop
  endfacet
  facet normal 0.9984268150178183 0.056070447237159905 -1.1757109686712843e-19
    outer loop
      vertex 35.72 18.799999999999997 4.300000000000001
      vertex 35.71434098890392 18.900768028492973 4.300000000000001
      vertex 35.71434098890392 18.900768028492973 5.800000000000001
    endloop
  endfacet
  facet normal 0.9858710185182297 0.16750622330477274 0
    outer loop
      vertex 35.69743512096364 19.00026884056068 4.300000000000001
      vertex 35.69743512096364 19.00026884056068 5.800000000000001
      vertex 35.71434098890392 18.900768028492973 4.300000000000001
    endloop
  endfacet
  facet normal 0.8752234219087657 0.4837188871052182 1.7396310861070204e-18
    outer loop
      vertex 35.63087198111218 19.1904953652058 4.300000000000001
      vertex 35.58205177930546 19.2788288688638 4.300000000000001
      vertex 35.58205177930546 19.2788288688638 5.800000000000001
    endloop
  endfacet
  facet normal 0.8155608689592503 0.5786712961798196 -3.104023567168083e-19
    outer loop
      vertex 35.58205177930546 19.2788288688638 4.300000000000001
      vertex 35.52364833422123 19.36114082167286 4.300000000000001
      vertex 35.52364833422123 19.36114082167286 5.800000000000001
    endloop
  endfacet
  facet normal 0.9609173219451073 0.2768355114248225 -7.851937918390915e-19
    outer loop
      vertex 35.69743512096364 19.00026884056068 4.300000000000001
      vertex 35.66949499727753 19.097251155759647 4.300000000000001
      vertex 35.66949499727753 19.097251155759647 5.800000000000001
    endloop
  endfacet
  facet normal 0.9238795325112884 0.3826834323650858 -1.696723508696105e-19
    outer loop
      vertex 35.66949499727753 19.097251155759647 4.300000000000001
      vertex 35.63087198111218 19.1904953652058 4.300000000000001
      vertex 35.63087198111218 19.1904953652058 5.800000000000001
    endloop
  endfacet
  facet normal 0.7456421648831616 0.6663465779520086 -7.786389127306531e-19
    outer loop
      vertex 35.52364833422123 19.36114082167286 4.300000000000001
      vertex 35.456396103067895 19.43639610306789 4.300000000000001
      vertex 35.456396103067895 19.43639610306789 5.800000000000001
    endloop
  endfacet
  facet normal 0.6663465779519931 0.7456421648831753 0
    outer loop
      vertex 35.38114082167286 19.503648334221225 4.300000000000001
      vertex 35.38114082167286 19.503648334221225 5.800000000000001
      vertex 35.456396103067895 19.43639610306789 4.300000000000001
    endloop
  endfacet
  facet normal 0.5786712961797962 0.8155608689592668 0
    outer loop
      vertex 35.2988288688638 19.562051779305452 4.300000000000001
      vertex 35.2988288688638 19.562051779305452 5.800000000000001
      vertex 35.38114082167286 19.503648334221225 4.300000000000001
    endloop
  endfacet
  facet normal 0.8155608689592503 -0.5786712961798196 0
    outer loop
      vertex 35.52364833422123 18.238859178327136 4.300000000000001
      vertex 35.58205177930546 18.321171131136193 5.800000000000001
      vertex 35.52364833422123 18.238859178327136 5.800000000000001
    endloop
  endfacet
  facet normal 0.8752234219087657 -0.4837188871052182 0
    outer loop
      vertex 35.58205177930546 18.321171131136193 4.300000000000001
      vertex 35.63087198111218 18.409504634794196 5.800000000000001
      vertex 35.58205177930546 18.321171131136193 5.800000000000001
    endloop
  endfacet
  facet normal 0.9238795325112884 -0.3826834323650858 0
    outer loop
      vertex 35.63087198111218 18.409504634794196 4.300000000000001
      vertex 35.66949499727753 18.502748844240347 5.800000000000001
      vertex 35.63087198111218 18.409504634794196 5.800000000000001
    endloop
  endfacet
  facet normal 0.9609173219451073 -0.2768355114248225 0
    outer loop
      vertex 35.66949499727753 18.502748844240347 4.300000000000001
      vertex 35.69743512096364 18.599731159439315 5.800000000000001
      vertex 35.66949499727753 18.502748844240347 5.800000000000001
    endloop
  endfacet
  facet normal 0.9858710185182286 -0.16750622330477855 0
    outer loop
      vertex 35.69743512096364 18.599731159439315 4.300000000000001
      vertex 35.71434098890392 18.699231971507018 5.800000000000001
      vertex 35.69743512096364 18.599731159439315 5.800000000000001
    endloop
  endfacet
  facet normal 0.9984268150178185 -0.05607044723715794 0
    outer loop
      vertex 35.71434098890392 18.699231971507018 4.300000000000001
      vertex 35.72 18.799999999999997 5.800000000000001
      vertex 35.71434098890392 18.699231971507018 5.800000000000001
    endloop
  endfacet
  facet normal 0.9984268150178183 0.056070447237159905 0
    outer loop
      vertex 35.72 18.799999999999997 4.300000000000001
      vertex 35.71434098890392 18.900768028492973 5.800000000000001
      vertex 35.72 18.799999999999997 5.800000000000001
    endloop
  endfacet
  facet normal 0.9858710185182297 0.16750622330477274 0
    outer loop
      vertex 35.71434098890392 18.900768028492973 4.300000000000001
      vertex 35.69743512096364 19.00026884056068 5.800000000000001
      vertex 35.71434098890392 18.900768028492973 5.800000000000001
    endloop
  endfacet
  facet normal 0.8752234219087657 0.4837188871052182 0
    outer loop
      vertex 35.63087198111218 19.1904953652058 4.300000000000001
      vertex 35.58205177930546 19.2788288688638 5.800000000000001
      vertex 35.63087198111218 19.1904953652058 5.800000000000001
    endloop
  endfacet
  facet normal 0.7456421648831616 0.6663465779520086 0
    outer loop
      vertex 35.52364833422123 19.36114082167286 4.300000000000001
      vertex 35.456396103067895 19.43639610306789 5.800000000000001
      vertex 35.52364833422123 19.36114082167286 5.800000000000001
    endloop
  endfacet
  facet normal 0.8155608689592503 0.5786712961798196 0
    outer loop
      vertex 35.58205177930546 19.2788288688638 4.300000000000001
      vertex 35.52364833422123 19.36114082167286 5.800000000000001
      vertex 35.58205177930546 19.2788288688638 5.800000000000001
    endloop
  endfacet
  facet normal 0.9609173219451073 0.2768355114248225 0
    outer loop
      vertex 35.69743512096364 19.00026884056068 4.300000000000001
      vertex 35.66949499727753 19.097251155759647 5.800000000000001
      vertex 35.69743512096364 19.00026884056068 5.800000000000001
    endloop
  endfacet
  facet normal 0.9238795325112884 0.3826834323650858 0
    outer loop
      vertex 35.66949499727753 19.097251155759647 4.300000000000001
      vertex 35.63087198111218 19.1904953652058 5.800000000000001
      vertex 35.66949499727753 19.097251155759647 5.800000000000001
    endloop
  endfacet
  facet normal 0.6663465779519931 0.7456421648831753 0
    outer loop
      vertex 35.456396103067895 19.43639610306789 4.300000000000001
      vertex 35.38114082167286 19.503648334221225 5.800000000000001
      vertex 35.456396103067895 19.43639610306789 5.800000000000001
    endloop
  endfacet
  facet normal 0.5786712961797962 0.8155608689592668 0
    outer loop
      vertex 35.38114082167286 19.503648334221225 4.300000000000001
      vertex 35.2988288688638 19.562051779305452 5.800000000000001
      vertex 35.38114082167286 19.503648334221225 5.800000000000001
    endloop
  endfacet
  facet normal 0 0 1
    outer loop
      vertex 35.2988288688638 18.037948220694542 5.800000000000001
      vertex 35.38114082167286 18.09635166577877 5.800000000000001
      vertex 35.2988288688638 19.562051779305452 5.800000000000001
    endloop
  endfacet
  facet normal 0 0 1
    outer loop
      vertex 35.38114082167286 18.09635166577877 5.800000000000001
      vertex 35.456396103067895 18.163603896932106 5.800000000000001
      vertex 35.38114082167286 19.503648334221225 5.800000000000001
    endloop
  endfacet
  facet normal 0 0 1
    outer loop
      vertex 35.456396103067895 18.163603896932106 5.800000000000001
      vertex 35.52364833422123 18.238859178327136 5.800000000000001
      vertex 35.456396103067895 19.43639610306789 5.800000000000001
    endloop
  endfacet
  facet normal 0 0 1
    outer loop
      vertex 35.52364833422123 18.238859178327136 5.800000000000001
      vertex 35.58205177930546 18.321171131136193 5.800000000000001
      vertex 35.52364833422123 19.36114082167286 5.800000000000001
    endloop
  endfacet
  facet normal 0 0 1
    outer loop
      vertex 35.58205177930546 18.321171131136193 5.800000000000001
      vertex 35.63087198111218 18.409504634794196 5.800000000000001
      vertex 35.58205177930546 19.2788288688638 5.800000000000001
    endloop
  endfacet
  facet normal 0 0 1
    outer loop
      vertex 35.63087198111218 18.409504634794196 5.800000000000001
      vertex 35.63087198111218 19.1904953652058 5.800000000000001
      vertex 35.58205177930546 19.2788288688638 5.800000000000001
    endloop
  endfacet
  facet normal 0 0 1
    outer loop
      vertex 35.58205177930546 18.321171131136193 5.800000000000001
      vertex 35.58205177930546 19.2788288688638 5.800000000000001
      vertex 35.52364833422123 19.36114082167286 5.800000000000001
    endloop
  endfacet
  facet normal 0 0 1
    outer loop
      vertex 35.63087198111218 18.409504634794196 5.800000000000001
      vertex 35.66949499727753 18.502748844240347 5.800000000000001
      vertex 35.63087198111218 19.1904953652058 5.800000000000001
    endloop
  endfacet
  facet normal 0 0 1
    outer loop
      vertex 35.66949499727753 18.502748844240347 5.800000000000001
      vertex 35.69743512096364 18.599731159439315 5.800000000000001
      vertex 35.66949499727753 19.097251155759647 5.800000000000001
    endloop
  endfacet
  facet normal 0 0 1
    outer loop
      vertex 35.69743512096364 18.599731159439315 5.800000000000001
      vertex 35.71434098890392 18.699231971507018 5.800000000000001
      vertex 35.69743512096364 19.00026884056068 5.800000000000001
    endloop
  endfacet
  facet normal 0 0 1
    outer loop
      vertex 35.71434098890392 18.699231971507018 5.800000000000001
      vertex 35.72 18.799999999999997 5.800000000000001
      vertex 35.71434098890392 18.900768028492973 5.800000000000001
    endloop
  endfacet
  facet normal 0 0 1
    outer loop
      vertex 35.71434098890392 18.699231971507018 5.800000000000001
      vertex 35.71434098890392 18.900768028492973 5.800000000000001
      vertex 35.69743512096364 19.00026884056068 5.800000000000001
    endloop
  endfacet
  facet normal 0 0 1
    outer loop
      vertex 35.69743512096364 18.599731159439315 5.800000000000001
      vertex 35.69743512096364 19.00026884056068 5.800000000000001
      vertex 35.66949499727753 19.097251155759647 5.800000000000001
    endloop
  endfacet
  facet normal 0 0 1
    outer loop
      vertex 35.66949499727753 18.502748844240347 5.800000000000001
      vertex 35.66949499727753 19.097251155759647 5.800000000000001
      vertex 35.63087198111218 19.1904953652058 5.800000000000001
    endloop
  endfacet
  facet normal 0 0 1
    outer loop
      vertex 35.38114082167286 18.09635166577877 5.800000000000001
      vertex 35.38114082167286 19.503648334221225 5.800000000000001
      vertex 35.2988288688638 19.562051779305452 5.800000000000001
    endloop
  endfacet
  facet normal 0 0 1
    outer loop
      vertex 35.456396103067895 18.163603896932106 5.800000000000001
      vertex 35.456396103067895 19.43639610306789 5.800000000000001
      vertex 35.38114082167286 19.503648334221225 5.800000000000001
    endloop
  endfacet
  facet normal 0 0 1
    outer loop
      vertex 35.52364833422123 18.238859178327136 5.800000000000001
      vertex 35.52364833422123 19.36114082167286 5.800000000000001
      vertex 35.456396103067895 19.43639610306789 5.800000000000001
    endloop
  endfacet
endsolid OpenSCAD_Model
